MrWork Finance	#Vacature: Bedrijfseconometrist in Tilburg bij CZ Verzekeringen: http://t.co/K41OfSIGC5 #IT #insurance #vacature	Mon Apr 14 11:43:02 +0000 2014
MrWork Medisch	#Vacature: Manager Verpleging en Verzorging in Goes bij CZ.: http://t.co/Oxr2kLiW1P #insurance	Fri May 23 14:19:36 +0000 2014
InsuranceSharer	RT @MrWorkNl: #Vacature: Service Delivery Manager in Eindhoven bij Coöperatie DELA: http://t.co/m8raWhTsJh #insurance #ITmanagement	Sun Aug 24 13:24:31 +0000 2014
MrWork	Medisch Adviseur gezocht bij CZ. (Tilburg): http://t.co/sziXhGyOhV #insurance #vacature	Wed Apr 02 05:33:12 +0000 2014
MrWork	CZ. is op zoek naar een Medisch Adviseur (Tilburg): http://t.co/W97zogRYHo #vacature #zorg #insurance #verzekering #welzijn	Thu Apr 10 20:06:18 +0000 2014
MrWork	Procesondersteuner Autorisatiebeheer gezocht bij CZ. (Tilburg): http://t.co/cVmczWfnLJ #ITbeheer #insurance #IT #vacature #ICT	Thu May 08 19:08:52 +0000 2014
MrWork	#Vacature: Service Delivery Manager in Eindhoven bij Coöperatie DELA: http://t.co/AnCNLn0vfl #ITdevelopment #insurance #ontwikkelaar	Thu Aug 28 19:56:52 +0000 2014
MrWork	#Vacature: Hypotheekadviseur New Business (Retail / Mees Pierson) gezocht bij ABN AMRO in Amsterdam: http://t.co/wINJCTG5yJ #insurance	Wed Jan 15 13:37:02 +0000 2014
PagePersonnelBEJobs	heeft een #vacature Dossierbeheerder verzekeringen  #insurance http://t.co/It9srZYOAy	Tue Feb 18 11:32:00 +0000 2014
PagePersonnel BEJobs	heeft een #vacature Receptionist  #insurance http://t.co/qxt8KhwpHf	Tue Mar 18 19:33:01 +0000 2014
MrWork	#Vacature: Medior Auditor bij CZ. (Tilburg): http://t.co/xpdrAOP2Cy #insurance #financieel #vacature #verzekering	Sat May 03 06:22:24 +0000 2014
MrWork Finance	#Vacature: Adviseur Advieslijn Hypotheken ABN AMRO gezocht bij ABN AMRO in Amsterdam: http://t.co/XWRM6PCHXx #vacature #insurance	Fri Feb 14 08:36:10 +0000 2014
PagePersonnel BEJobs	heeft een #vacature Product manager gewaarborgd inkomen  #insurance http://t.co/0Dvpn67CoN	Fri Mar 07 12:38:47 +0000 2014
MrWork Sales	Relatiebeheerder in Nieuwegein gezocht bij Movir: http://t.co/OBcTtGY5OD #verzekering #insurance #commercieel #vacature #sales #verkoop	Fri Aug 22 05:02:21 +0000 2014
STORM in Finance	STORM Financial Recruitment is op zoek naar de beste Accountmanager Intermediair voor een verzekeraar! #Randstad #B2B #Insurance #vacature	Wed Feb 05 22:45:18 +0000 2014
MrWork	#Vacature: Procesverbeteraar Debiteurenbeheer bij CZ in Sittard: http://t.co/c8JwMJmudL #vacature #insurance	Sun Jun 29 06:34:31 +0000 2014
MrWork Management	#Vacature: Teammanager gezocht bij Coöperatie DELA (Eindhoven): http://t.co/xfoLjAUpXG #vacature #insurance	Thu Aug 07 19:34:31 +0000 2014
Arie Blokland	Ben jij consultant en expert in #DCX? Kom ons #Insurance -DCX team versterken! #vacature http://t.co/kz6Ah4OCDQ	Mon Sep 22 17:28:27 +0000 2014
MrWork	#Vacature: Adviseur Advieslijn Hypotheken ABN AMRO bij ABN AMRO in Amsterdam: http://t.co/nFaFr5OtiS #verzekering #insurance	Sun Feb 16 07:19:07 +0000 2014
MrWork ICT	Business Intelligence Specialist gezocht bij CZ. (Tilburg): http://t.co/PVIbywJVH2 #vacature #insurance	Thu May 08 08:15:07 +0000 2014
MrWork_ITbeheer	#Vacature: Procesondersteuner Autorisatiebeheer in Tilburg bij CZ.: http://t.co/KifsIXNosK #vacature #insurance #verzekering #ITbeheer	Sat May 17 08:16:56 +0000 2014
MrWork	#Vacature: Actuarieel Medewerker bij BNP Paribas Cardif in Oosterhout bij Mercuri Urval: http://t.co/ZAoDcyC3Xj #verzekering #insurance	Sat May 17 19:07:03 +0000 2014
MrWork	Online Productspecialist (zorg)verzekeringen gezocht bij PrizeWize in Amsterdam: http://t.co/yJg1eU8JVG #insurance #vacature #banking	Sat May 24 08:10:08 +0000 2014
PagePersonnel BEJobs	heeft een #vacature Parttime (50%) customer care agent  #insurance http://t.co/REeFySEGX3	Wed Feb 19 19:32:59 +0000 2014
MrWork Finance	Mercuri Urval zoekt een Actuarieel Medewerker bij BNP Paribas Cardif in Oosterhout: http://t.co/yNrjtvrKba #insurance #banking #vacature	Sat May 10 07:24:20 +0000 2014
MrWork	#Vacature: Coöperatie DELA zoekt een Teammanager in Eindhoven: http://t.co/b7bLhqRDfN #vacature #insurance	Tue Aug 12 13:50:39 +0000 2014
Insurance4Homes 	RT @MrWork_ICT: #Vacature: Service Delivery Manager gezocht bij Coöperatie DELA in Eindhoven: http://t.co/z14OyewUNi #insurance	Wed Aug 27 05:40:52 +0000 2014
MrWork	#Vacature: Relatiebeheerder gezocht bij Movir (Nieuwegein): http://t.co/lkKjYnYQPI #verkoop #insurance	Wed Sep 17 11:43:55 +0000 2014
MrWork Finance	Hypotheekadviseur New Business (Retail / Mees Pierson) gezocht bij ABN AMRO in Amsterdam: http://t.co/wHO0mIZTi5 #insurance #vacature	Mon Jan 13 08:16:03 +0000 2014
George White	RT @IvoryStandard: #insurance #jobs  @AllAboutNJ Insurance Sales (Finance/Business): and ambitious entrepreneurs the op... http://t.co/LC1d…	Tue Apr 29 04:52:36 +0000 2014
MrWork	Procesverbeteraar Debiteurenbeheer in Sittard gezocht bij CZ: http://t.co/C8QCGpQ4Ws #vacature #insurance	Fri Jun 13 17:45:49 +0000 2014
Vacature Arnhem	#Vacature: Payment Factory Service Manager bij AkzoNobel (Arnhem): http://t.co/an0Sgd56MT #verzekering #insurance... https://t.co/EfeUvG46pT	Thu Jul 03 08:22:45 +0000 2014
MrWork ICT	#Vacature: Service Delivery Manager gezocht bij Coöperatie DELA in Eindhoven: http://t.co/z14OyewUNi #insurance	Wed Aug 27 05:08:52 +0000 2014
ateeq	RT @MrWorkNl: #Vacature: Adviseur Advieslijn Hypotheken ABN AMRO bij ABN AMRO (Amsterdam,Nijmegen): http://t.co/CEZQZXvfUZ #insurance #bank…	Thu Feb 20 14:05:21 +0000 2014
MrWork Finance	Medior Auditor gezocht bij CZ. in Tilburg: http://t.co/wxZFB1H4g2 #financieel #insurance #vacature	Wed May 07 04:30:44 +0000 2014
Evelien 	RT @MrWorkNl: #Vacature: Medior Auditor gezocht bij CZ. (Tilburg): http://t.co/lWmNigq94s #financieel #insurance	Sun May 11 21:56:59 +0000 2014
MrWork	#Baan: Manager Verpleging en Verzorging gezocht bij CZ. in Goes: http://t.co/5zqj2GNU20 #welzijn #insurance #vacature #zorg	Thu May 15 19:54:34 +0000 2014
MrWork	Projectmanager Webdevelopment gezocht bij PrizeWize in Amsterdam: http://t.co/JZTip79B9C #vacature #insurance #ITdeveloper #development	Wed Jul 02 12:23:02 +0000 2014
OJ Netherlands	Nieuwe uitdaging? Oliver James Associates is opzoek naar specialisten in de markt! http://t.co/oFyVgThCz2 #jobs #insurance #Consultant	Fri Apr 25 10:39:16 +0000 2014
MrWork Medisch	#Baan: Medisch Adviseur gezocht bij CZ. in Tilburg: http://t.co/GW26o3lv9O #verzekering #insurance #welzijn #vacature	Wed Apr 30 17:58:27 +0000 2014
MrWork	#Vacature: PrizeWize zoekt een Online Productspecialist (zorg)verzekeringen in Amsterdam: http://t.co/Ut6M1nTY6a #insurance #banking	Fri May 30 18:13:10 +0000 2014
PagePersonnel BEJobs	heeft een #vacature Schadebeheerder b2b  #insurance http://t.co/pmdB5Oo2e5	Fri Mar 14 15:36:51 +0000 2014
Farmers Jobs	Technical OP &amp; Cloud Services Engineer, in #Schaumburg, #IL #jobs #insurance http://t.co/UY7YoTiOwb	Sat Mar 15 19:01:47 +0000 2014
PagePersonnel BEJobs	heeft een #vacature Internal sales  #insurance http://t.co/oTiPTMNuPT	Wed Apr 16 14:39:36 +0000 2014
MrWork ICT	#Vacature: Bedrijfseconometrist bij CZ Verzekeringen in Tilburg: http://t.co/ZNGmk3FOxN #insurance #ITconsultancy #ICT #verzekering #IT	Thu Apr 24 14:14:24 +0000 2014
MrWork Medisch	#Vacature: Medisch Adviseur bij CZ. in Tilburg: http://t.co/jBoUT6LTvt #vacature #verzekering #welzijn #insurance #zorg	Wed May 07 04:40:26 +0000 2014
MrWork	Business Intelligence Specialist gezocht bij CZ. in Tilburg: http://t.co/UaA80euXfR #IT #vacature #ICT #insurance #systeembeheer	Wed May 21 12:31:17 +0000 2014
InsuranceSharer	RT @MrWork_ICT: #Vacature: Service Delivery Manager gezocht bij Coöperatie DELA in Eindhoven: http://t.co/z14OyewUNi #insurance	Wed Aug 27 05:33:29 +0000 2014
MrWork Management	#Vacature: Demand manager gezocht bij Stater in Amersfoort: http://t.co/7pOOWWI00L #financieel #vacature #insurance #banking	Thu Sep 04 08:10:20 +0000 2014
MrWork Finance	ABN AMRO zoekt een Adviseur Advieslijn Hypotheken ABN AMRO in Amsterdam,Nijmegen: http://t.co/tej2sFaNRM #vacature #insurance	Tue Feb 18 15:18:16 +0000 2014
MrWork	ABN AMRO in Amsterdam,Nijmegen zoekt een Adviseur Advieslijn Hypotheken ABN AMRO: http://t.co/AFegQ7OiH8 #insurance #vacature #banking	Sat Feb 22 17:22:11 +0000 2014
MrWork	#Vacature: Service Delivery Manager in Eindhoven bij Coöperatie DELA: http://t.co/ozBQWYoim8 #developer #management #insurance #ICT	Fri Aug 15 16:33:47 +0000 2014
MrWork	#Vacature: Adviseur Advieslijn Hypotheken ABN AMRO in Amsterdam of Nijmegen bij ABN AMRO: http://t.co/BDsaJd1Qh1 #insurance #vacature	Fri Feb 07 17:32:04 +0000 2014
MrWork Finance	#Vacature: Actuarieel Medewerker bij BNP Paribas Cardif in Oosterhout bij Mercuri Urval: http://t.co/JPQ5diqK9k #insurance #banking	Sat May 03 16:21:18 +0000 2014
MrWork ICT	#Vacature: Business Intelligence Specialist bij CZ. in Tilburg: http://t.co/CHgr6rnUwJ #insurance #systeembeheer #verzekering #IT	Sun Jun 01 04:06:11 +0000 2014
MrWork Finance	Stater is op zoek naar een Demand manager in Amersfoort: http://t.co/af41LGGgSk #banking #vacature #financieel #insurance #verzekering	Thu Aug 28 17:59:44 +0000 2014
PagePersonnel BEJobs	heeft een #vacature Customer care agent verzekeringen  #insurance http://t.co/fUJujRoc2O	Wed Feb 19 19:32:59 +0000 2014
Jan	RT @MrWorkNl: #Vacature: Adviseur Advieslijn Hypotheken ABN AMRO bij ABN AMRO (Amsterdam,Nijmegen): http://t.co/CEZQZXvfUZ #insurance #bank…	Thu Feb 20 15:17:23 +0000 2014
MrWork Management	#Vacature: Demand manager gezocht bij Stater in Amersfoort: http://t.co/T4Qn1gNeIA #banking #insurance	Sun Aug 24 11:25:06 +0000 2014
MrWork Sales	#Vacature: Commercieel Medewerker bij Promovendum (Dordrecht): http://t.co/rLbOBLZc3D #commercieel #vacature #insurance	Mon Jun 23 21:45:21 +0000 2014
MrWork Finance	#Vacature: Stater zoekt een Demand manager in Amersfoort: http://t.co/Mx4Gm0xAw7 #banking #insurance #financieel	Tue Sep 02 04:41:40 +0000 2014
MrWork	#Vacature: Service Delivery Manager bij Coöperatie DELA in Eindhoven: http://t.co/VthV0hxQhf #insurance #ICT #vacature #verzekering	Tue Sep 02 08:38:50 +0000 2014
MrWork	#Vacature: Adviseur Advieslijn Hypotheken ABN AMRO in Amsterdam of Nijmegen bij ABN AMRO: http://t.co/9f9LGStJ5O #verzekering #insurance	Mon Feb 03 08:47:05 +0000 2014
MrWork ICT	Procesondersteuner Autorisatiebeheer in Tilburg gezocht bij CZ.: http://t.co/5qdJJWkBsV #verzekering #vacature #systeembeheer #insurance	Sat May 17 08:14:35 +0000 2014
MrWork	#Vacature: Projectmanager Webdevelopment in Amsterdam bij PrizeWize: http://t.co/hWSGLOtkBe #IT #ITdeveloper #insurance	Sun Jun 29 21:59:20 +0000 2014
George White	RT @MrWorkNl: Coöperatie DELA in Eindhoven zoekt een Manager E-business: http://t.co/aZlMPfDx5R #vacature #insurance #marketing	Thu Aug 07 12:22:08 +0000 2014
MrWork	#Vacature: Procesverbeteraar Debiteurenbeheer in Sittard bij CZ: http://t.co/q4AAA3H0cJ #vacature #insurance	Tue Jun 24 18:53:32 +0000 2014
MrWork	PrizeWize zoekt een Online Productspecialist (zorg)verzekeringen (Amsterdam): http://t.co/L0s1sZ60WY #vacature #verzekering #insurance	Wed May 28 14:52:05 +0000 2014
MrWork	#Vacature: Medisch Adviseur bij CZ. (Tilburg): http://t.co/fGqjCBrfJe #zorg #insurance #welzijn	Tue Apr 08 16:45:12 +0000 2014
MrWork Medisch	Medisch Adviseur gezocht bij CZ. in Tilburg: http://t.co/gIDSN767YF #vacature #insurance	Sat May 10 08:01:27 +0000 2014
Statera Jobs	Volg ons #vacaturenieuws ook op Facebook &gt; https://t.co/spWzjvv3g8 #Finance #RiskManagement #Banking #Insurance #AssetManagement #ITSecurity	Tue Jun 24 12:31:08 +0000 2014
Carla Krul	RT @MrWork_Manage: #Baan: Teammanager gezocht bij Coöperatie DELA in Eindhoven: http://t.co/DOJevUOeBs #insurance #vacature #verzekering	Sat Aug 16 15:01:17 +0000 2014
PagePersonnelBEJobs	heeft een #vacature Schadebeheerder verzekeringen  #insurance http://t.co/LfjeLmedlq	Tue Feb 18 11:32:00 +0000 2014
insurancecareer	Operations Manager - Rhode Island - AIPSO #insurancejobs #jobs http://t.co/hiM6DUN5iu	Fri May 02 16:55:13 +0000 2014
MrWork Management	Coöperatie DELA zoekt een Teammanager (Eindhoven): http://t.co/zEfDNVOdZw #verzekering #insurance #vacature	Thu Aug 14 11:37:31 +0000 2014
MrWork	#Vacature: Teammanager gezocht bij Coöperatie DELA in Eindhoven: http://t.co/Fy1uGwoFD7 #vacature #insurance	Thu Aug 14 17:11:41 +0000 2014
MrWork Management	#Vacature: Teammanager bij Coöperatie DELA (Eindhoven): http://t.co/W1rYpj7a4k #vacature #verzekering #insurance	Mon Aug 18 18:19:31 +0000 2014
Akkermans & Partners	Dringend op zoek naar verschillende EB-profielen voor opdrachten te Brussel en A'pen! Contacteer ons snel voor meer info #jobs #insurance	Mon Mar 17 17:44:48 +0000 2014
PagePersonnel BEJobs	heeft een #vacature Underwriter brand speciale risico's  #insurance http://t.co/rDWoDFkThl	Thu Mar 27 15:37:17 +0000 2014
MrWork Finance	#Vacature: Medior Auditor bij CZ. (Tilburg): http://t.co/xR7DeVRIyB #finance #insurance	Tue May 20 04:36:50 +0000 2014
MrWork	#Baan: Commercieel Medewerker gezocht bij Promovendum in Dordrecht: http://t.co/tPNUIRnEMi #insurance #sales #vacature #commercieel	Sun Jun 15 16:11:02 +0000 2014
MrWork Finance	Procesverbeteraar Debiteurenbeheer gezocht bij CZ in Sittard: http://t.co/G1NOPP5PZH #insurance #vacature	Thu Jun 26 04:44:34 +0000 2014
Farmers Jobs	Technical OP &amp; Cloud Services Engineer - Schaumburg, IL, in #Schaumburg, #IL #jobs #insurance http://t.co/7nrTuYp3c4	Wed Feb 19 20:01:31 +0000 2014
MrWork ICT	Business Intelligence Specialist gezocht bij CZ. in Tilburg: http://t.co/V0WaMhgJHa #systeembeheer #ICT #IT #vacature #insurance	Wed May 21 08:21:10 +0000 2014
Toptalentbanen.nl	SNS Bank in Utrecht zoekt een Financieel Medewerker Flexforce: http://t.co/5ToJFhYlaE #insurance #vacature #finance #financieel	Thu Jan 02 12:31:03 +0000 2014
MrWork	#Vacature: Hypotheekadviseur New Business (Retail / Mees Pierson) in Amsterdam bij ABN AMRO: http://t.co/ruw0vhJWyc #insurance #sales	Mon Jan 13 08:16:02 +0000 2014
MrWork	#Vacature: Hypotheekadviseur New Business (Retail / Mees Pierson) bij ABN AMRO (Amsterdam / Rotterdam): http://t.co/qF6wyUjMes #insurance	Thu Jan 23 16:06:03 +0000 2014
MrWork	#Vacature: Adviseur Advieslijn Hypotheken ABN AMRO bij ABN AMRO (Amsterdam,Nijmegen): http://t.co/CEZQZXvfUZ #insurance #banking	Thu Feb 20 14:01:16 +0000 2014
MrWork	CZ. in Goes zoekt een Manager Verpleging en Verzorging: http://t.co/dfJHuhVrtb #insurance #welzijn #vacature	Thu May 22 10:57:31 +0000 2014
MrWork	CZ. is op zoek naar een Medior Auditor in Tilburg: http://t.co/FTrG2vu2GG #financieel #vacature #banking #insurance	Thu May 22 19:17:23 +0000 2014
Radar Headhunters	Seeking #Office Manager in #Gatineau #Quebec for #insurance industry. http://t.co/Vo4Tcay7QP #jobs	Fri Feb 07 21:01:32 +0000 2014
MrWork_ITbeheer	Procesondersteuner Autorisatiebeheer gezocht bij CZ. in Tilburg: http://t.co/ydqpzHg72W #verzekering #ITbeheer #insurance #ICT #vacature	Mon Apr 28 08:10:56 +0000 2014
MrWork Medisch	CZ. in Goes zoekt een Manager Verpleging en Verzorging: http://t.co/2fseJLanMs #insurance #welzijn #vacature	Tue May 20 10:58:32 +0000 2014
MrWork	#Vacature: Commercieel Medewerker bij Promovendum (Dordrecht): http://t.co/QZNjL27icf #insurance #vacature	Thu Jun 26 17:00:47 +0000 2014
MrWork	PrizeWize zoekt een Projectmanager Webdevelopment (Amsterdam): http://t.co/fQ2YpzOgFN #management #insurance #vacature #development	Fri Jul 04 08:41:28 +0000 2014
Rini van Son	RT @MrWorkNl: CZ in Goes zoekt een Manager Verpleging &amp; Verzorging: http://t.co/mfflvfYNEG #insurance #buyer #vacature #welzijn	Tue Sep 16 06:00:49 +0000 2014
