Suzanne	RT @Trendy_woman: GEZOCHT: Customer service functie. 32-40 uur Een vaste aanstelling Omgeving Eindhoven #vacature #customerservice PLS retw…	Fri Jan 31 14:47:12 +0000 2014
Martijn	RT @Trendy_woman: GEZOCHT: Customer service functie. 32-40 uur Een vaste aanstelling Omgeving Eindhoven #vacature #customerservice PLS retw…	Fri Jan 31 11:20:46 +0000 2014
Customer Svc jobs	#jobs4u #jobs Assembly - Machine Op - Janitorial - Customer Service, [Huber Heights, #OH] http://t.co/KhM57BGRqp #customerservice	Sun Feb 16 13:19:11 +0000 2014
Secretaressepool	RT @FranziskaSzabo: Nog op zoek naar #customerservice mdw #sales NL E D F, Eindhoven. SAP en klantvriendelijk.  #vacature info@paonline.nl	Thu Mar 13 17:02:46 +0000 2014
RAM Mobile Data	#Vacature #Utrecht #CustomerService representative #fulltime #MBO met ervaring in 1ste lijns ondersteuning. Lees meer http://t.co/F63MG6ogi2	Thu May 08 06:49:14 +0000 2014
olympiazoetermeer	Mooie #baan als #customerservice medewerker bij semi-overheid organisatie. Iets voor jou? https://t.co/Z4iJD1dyS9 #vacature #klantenservice	Thu May 08 11:46:34 +0000 2014
CXPro, LLC	RT @NikkiMilouSimon: Werken in het #buitenland? We hebben een gave #vacature! http://t.co/S9Bf05lF5M #customerservice	Tue Aug 05 11:08:38 +0000 2014
The People Company 	#vacature: #customerservice medewerkers in de #Hoekschewaard gezocht! Beheersing #frans of #spaans? Kijk op http://t.co/lpSnHqgQtC	Thu May 01 10:40:26 +0000 2014
Berry Sprenkels 	Wil jij mijn collega worden? Check dan http://t.co/dVG1yrvZNH en solliciteer! #Vacature #customerservice #DigitalHero http://t.co/Kee3R7CN7m	Wed May 07 12:55:53 +0000 2014
Gilke Heylen	RT @BalNicky: Leuke #vacature als #CustomerServiceMedewerker te #Duffel. Interesse? Stuur je #cv naar cvmechelen@secretary-plus.be http://t…	Fri Sep 12 10:51:28 +0000 2014
CXPro, LLC	RT @ThePeopleComp: #Vacature #Zwolle 'Duitstalige' #customerservice medewerker gezocht!! Meer info op http://t.co/Cge7UQWC24 en laat een #s…	Thu Jan 09 09:35:54 +0000 2014
Pienk	#Vacature #CustomerService / #Medewerker #binnendienst gezocht in Haarlem, vaste baan, bij erg leuke organisatie! http://t.co/jDqLpakMuV	Mon Apr 07 13:55:05 +0000 2014
jobs4u	#jobsite  #jobsu Test Analyst for ONS http://t.co/nYHdjUusQS #customerservicejobs	Mon Jan 13 15:53:13 +0000 2014
Customer Svc jobs	#jobs4u #jobs Customer Service Rep / Key Op / Inside Sales, [Arvada, #CO] http://t.co/4WHCXcMyQK #customerservice	Fri May 09 04:06:24 +0000 2014
Witte Raven	Ik zie je graag... om meer info vragen over deze nieuwe #vacature #bejobs #ieper #electronics #customerservice http://t.co/tQkHXzFhvg	Fri Jul 04 10:12:52 +0000 2014
Danicque	Wij zoeken met spoed een #medewerker #consumentenservice !!RT of stuur een berichtje! #vacature #klantenservice #customerservice #zoektwerk	Tue Sep 23 09:13:42 +0000 2014
Xelfine	Was je #vakantie in Ierland zo leuk, dat je er wel wilt #werken? We hebben weer een gave #vacature! Spreek jij je talen? #customerservice	Fri Jul 25 07:51:18 +0000 2014
CXAlert	RT @Exactpi: Exactpi zoekt een #customerservice Medewerker met goede adviserende vaardigheden. http://t.co/MGn4luoXPJ #Vacature http://t.co…	Wed Dec 03 13:57:29 +0000 2014
Berry Sprenkels 	Wil jij mijn collega worden? Check ikbencustomerservicehero.nl en solliciteer! #Vacature #customerservice @EventlerNL http://t.co/JCbHhHBlO3	Wed May 07 13:38:25 +0000 2014
KLG Europe	KLG Europe - Eersel bv. Nieuwe #vacature online. Medewerker #CustomerService Key Account	Thu Aug 14 07:34:20 +0000 2014
Olympia Venray	Spreek jij vloeiend #Frans? Neem dan contact op voor een leuke #vacature! #Native #Franstalig #French #sales #customerservice	Mon Nov 24 10:05:38 +0000 2014
RAM Ritregistratie	#Vacature #CustomerService representative #Utrecht #fulltime #MBO #ervaring. 1ste lijns ondersteuning. Lees meer http://t.co/9y2JkoSRs0	Wed Apr 30 12:09:27 +0000 2014
Norbert van Engen	#vacature voor vestiging #mijdrecht #derondevenen Medewerker #customerservice #administratie bij Advisor #ICT Check: http://t.co/WRFHsNZG7j	Fri Sep 05 12:05:07 +0000 2014
Johan De Crée	RT @N_Allo: Word jij onze nieuwe Teamcoach? http://t.co/62JeGqZGDh #vacature #customerservice with a vision	Mon Nov 17 16:19:21 +0000 2014
RAM Mobile Data	#Vacature #Utrecht #CustomerService representative #fulltime #MBO met ervaring in 1ste lijns onderstuening. Lees meer http://t.co/F63MG6ogi2	Wed Apr 30 12:12:50 +0000 2014
Berry Sprenkels 	Wil jij mijn collega worden? Check http://t.co/l0PqSFFJq5 en solliciteer! #Vacature #customerservice @EventlerNL http://t.co/jfwBRNs0i5	Wed May 07 13:40:23 +0000 2014
Patricia Schaay	#vacature #jobs #HBO #customerservice #spijkenisse Lees er alles over op mijn site http://t.co/2Cs33rcLp7	Tue Jul 01 12:41:09 +0000 2014
Petra Feijs	#vacature #limburg #customerservice zie http://t.co/s9xY9aQsbw. Heb je interesse of wil je meer weten? --&gt; petra.feijs@unique.nl/045-5731600	Fri Nov 14 14:01:43 +0000 2014
CXPro, LLC	RT @vacatures_nr1: #Vacature Medewerker Customer Support bij PTC+ #Ede #customerservice #helpdesk #engineering http://t.co/TnjG9B2BLP	Sat Feb 01 09:06:32 +0000 2014
Ruud Pesch	RT @NikkiMilouSimon: Werken in het #buitenland? We hebben een gave #vacature! http://t.co/S9Bf05lF5M #customerservice	Tue Aug 05 11:10:09 +0000 2014
Nicky Bal	Leuke #vacature als #CustomerServiceMedewerker te #Duffel. Interesse? Stuur je #cv naar cvmechelen@secretary-plus.be http://t.co/NDN1RxOE4C	Fri Sep 12 10:36:22 +0000 2014
Жаклина	GEZOCHT: Customer service functie. 32-40 uur Een vaste aanstelling Omgeving Eindhoven #vacature #customerservice PLS retweet BVD	Fri Jan 31 11:16:38 +0000 2014
Lieve Beest	RT @Trendy_woman: GEZOCHT: Customer service functie. 32-40 uur Een vaste aanstelling Omgeving Eindhoven #vacature #customerservice PLS retw…	Fri Jan 31 11:17:34 +0000 2014
Hélder Craveirinha	RT @NikkiMilouSimon: Werken in het #buitenland? We hebben een gave #vacature! http://t.co/S9Bf05lF5M #customerservice	Tue Aug 05 11:36:31 +0000 2014
Vacature Vandaag	RT @N_Allo: Word jij onze nieuwe Teamcoach? http://t.co/62JeGqZGDh #vacature #customerservice with a vision	Mon Nov 17 13:33:41 +0000 2014
Pay.nl	Wij zijn op zoek naar een enthousiaste #customerservice medewerker #vacature http://t.co/IxKrMX8NOS	Fri Feb 14 15:43:51 +0000 2014
RAM Infotechnology	#Vacature: wij zoeken #customerservice medewerker, min. 2 jaar ervaring, #MBO, #Utrecht #ICT http://t.co/nZFnzMXygR #Helpdesk	Tue Apr 22 12:20:09 +0000 2014
Micha D. van Veen	RT @nvengen: #vacature voor vestiging #mijdrecht #derondevenen Medewerker #customerservice #administratie bij Advisor #ICT Check: http://t.…	Fri Sep 05 12:23:21 +0000 2014
Nathalie Lalou	RT @BalNicky: Leuke #vacature als #CustomerServiceMedewerker te #Duffel. Interesse? Stuur je #cv naar cvmechelen@secretary-plus.be http://t…	Fri Sep 12 11:06:03 +0000 2014
The People Company	#Vacature #Zwolle 'Duitstalige' #customerservice medewerker gezocht!! Meer info op http://t.co/Cge7UQWC24 en laat een #sollicitatie achter!	Thu Jan 09 09:23:04 +0000 2014
Rikkert Visser	RT @Trendy_woman: GEZOCHT: Customer service functie. 32-40 uur Een vaste aanstelling Omgeving Eindhoven #vacature #customerservice PLS retw…	Fri Jan 31 11:18:01 +0000 2014
Inge Jentink	RT @87_Maarten: Werken bij #Nuon? Volg deze link: http://t.co/vuAiKUHans #werkenbijnuon #vacature #analist #customerservice	Thu Jul 17 07:51:14 +0000 2014
An Van Aken	RT @BalNicky: Leuke #vacature als #CustomerServiceMedewerker te #Duffel. Interesse? Stuur je #cv naar cvmechelen@secretary-plus.be http://t…	Sat Sep 13 04:13:23 +0000 2014
Choizzes_NL	#customerservice #zoektwerk Jouw voordelen bij Choizzes 1. 80% match of meer 2. Echte #vacatures 3. Anoniem 4. Gratis http://t.co/lp8zLN4pFf	Wed Jan 08 14:28:53 +0000 2014
RunflexUitzendbureau	Voor bij een van onze opdrachtgevers: #Vacature #customerservice medewerker FT  M.i.v. maart 2014. Regio: #meierij .  http://t.co/hXie68IUYu	Thu Jan 30 19:39:54 +0000 2014
Christa	RT @Trendy_woman: GEZOCHT: Customer service functie. 32-40 uur Een vaste aanstelling Omgeving Eindhoven #vacature #customerservice PLS retw…	Fri Jan 31 11:19:54 +0000 2014
Dutchwanderer	RT @Trendy_woman: GEZOCHT: Customer service functie. 32-40 uur Een vaste aanstelling Omgeving Eindhoven #vacature #customerservice PLS retw…	Fri Jan 31 11:29:30 +0000 2014
Customer Svc jobs	#jobs4u #jobs Consumer Customer Development Co-op Program: Summer/Fall 2014 Job, [Fort Washin... http://t.co/0dvdqOvj2a #customerservice	Fri May 09 08:38:12 +0000 2014
Petra van Grootel	RT @RunflexUitzendb: Voor bij een van onze opdrachtgevers: #Vacature #customerservice medewerker FT  M.i.v. maart 2014. Regio: #meierij .  …	Fri Jan 31 10:18:22 +0000 2014
Nimweegse 	RT @Trendy_woman: GEZOCHT: Customer service functie. 32-40 uur Een vaste aanstelling Omgeving Eindhoven #vacature #customerservice PLS retw…	Fri Jan 31 11:43:40 +0000 2014
TravelBird België	Bericht aan alle #jobzoekers! #TravelBirdBE zoekt jong talent in #sales #marketing #customerservice #BEjobs #vacature http://t.co/Pf6Ijza3N8	Wed Sep 10 10:07:29 +0000 2014
Maarten Hoksbergen	Werken bij #Nuon? Volg deze link: http://t.co/vuAiKUHans #werkenbijnuon #vacature #analist #customerservice	Thu Jul 17 07:04:42 +0000 2014
AccelerateInfo	#vacature #procesmanager, #customerservice kennis van energie processen is een must! omgeving Utrecht, sls 3800 euro http://t.co/cDgZwx343f	Wed Feb 19 13:03:24 +0000 2014
Customer Svc jobs	#jobs4u #jobs Customer Care Technical Support - Co-op Job, [San Francisco, #CA] http://t.co/Yw5w3VzfW9 #customerservice	Wed Mar 26 01:32:55 +0000 2014
MegaJobs Belgium	RT @vacaturestream1: #customerservice Agent (Franstalig) in #Zeeland - #Hulst #francais http://t.co/9DCoXtOexj #vacature #jobs	Tue Dec 30 12:55:06 +0000 2014
Nicky Bal	Ben je op zoek naar nieuwe, leuke #functie als #CustomerServiceMedewerker? Bekijk dan onze #vacature! http://t.co/TiBVW0kTlk	Wed Apr 30 15:26:56 +0000 2014
Anke Blommaert	RT @BalNicky: Leuke #vacature als #CustomerServiceMedewerker te #Duffel. Interesse? Stuur je #cv naar cvmechelen@secretary-plus.be http://t…	Fri Sep 12 10:37:32 +0000 2014
