MrWork Finance	#Vacature: Controller gezocht bij A. de Jong Groep (Schiedam): http://t.co/bcOK7OIlxz #Controlling #Finance #Accounting	Sat Nov 29 09:14:42 +0000 2014
Muhammad Usman Ahmad	RT @advisor_job: 913 nieuwe resultaten voor #Accounting #Holland: http://t.co/uOTiqpcykG #vacatures	Thu Dec 25 09:01:08 +0000 2014
Page Personnel	heeft een #vacature ZZP-ERS IN NOORD-BRABANT OP HET GEBIED VAN FINANCE GEZOCHT (M/F) http://t.co/AJOHjTyKxC #finance #accounting	Thu Jan 02 11:55:49 +0000 2014
Westland W&Selectie	RT @WestlandseBanen: Nieuwe #vacature via Westlandse Banen - Assistent accountant - http://t.co/RSspCZ2ItH #dwlg #accounting_financieel @we…	Wed Jan 15 18:20:23 +0000 2014
PagePersonnelBEJobs	heeft een #vacature Accountant voor antwerpse haven  #accounting #finance http://t.co/7swoHaQY6m	Mon Feb 03 15:30:24 +0000 2014
CareerOne Accounting	AU #accounting #jobs Intermediate Tax &amp; Business Services-$55K: QLD-Brisbane, The Firm Due to expansion, an op... http://t.co/F6wAEDNa6R	Mon Feb 10 09:00:17 +0000 2014
MrWork	ABAB Accountants en Adviseurs is op zoek naar een Assistent-Accountant MKB in Veldhoven: http://t.co/IipGV1h7MD #vacature #accounting	Fri Mar 07 05:11:46 +0000 2014
Accounting jobs	#jobs4u #jobs Accounting CO-OP Summer Program (College Students Only), [Huntsville, #AL] http://t.co/HRBiIc1oeR #accounting	Sat Apr 05 14:46:10 +0000 2014
PagePersonnel NLJobs	heeft een #vacature Allround financieel medewerker (per direct - hbo starter)  #finance #accounting http://t.co/LLX5mzL2XT	Wed Apr 09 08:36:05 +0000 2014
Accounting jobs	#jobs4u #jobs Accounting CO-OP Summer Program (College Students Only), [Huntsville, #AL] http://t.co/4HVnUS5TFm #accounting	Sun Apr 13 09:22:20 +0000 2014
PagePersonnel BEJobs	Heeft een #vacature Woluwe: algemene boekhouder voor een groeiend mediabedrijf  #accounting #finance http://t.co/NPMIIIQsOQ	Fri May 02 14:39:59 +0000 2014
Accounting Jobs	Associé(e) Crédit et collection #accounting #jobs http://t.co/cFGusLbKWM	Tue May 06 06:09:43 +0000 2014
MrWork	Samskip Icepak Logistics Ltd. zoekt een Coordenador Financeiro (Salvador): http://t.co/ZNvaziuStl #vacature #accounting	Thu Jun 12 11:48:18 +0000 2014
youngfinancials	#vacature #accounting &amp; #Reporting Functie op #Investment afdeling van een Amsterdamse Bank http://t.co/bzzsNHEfDN	Thu Aug 07 14:10:32 +0000 2014
Nikki	Ervaren Accountants gezocht voor onze ACR-afdeling #Accounting #Compilation #Reporting https://t.co/7hCGpwq4ml … #vacature #big4 #Eindhoven	Mon Sep 15 13:47:08 +0000 2014
petra kamphuis	RT @noordhoff: RT @werkenbijnu: Wij zoeken versterking! Er zijn 5 nieuwe #vacatures gepubliceerd. http://t.co/zZym8nKb9t #accounting #proje…	Sun Oct 12 20:51:45 +0000 2014
MrWork Finance	#Vacature: (Medior) Controller gezocht bij A. de Jong Groep in Schiedam: http://t.co/WY4OcvUAZF #Controlling #Finance #Accounting	Wed Dec 10 17:39:49 +0000 2014
Page Personnel	heeft een #vacature GENERAL LEDGER ACCOUNTANT (SAP, EXCEL, INTERNATIONAL) (M/F) http://t.co/S7qlau5Uxu #finance #accounting	Thu Jan 02 11:55:49 +0000 2014
PagePersonnelBEJobs	heeft een #vacature It /  reporting &amp; system analyst  #accounting #finance http://t.co/MoBItDokld	Tue Feb 11 11:28:52 +0000 2014
MrWork	#Vacature: Assistent-Accountant MKB bij ABAB Accountants en Adviseurs in Breda: http://t.co/2quQ1Q9enP #accounting #finance #financieel	Sun Mar 02 15:50:11 +0000 2014
PagePersonnel NLJobs	heeft een #vacature Senior gl accountant (six months)  #finance #accounting http://t.co/tMpHP9hP6G	Wed Mar 05 12:42:48 +0000 2014
Accounting Jobs	Gestionnaire, Opérations financières #accounting #jobs http://t.co/bIQxpC1wHo	Tue Mar 25 22:19:29 +0000 2014
MrWork Finance	Samskip zoekt een Accountant in Rotterdam: http://t.co/p58GXHdtJ2 #vacature #accounting #administratie #finance	Fri Apr 18 11:17:32 +0000 2014
Accounting jobs	#jobs4u #jobs Accounting CO-OP Summer Program (College Students Only), [Huntsville, #AL] http://t.co/ZoUXDS9KDS #accounting	Mon Apr 21 21:08:14 +0000 2014
Statera Jobs	Bij een bank staat de #vacature Sr. Medewerker Backoffice Treasury open. 5 jaar ervaring in #treasury &amp; #accounting? http://t.co/4VA5ou7kOY	Tue Jun 17 14:55:45 +0000 2014
Certio	GEZOCHT: boekhouder/fiscalist bij een topklant #accounting in Leuven. #job #vacature #finance https://t.co/hV2k1cW99b	Wed Jul 02 14:36:05 +0000 2014
MrWork Finance	#Vacature: Stater zoekt een Risk Consultant in Amersfoort: http://t.co/GrWoLVx8yO #Finance #Accounting	Sat Oct 25 07:58:52 +0000 2014
Eveline Reversma	RT @MrWorkNl: #Vacature: Assistent Group Controller bij Alewijnse (Nijmegen): http://t.co/gh1dK3eyqd #Finance #Accounting #Controlling	Mon Nov 03 16:36:10 +0000 2014
MrWork Finance	#Vacature: Assistent Group Controller gezocht bij Alewijnse in Nijmegen: http://t.co/DX8Ov5DYWm #Finance #Administratie #Accounting	Mon Nov 03 22:41:35 +0000 2014
advisor_job	402 nieuwe resultaten voor #Accounting #Holland: http://t.co/uOTiqpcykG #vacatures	Fri Nov 14 08:30:36 +0000 2014
Page Personnel	heeft een #vacature ASSISTENT CONTROLLER MET DE DUITSE TAAL (FULLTIME - NL/EN/DUI) (M/F) http://t.co/wxiqBrnZbm #finance #accounting	Thu Jan 02 11:55:49 +0000 2014
PagePersonnelNLJobs	heeft een #vacature Parttime junior administrateur  #finance #accounting http://t.co/sSkKDQeATN	Fri Feb 14 11:30:09 +0000 2014
Accounting jobs	#jobs4u #jobs Accounting Manager, [Tar Heel, #NC] http://t.co/CEYZIwae46 #accounting	Sat Feb 22 11:44:20 +0000 2014
PagePersonnel NLJobs	heeft een #vacature Junior accountant met kennis van afas  #finance #accounting http://t.co/LVAfmKRDA8	Mon Feb 24 11:33:20 +0000 2014
PagePersonnel NLJobs	heeft een #vacature Financial accountant (hbo, english + dutch)  #finance #accounting http://t.co/zvKXkb9xQV	Fri Feb 28 11:33:03 +0000 2014
PagePersonnel NLJobs	heeft een #vacature Administratief medewerker  #finance #accounting http://t.co/CB9cbG0UYy	Tue Apr 01 08:33:56 +0000 2014
MrWork Finance	#Vacature: Klantadviseur Accountancy gezocht bij ABAB Accountants en Adviseurs in Tilburg: http://t.co/tntXmegp7d #accounting	Thu Apr 03 18:18:29 +0000 2014
SharmellFinance.com	RT @GetAccountiJobs: Permanent Office and Accounting Op... - #NewHaven , CT (http://t.co/mUURrYI96L) Get Accounting Jobs #Accounting #jobs …	Mon Apr 07 00:31:20 +0000 2014
PagePersonnel NLJobs	heeft een #vacature Per direct - financieel meewerkend teamleider - min 32 uur  #finance #accounting http://t.co/71UF8i2l5G	Wed Apr 23 10:39:42 +0000 2014
CareerOne Accounting	#accounting #jobs Senior Payroll Officer - Melbourne CBD: VIC-Melbourne, CBD Location - Contract Excellent Hou... http://t.co/Zp0tJNQoCj	Wed Apr 30 04:13:44 +0000 2014
sarah ricci	Looking for experienced Tax Manager in Connecticut #jobs #accounting @CR_Careers  http://t.co/4QhZYUzBda	Fri May 02 19:31:50 +0000 2014
MrWork Finance	#Vacature: Boekhouder bij Euro-Caps BV (Rotterdam): http://t.co/1G5Fr7XPsy #admin #accounting #banking	Sun Jun 15 07:53:53 +0000 2014
advisor_job	454 nieuwe resultaten voor #Accounting #Holland: http://t.co/wMQFqtz8VV #vacatures	Fri Oct 24 07:41:57 +0000 2014
MrWork Finance	#Vacature: General Ledger Accountant gezocht bij USG Brands (Amsterdam): http://t.co/2j2UB6vhrh #Finance #Retail #Accounting	Sat Nov 29 23:05:51 +0000 2014
Jill Takken	Word jij mijn collega bij #DeloitteNL? #Vacature: #Accounting Bijbaan #Core #Audit #Amsterdam 2015 -http://t.co/1cgRgAc5vB	Thu Dec 04 13:52:04 +0000 2014
Page Personnel	heeft een #vacature ASSISTENT CONTROLLER (M/F) http://t.co/FegFJzxzNc #finance #accounting	Wed Jan 08 13:23:48 +0000 2014
PagePersonnelNLJobs	heeft een #vacature Gevorderd assistent accountant  #finance #accounting http://t.co/GI27KeGHvr	Thu Feb 06 09:28:18 +0000 2014
WestlandseBanen	Nieuwe #vacature via Westlandse Banen - Medewerker financiële administratie - http://t.co/Hio0se3wni #dwlg #accounting_financieel	Wed Feb 12 13:28:02 +0000 2014
Accounting jobs	#jobs4u #jobs Accounting CO-OP Summer Program (College Students Only), [Huntsville, #AL] http://t.co/Al29N7xZzD #accounting	Mon Apr 07 09:42:18 +0000 2014
Wilfred Jansen	RT @annebesselink: #vacature #alert! Wij zoeken nieuwe #collega's in #finance, #accounting, #controlling, #recruitment en #management! http…	Mon Apr 07 13:14:05 +0000 2014
PagePersonnel NLJobs	heeft een #vacature Salarisadministratie / vps / 16 uur per week / visma  #finance #accounting http://t.co/h4JQpzfofu	Tue Apr 15 08:34:00 +0000 2014
Accounting jobs	#jobs4u #jobs Accounting CO-OP Summer Program (College Students Only), [Huntsville, #AL] http://t.co/jGJOXQdBqB #accounting	Sun Apr 27 01:14:30 +0000 2014
Accounting jobs	#jobs4u #jobs Accounting CO-OP Summer Program (College Students Only), [Huntsville, #AL] http://t.co/06nwO7Ss31 #accounting	Sun Apr 27 03:01:54 +0000 2014
MrWork	#Vacature: Project Consultants Finance gezocht bij TriFinance (Rotterdam,Amsterdam): http://t.co/OvfwtszePV #accounting #financieel	Sat May 31 10:52:46 +0000 2014
MrWork Finance	#Vacature: Project Consultants Finance in Rotterdam,Amsterdam bij TriFinance: http://t.co/S1R61BkEth #accounting #vacature #financieel	Sun Jun 01 07:36:13 +0000 2014
Certio	Certio biedt uitstekende oplossingen voor wie actief/passief #werk zoekt in #accounting of #ICT. #vacature #jobs http://t.co/mm7PzMtU0A	Fri Jul 04 08:56:27 +0000 2014
ikbeninterim.nl	RT @WestlandseBanen: Nieuwe #vacature via Westlandse Banen - Gevorderde controle-assistent. - http://t.co/j2ruS9DewQ #dwlg #accounting_fina…	Wed Sep 24 08:20:35 +0000 2014
MrWork	#Vacature: GS-Hydro zoekt een Salesmanager Projecten in Barendrecht: http://t.co/YeHnL0oMxU #Techniek #Sales #Accounting	Fri Oct 03 17:55:20 +0000 2014
Alleverkoopbanen 	RT @MrWork_sales: #Vacature: Account Manager Freight bij Stena Line bv in Hoek van Holland: http://t.co/uJGFB5Macv #Logistiek #Accounting #…	Sun Oct 05 08:15:11 +0000 2014
Jill Takken	Word jij mijn collega bij #DeloitteNL? #Vacature: #Accounting Bijbaan #Core #Audit #Amsterdam per januari 2015 -http://t.co/1cgRgAc5vB	Fri Nov 28 11:45:32 +0000 2014
MrWork Finance	#Vacature: Controller gezocht bij A. de Jong Groep in Schiedam: http://t.co/stdFDrrobG #Finance #Accounting #Controlling	Wed Dec 03 15:56:40 +0000 2014
MrWork	#Vacature: Controleleider (Supervisor/Sr. Staff) bij ABAB Accountants en Adviseurs in Tilburg: http://t.co/zGTSmeFdOl #Accounting	Mon Dec 08 11:26:40 +0000 2014
MrWork	#Vacature: General Ledger Accountant in Amsterdam bij USG Brands: http://t.co/QKXn7hnUTR #Accounting #Finance #Retail	Mon Dec 08 18:54:48 +0000 2014
9to5 Jobs	Accounting Assistant at http://t.co/ukRErSDPnP (Henderson): Immediate Accounting Assistant op... http://t.co/rLjhtwLo6f #jobs #accounting	Wed Jan 01 16:53:31 +0000 2014
PagePersonnelBEJobs	heeft een #vacature Dynamische boekhouder a - z regio antwerpen (m/v)  #accounting #finance http://t.co/OCrVSSOh5T	Mon Feb 17 11:30:49 +0000 2014
MrWork	Inspecteur / Auditor SNA Keurmerk &amp; CAO in Arnhem gezocht bij CROP: http://t.co/F1B6cjz6my #banking #accounting #controlling #vacature	Fri Feb 28 13:15:15 +0000 2014
Ton Wilthagen	RT @PPNL_Jobs: heeft een #vacature Stage commercieel recruitment consultant (met startersbeurs)  #finance #accounting http://t.co/f8TAScP5EX	Fri Feb 28 18:33:32 +0000 2014
PagePersonnel NLJobs	heeft een #vacature Administrateur (hbo be afgerond, ft)  #finance #accounting http://t.co/pTJnYbVJbr	Wed Mar 12 11:34:57 +0000 2014
VersTalent	#VersTalent heeft #topjob voor #student in #Rotterdam. #reporting #accounting #controlling #vacature #parttime #job http://t.co/G1Vh93JGtc	Mon Mar 24 14:36:10 +0000 2014
PagePersonnel NLJobs	heeft een #vacature Salarisadministrateur (ft, pdl, mbo+)  #finance #accounting http://t.co/GN1f8DVUEO	Wed Apr 02 10:33:43 +0000 2014
Wilfred Jansen	RT @NHollestelle: #Vacature Ter aanvulling van onze HUB #rdam zoeken wij een #Financial #Accountant. Heb jij brede #accounting ervaring?htt…	Fri Apr 04 16:50:57 +0000 2014
PagePersonnel BEJobs	heeft een #vacature Dossierbeheerder  #accounting #finance http://t.co/nCi9HCtFNU	Tue Apr 15 10:35:01 +0000 2014
PagePersonnel NLJobs	heeft een #vacature Medewerker crediteurenadministratie (6-8 weken, exact)  #finance #accounting http://t.co/zULMnyOYAQ	Fri May 02 10:35:51 +0000 2014
Robert Half ANZ	Are you one of finance's most sought-after professionals? - http://t.co/0xcS3h3gmX #jobs #finance #accounting	Sun May 04 22:16:30 +0000 2014
MrWork Finance	Accon avm zoekt een Junior Assistent Accountancy in Goes,Middelburg,Terneuzen,Zierikzee: http://t.co/OpEWyvsJtg #accounting #vacature	Wed May 07 08:22:34 +0000 2014
MrWork	#Vacature: Bruynzeel Keukens zoekt een Credit controller in Bergen op Zoom: http://t.co/5PrHzPF1L3 #accounting #administratie #vacature	Tue Jul 22 05:29:08 +0000 2014
Monique Koedam	RT @MrWork_finance: #Vacature: HBO-er Bedrijfseconomie gezocht bij VolkerWessels Telecom (Amersfoort): http://t.co/j4wgxoLLiE #Accounting #…	Fri Oct 31 17:57:13 +0000 2014
advisor_job	392 nieuwe resultaten voor #Accounting #Holland: http://t.co/wMQFqtz8VV #vacatures	Fri Nov 07 08:43:00 +0000 2014
MrWork Finance	#Vacature: USG Brands zoekt een General Ledger Accountant in Amsterdam: http://t.co/mpLJ5YNl37 #Retail #Finance #Accounting	Mon Dec 15 05:33:03 +0000 2014
DPA	RT @DPAFinance: Gezocht: medewerker management #accounting. Verantwoordelijk voor maandelijkse #financiële rapportage. Zie #vacature http:/…	Wed Jan 22 15:08:40 +0000 2014
PagePersonnelBEJobs	heeft een #vacature Leveranciersboekhouder regio antwerpen  #accounting #finance http://t.co/suryclSrVJ	Thu Jan 30 19:28:06 +0000 2014
PagePersonnelNLJobs	heeft een #vacature Business controller (navision, hbo)  #finance #accounting http://t.co/Idg6AgfI3O	Wed Feb 12 15:37:34 +0000 2014
PagePersonnel NLJobs	heeft een #vacature Assistent controller (non-profit, 36 uur, hbo bedrijfseconomie)  #finance #accounting http://t.co/AcKJwFyPJz	Tue Feb 25 14:37:56 +0000 2014
PagePersonnel NLJobs	heeft een #vacature Administrateur  #finance #accounting - Reference : PLEJ142041AmsterdamPermanent- Meao en/of h... http://t.co/x4gPJXcrLd	Tue Mar 11 09:34:47 +0000 2014
MrWork	#Vacature: Controleleider / Supervisor gezocht bij ABAB Accountants en Adviseurs (Tilburg): http://t.co/tETUsd4FNh #banking #accounting	Sun Mar 16 20:08:28 +0000 2014
PagePersonnel BEJobs	heeft een #vacature High potential in finance  #accounting #finance http://t.co/pNmd8GJVXD	Thu Apr 03 10:33:41 +0000 2014
Accounting jobs	#jobs4u #jobs Accounting CO-OP Summer Program (College Students Only), [Huntsville, #AL] http://t.co/rMy6ux2szu #accounting	Sun Apr 13 21:42:42 +0000 2014
MrWork Sales	Fresh Mushroom Europe is op zoek naar een International Account Manager (Breda): http://t.co/FdRn9StlsS #vacature #accounting	Mon Apr 14 04:42:56 +0000 2014
PagePersonnel BEJobs	heeft een #vacature Cash collector fluent in spanish &amp; english  #accounting #finance http://t.co/sDYXGDA9oQ	Mon Apr 14 14:36:17 +0000 2014
PagePersonnel NLJobs	heeft een #vacature Revenue management analyst (bachelor/master - ft)  #finance #accounting http://t.co/7YivyHGKEP	Thu May 08 08:41:18 +0000 2014
Certio	#Vacature #Accounting Boekhouder fiscalist met ervaring in een accountantskantoor - regio Sint-Truiden #indeed  http://t.co/KhYnMjs5iG	Tue Jul 01 14:32:07 +0000 2014
Laudame Financials	Wij zijn op zoek naar een #Accounting &amp; Reporting specialist! http://t.co/XqujxVgtUL #vacature	Thu Jul 03 12:45:38 +0000 2014
MrWork	#Vacature: Aankomend Accountant AA gezocht bij ABAB Accountants en Adviseurs in Waalwijk: http://t.co/scLb7jOaZv #Accounting	Thu Oct 30 09:54:35 +0000 2014
MrWork Finance	#Vacature: (Medior) Controller in Schiedam bij A. de Jong Groep: http://t.co/Ca3Jz6M274 #Accounting #Controlling #Finance	Tue Dec 16 16:02:46 +0000 2014
digitalejobs	RT @Accountant_Job: .Net Web Developer #accounting #jobs http://t.co/aAgvNeBzMW	Tue Dec 23 10:16:02 +0000 2014
PagePersonnelNLJobs	heeft een #vacature Financieel projectmedewerker  #finance #accounting http://t.co/L9wNpnj1cK	Wed Feb 05 11:29:54 +0000 2014
CareerOne Accounting	#accounting #jobs Accounts Payable Officer: QLD-Brisbane, Temp role- March start Must have own transport - ons... http://t.co/jScfvwPaY2	Thu Feb 13 09:15:04 +0000 2014
Accounting Jobs	Administrateur, Opérations / Administrator, Operations #accounting #jobs http://t.co/tLHxJPe2dp	Fri Feb 14 06:39:47 +0000 2014
WestlandseBanen	Nieuwe #vacature via Westlandse Banen - Medewerker financiële administratie - http://t.co/Hio0se3wni #dwlg #accounting_financieel	Fri Feb 14 13:28:01 +0000 2014
PagePersonnel NLJobs	heeft een #vacature Accounts payable employee  #finance #accounting http://t.co/wJzI0L1p7Y	Tue Mar 18 11:32:36 +0000 2014
PagePersonnel NLJobs	heeft een #vacature Medewerker shared service center  #finance #accounting http://t.co/At7YR2p0NQ	Mon Apr 28 08:35:27 +0000 2014
MrWork_Projecten	#Vacature: kandidaten voor Development Program Finance bij KLM (Amstelveen): http://t.co/JXMNrknjg8 #accounting #banking #controlling	Fri Jul 11 14:33:03 +0000 2014
MrWork Sales	#Vacature: Account Manager Freight gezocht bij Stena Line bv (Hoek van Holland): http://t.co/xzP6hBF1XE #Accounting #Logistiek	Fri Oct 03 04:33:10 +0000 2014
MrWork	#Vacature: Account Manager Freight in Hoek van Holland bij Stena Line bv: http://t.co/luYaVXg4zH #Logistiek #Accounting #Sales	Sun Oct 12 15:31:57 +0000 2014
NTG Groningen (stad)	RT @werkenbijnu: Uitdagende financieel administratieve #HBO functie! Bekijk deze #vacature op: http://t.co/UJVu6rultT  #finance #accounting…	Thu Oct 23 14:17:06 +0000 2014
Ruud Hendriks	RT @werkenbijnu: Wij hebben mooie financieel administratieve #HBO functie vacant! http://t.co/UJVu6rultT  #finance #accounting #vacatures  …	Fri Oct 24 22:18:56 +0000 2014
Werken bij Action	Bekijk onze #vacature voor Head of Financial Shared Service Center: http://t.co/LAGyLDW206 #finance #accounting http://t.co/Ns9vIxnpuD	Wed Nov 05 14:45:28 +0000 2014
Tampa jobs	RT @jobz4accounting: #jobs4u #jobs Accounting Co-op, [Tampa, #FL] http://t.co/g8I0erjkks #accounting	Fri Jan 10 21:51:58 +0000 2014
CareerOne Jobs AU	#accounting #jobs Insolvency Intermediate: NSW-Sydney, Hands-on Partners with strong firm culture Excellent op... http://t.co/GfSNzsXdGH	Wed Jan 15 07:05:08 +0000 2014
Page Personnel	heeft een #vacature MEDEWERKER DEBITEUREN (PER DIRECT, DYNAMICS, EIGEN VERVOER) (M/F) http://t.co/0pjItwaBQl #finance #accounting	Mon Jan 20 15:06:27 +0000 2014
PagePersonnelNLJobs	heeft een #vacature Senior financieel medewerker  #finance #accounting http://t.co/qw00VQeNy0	Mon Jan 27 14:31:23 +0000 2014
Accounting jobs	#jobs4u #jobs Finance &amp; Accounting Student Co-Op - Summer &amp; Fall 2014, [Detroit, #MI] http://t.co/Ezw04uizhH #accounting	Tue Jan 28 00:01:16 +0000 2014
MrWork MarCom	Ultimo Software Solutions is op zoek naar een Accountmanager IT/ICT (Nunspeet): http://t.co/DD9w4arP8l #financieel #accounting #vacature	Sun Feb 09 20:02:35 +0000 2014
PagePersonnelNLJobs	heeft een #vacature General ledger accountant germany (hbo afgerond, sap)  #finance #accounting http://t.co/Che6jo6BkK	Tue Feb 18 09:32:09 +0000 2014
PagePersonnel BEJobs	heeft een #vacature Dossierbeheerder voor een gerenommeerde fiduciarie  #accounting #finance http://t.co/bC6RmTjIVy	Fri Mar 07 12:38:47 +0000 2014
PagePersonnel NLJobs	heeft een #vacature Medewerker debiteurenadministratie (parttime)  #finance #accounting http://t.co/fH7MoEISd1	Tue Mar 18 11:32:36 +0000 2014
Andrew Tudor	#IBM is a great team to work for. Check out this #job #jobs #career #IT #FF #USA #Finance #Accounting #Co-op  http://t.co/0hsegG4LWR	Tue Mar 25 18:27:34 +0000 2014
MrWork MarCom	#Vacature: Klantadviseur Accountancy bij ABAB Accountants en Adviseurs (Tilburg): http://t.co/b7aB8Bv9ce #accounting #accountancy	Sun Apr 06 07:26:56 +0000 2014
PagePersonnel NLJobs	heeft een #vacature Senior debiteurenbeheerder (hbo, ft)  #finance #accounting http://t.co/RDzxGTxvYV	Mon Apr 07 08:33:46 +0000 2014
Accounting jobs	#jobs4u #jobs Accounting Co-Op/Intern, [Cincinnati, #OH] http://t.co/fO9qN8VCdj #accounting	Tue Apr 15 09:13:01 +0000 2014
Accounting jobs	#jobs4u #jobs Accounting CO-OP Summer Program (College Students Only), [Huntsville, #AL] http://t.co/6jT14WkjLW #accounting	Tue Apr 15 21:43:50 +0000 2014
Accounting jobs	#jobs4u #jobs Accounting CO-OP Summer Program (College Students Only), [Huntsville, #AL] http://t.co/EHpy4pbBXb #accounting	Mon Apr 28 06:16:59 +0000 2014
PagePersonnel NLJobs	heeft een #vacature Medewerker intensief beheer (hbo/wo)  #finance #accounting http://t.co/7GMAIdfftz	Wed Apr 30 08:36:05 +0000 2014
MrWork Finance	#Vacature: Accountant AA gezocht bij ABAB Accountants en Adviseurs (Veldhoven): http://t.co/IOxfr2V33D #Accounting #Controlling	Thu Nov 06 12:45:37 +0000 2014
Jeff Ho	RT @advisor_job: 781 nieuwe resultaten voor #Accounting #Holland: http://t.co/uOTiqpcykG #vacatures	Thu Dec 18 08:44:16 +0000 2014
Page Personnel	heeft een #vacature ADMINISTRATEUR (M/F) http://t.co/CRkcFASzbI #finance #accounting	Thu Jan 16 14:42:59 +0000 2014
PagePersonnelNLJobs	heeft een #vacature Allround financieel medewerker (per direct - tijdelijk)  #finance #accounting http://t.co/NnG721zfD9	Fri Feb 07 11:29:21 +0000 2014
PagePersonnelNLJobs	heeft een #vacature Credit controller (40 uur)  #finance #accounting http://t.co/TIolkbVFsy	Tue Feb 18 09:32:09 +0000 2014
PagePersonnel NLJobs	heeft een #vacature General ledger accountant  #finance #accounting http://t.co/bBDL54Vcm9	Wed Feb 19 11:33:22 +0000 2014
MrWork Finance	#Vacature: Manager Accountancy bij ABAB Accountants en Adviseurs in Veldhoven: http://t.co/Kjnn8M6i8f #accounting	Thu Mar 13 12:00:39 +0000 2014
PagePersonnel BEJobs	heeft een #vacature Accountant met eerste ervaring  #accounting #finance http://t.co/LABytWMJ8T	Fri Mar 14 11:33:02 +0000 2014
PagePersonnel NLJobs	heeft een #vacature Teamleider finance - aansturen 4-6 fte  #finance #accounting http://t.co/6Rp6mxMeZy	Wed Apr 02 10:33:43 +0000 2014
Nikki	#Vacature Ter aanvulling van onze HUB #rdam zoeken wij een #Financial #Accountant. Heb jij brede #accounting ervaring?http://t.co/3J92qj5WoM	Fri Apr 04 13:56:36 +0000 2014
Accounting jobs	#jobs4u #jobs Accounting CO-OP Summer Program (College Students Only), [Huntsville, #AL] http://t.co/FAiXcS6Epk #accounting	Fri Apr 25 16:27:20 +0000 2014
9to5 Jobs	Accounting/HR Assistant at Express Employment Professionals (Springfield, MO): Candidate wil... http://t.co/MIzj5glfyk #jobs #accounting	Sun May 04 23:27:16 +0000 2014
youngfinancials	#vacature Starten in het topsegment van de financiële markt? (#Juridisch-, #tax-, #accounting- en Governance): http://t.co/uEnaoxAAOB	Sun Jun 01 18:45:12 +0000 2014
MrWork Techniek	#Vacature: Salesmanager Projecten gezocht bij Ispida in Barendrecht: http://t.co/Gw7PE30xOR #Techniek #Sales #Accounting	Sat Sep 27 16:47:11 +0000 2014
MrWork Sales	#Vacature: Salesmanager Projecten gezocht bij GS-Hydro (Barendrecht): http://t.co/9F4cZ6u8pP #Techniek #Sales #Accounting	Mon Sep 29 12:44:57 +0000 2014
JobSearchAmsterdam	RT @MrWork_finance: #Vacature: General Ledger Accountant in Amsterdam bij USG Brands: http://t.co/AAUnWFwWqJ #Finance #Retail #Accounting	Thu Nov 27 20:45:31 +0000 2014
Page Personnel	heeft een #vacature BUSINESS ANALIST (M/F) http://t.co/HXMR6JuUSY #finance #accounting	Fri Jan 10 12:14:38 +0000 2014
Houston jobs	RT @jobz4accounting: #jobs4u #jobs Compensation Plan Accounting Co-Op Student, [Houston, #TX] http://t.co/8yqs0NdPYw #accounting	Fri Feb 07 01:13:46 +0000 2014
MrWork	CROP in Arnhem zoekt een Inspecteur / Auditor SNA Keurmerk &amp; CAO: http://t.co/Av10LvJN6m #finance #vacature #controlling #accounting	Sat Feb 08 08:59:04 +0000 2014
Starters N-O Brabant	RT @PPNL_Jobs: heeft een #vacature Stage commercieel recruitment consultant (met startersbeurs)  #finance #accounting http://t.co/f8TAScP5EX	Fri Feb 28 12:21:22 +0000 2014
PagePersonnel BEJobs	heeft een #vacature General ledger accountant - tijdelijke missie  #accounting #finance http://t.co/ZcUEBOGka3	Mon Mar 03 15:35:59 +0000 2014
Accounting jobs	#jobs4u #jobs Finance/Accounting Co-Op, [Saginaw, #MI] http://t.co/wxQjMAPqW3 #accounting	Mon Mar 17 09:14:04 +0000 2014
MrWork	ABAB Accountants en Adviseurs zoekt een Assistent-Accountant MKB (Veldhoven): http://t.co/nQpJsa1G2F #financieel #vacature #accounting	Wed Mar 19 19:30:48 +0000 2014
PagePersonnel NLJobs	heeft een #vacature Salarisadministrateur  #finance #accounting http://t.co/VDx8NUlmiV	Fri Mar 28 13:33:09 +0000 2014
PagePersonnel BEJobs	heeft een #vacature Ap accountant voor internationale organisatie in regio antwerpen  #accounting #finance http://t.co/o7AhtUI34W	Wed Apr 02 14:36:44 +0000 2014
DPA Finance	nieuwe #vacature! Head #Accounting regio #Amsterdam. Vloeiend #Engels is een must. Iets voor jou? Reageer nu! http://t.co/LguIwnSUA1	Wed Apr 09 08:07:44 +0000 2014
MrWork Finance	#Vacature: Boekhouder in Rotterdam bij Euro-Caps BV: http://t.co/xQG30PjmEq #accounting #banking #finance #vacature	Wed Jul 02 15:05:38 +0000 2014
MrWork Finance	Credit controller in Bergen op Zoom gezocht bij Bruynzeel Keukens: http://t.co/ot2uRd4RJB #accounting #administratief #vacature #admin	Wed Aug 20 18:18:50 +0000 2014
Rene Rademaekers	Bekijk mijn professionele profiel en maak een connectie met mij op LinkedIn  http://t.co/gXW1mxixdp #uitdaging #jobs #accounting #vacature	Mon Nov 03 14:50:35 +0000 2014
Judith Boertjens	RT @werkenbijnu: Wij zoeken  #HBO talent voor onze afdeling #finance ! Bekijk de #vacature snel op: http://t.co/UJVu6rultT  #accounting	Thu Nov 13 16:42:35 +0000 2014
MrWork	#Vacature: USG Brands zoekt een General Ledger Accountant in Amsterdam: http://t.co/yT7sO4z2t4 #Finance #Retail #Accounting	Mon Dec 15 09:57:43 +0000 2014
MrWork	#Vacature: (Medior) Controller in Schiedam bij A. de Jong Groep: http://t.co/JpL11ZStFs #Accounting #Finance #Controlling	Wed Dec 17 19:53:27 +0000 2014
MrWork Finance	Accountant AA MKB in Goes gezocht bij ABAB Accountants en Adviseurs: http://t.co/kyKCjnXVpf #financieel #vacature #accountancy #accounting	Wed Feb 05 16:27:05 +0000 2014
Hans Korbee	RT @WestlandseBanen: Nieuwe #vacature via Westlandse Banen - Administratief talent - http://t.co/WTIusFkHBx #dwlg #accounting_financieel	Wed Feb 12 12:53:40 +0000 2014
PagePersonnel NLJobs	heeft een #vacature German accounts receivable  #finance #accounting http://t.co/PwMLQGjsTE	Mon Feb 24 11:33:20 +0000 2014
9to5 Jobs	Student Worker - Accounting Co-Op at University of Cincinnati (Cincinnati, OH): Co-op positi... http://t.co/DcV3C8Djdg #jobs #accounting	Tue Feb 25 10:58:45 +0000 2014
WestlandseBanen	Nieuwe #vacature via Westlandse Banen - Medewerker administratie - http://t.co/OcNCNCYg2r #dwlg #accounting_financieel	Wed Feb 26 08:13:02 +0000 2014
WestlandseBanen	Nieuwe #vacature via Westlandse Banen - Medewerker administratie - http://t.co/55UzqjSdLc #dwlg #accounting_financieel	Fri Feb 28 08:13:02 +0000 2014
PagePersonnel NLJobs	heeft een #vacature Assistant controller (real estate, temporary)   #finance #accounting http://t.co/jozkA4StAC	Fri Mar 07 11:34:48 +0000 2014
Accounting jobs	#jobs4u #jobs Accounting/Finance Co-op, [Shelbyville, #TN] http://t.co/DSS0dnrlsu #accounting	Sat Mar 08 09:15:48 +0000 2014
PagePersonnel BEJobs	heeft een #vacature Part-time credit controller  #accounting #finance http://t.co/ybaaifHM5X	Fri Mar 14 11:33:02 +0000 2014
PagePersonnel BEJobs	heeft een #vacature Assistant accountant  #accounting #finance http://t.co/2LAijDcSTE	Fri Mar 21 11:31:07 +0000 2014
MrWork Finance	#Vacature: Accountant in Rotterdam bij Samskip: http://t.co/qkXPHIWaGz #admin #finance #banking #accounting	Sat Apr 05 07:47:49 +0000 2014
MrWork	Samskip Icepak Logistics Ltd. zoekt een Coordenador Financeiro (Salvador): http://t.co/pxSZkI3IJl #vacature #accounting #banking	Sat Jun 14 15:09:21 +0000 2014
pien 	RT @HaysNetherlands: #vacature #Trust Officer #Accounting- internationale Trust organisatie - Amsterdam-  in vast dienstverband http://t.co…	Tue Jul 01 17:31:37 +0000 2014
MrWork Sales	#Vacature: Allround Account Support Specialist bij Nestlé Nederland B.V. (Amstelveen): http://t.co/e6qysHnc21 #accounting #admin	Tue Jul 08 19:50:34 +0000 2014
IngeTiebos	@USGFinanceBE is op zoek naar pas afgestudeerde #accountants voor een internationaal bedrijf tussen Antwerpen en Mechelen! #jobs #Accounting	Mon Aug 25 14:15:05 +0000 2014
MrWork	#Vacature: Credit controller in Bergen op Zoom bij Bruynzeel Keukens: http://t.co/E9gi0Onp6n #accounting #admin	Wed Aug 27 21:26:15 +0000 2014
MrWork Management	#Vacature: Salesmanager Projecten bij Ispida in Barendrecht: http://t.co/eZpRhvN0re #Techniek #Accounting #Sales	Sat Sep 27 05:02:19 +0000 2014
MrWork Finance	#Vacature: ABAB Accountants en Adviseurs zoekt een Accountant AA in Veldhoven: http://t.co/qLd4umgXfb #Controlling #Accounting	Fri Oct 24 05:03:44 +0000 2014
MrWork MarCom	#Vacature: Accountmanager bij Plurel (Utrecht): http://t.co/FLVsYmUmxp #technisch #accounting	Tue Feb 11 21:03:17 +0000 2014
PagePersonnelNLJobs	heeft een #vacature Financial accountant english (ssc - us gaap - venlo)  #finance #accounting http://t.co/EkN3o0gGTS	Thu Feb 13 11:30:18 +0000 2014
MrWork Management	#Vacature: Business Development Manager (M/V) bij Phone House Nederland (Amersfoort): http://t.co/gXJOjOw82F #management #accounting	Fri Feb 14 05:34:11 +0000 2014
PagePersonnel NLJobs	heeft een #vacature Assistent grootboek / accountview / mbo bedrijfsadministratie  #finance #accounting http://t.co/3cjE1MTtxR	Thu Feb 20 11:33:28 +0000 2014
Accounting jobs	#jobs4u #jobs Accounting Manager, [Tar Heel, #NC] http://t.co/Kovu1us6OH #accounting	Sat Feb 22 13:13:39 +0000 2014
PagePersonnel BEJobs	heeft een #vacature Management traineeship  #accounting #finance http://t.co/F4lZGOJobY	Thu Feb 27 11:31:55 +0000 2014
PagePersonnel NLJobs	heeft een #vacature Accounts payable specialist italian (ssc - venlo - sap)  #finance #accounting http://t.co/thJUfoteJ2	Fri Mar 07 11:34:48 +0000 2014
PagePersonnel BEJobs	heeft een #vacature Junior accountant  #accounting #finance http://t.co/85On4C33f5	Wed Mar 12 11:34:12 +0000 2014
Accounting jobs	#jobs4u #jobs Accounting CO-OP Summer Program (College Students Only), [Huntsville, #AL] http://t.co/7bu83YCEbA #accounting	Sat Mar 22 17:43:22 +0000 2014
Accounting jobs	#jobs4u #jobs Accounting CO-OP Summer Program (College Students Only), [Huntsville, #AL] http://t.co/HSuguMJOH0 #accounting	Tue Mar 25 06:14:34 +0000 2014
Accounting jobs	#jobs4u #jobs Accounting CO-OP Summer Program (College Students Only), [Huntsville, #AL] http://t.co/F9WAvCP9qQ #accounting	Wed Apr 09 09:23:54 +0000 2014
Accounting jobs	#jobs4u #jobs Accounting CO-OP Summer Program (College Students Only), [Huntsville, #AL] http://t.co/Q22Hkktkrg #accounting	Fri Apr 25 19:01:02 +0000 2014
pien 	RT @HaysNetherlands: #vacature Internationale #Accountant – Amsterdam -  in vast dienstverband http://t.co/Cc1SjEXOik #finance #accounting	Tue Jul 01 22:42:35 +0000 2014
Certio	Op zoek naar een boeiende #job met heel goede doorgroeimogelijkheden? Contacteer ons! Diverse vacatures in #accounting en #ICT. #vacature	Thu Jul 03 10:52:22 +0000 2014
Alleverkoopbanen 	RT @MrWorkNl: #Vacature: Account Manager Freight gezocht bij Stena Line bv in Hoek van Holland: http://t.co/vQ0Lkq5iVb #Accounting #Sales	Wed Oct 08 07:44:05 +0000 2014
MrWork Sales	#Vacature: Account Manager Freight gezocht bij Stena Line bv in Hoek van Holland: http://t.co/d7zbvpfUtA #Sales #Accounting	Mon Oct 13 21:18:16 +0000 2014
MrWork	#Vacature: ABAB Accountants en Adviseurs zoekt een Accountant AA Agro in Uden: http://t.co/5FtHmNg6xf #Finance #Accounting	Tue Nov 18 08:41:38 +0000 2014
WestlandseBanen	Nieuwe #vacature via Westlandse Banen - Medewerker financiële administratie - http://t.co/Hio0se3wni #dwlg #accounting_financieel	Tue Feb 18 13:28:02 +0000 2014
MrWork	#Vacature: Plurel zoekt een Accountmanager in Utrecht: http://t.co/sHX5MEYGAW #sales #accounting #technisch #wtb #commercieel #techniek	Sat Feb 22 11:56:15 +0000 2014
Crowe Horwath	Nieuwe #vacature #accounting, neem voor meer informatie contact op. http://t.co/nRd0ggxXcV	Mon Mar 03 15:29:54 +0000 2014
PagePersonnel NLJobs	heeft een #vacature Accounts payable specialist english/dutch (ssc - venlo - sap)  #finance #accounting http://t.co/4Du5zIEU7e	Fri Mar 07 11:34:48 +0000 2014
MrWork	#Vacature: ABAB Accountants en Adviseurs zoekt een Assistent-Accountant MKB in Veldhoven: http://t.co/OLdbBNjWKe #accounting #financieel	Sun Mar 16 16:09:41 +0000 2014
MrWork Management	#Vacature: Controleleider / Supervisor in Tilburg bij ABAB Accountants en Adviseurs: http://t.co/BHTMACq6Zo #accounting #controller	Sat Mar 22 08:38:25 +0000 2014
USGFinanceVacatures	TOP!! #vacature #vast  #Manager #Accounting 40 uur p/w bij #USGPeople http://t.co/tnNkjJw2GZ	Thu Mar 27 09:16:36 +0000 2014
DPA	RT @DPAFinance: nieuwe #vacature! Head #Accounting regio #Amsterdam. Vloeiend #Engels is een must. Iets voor jou? Reageer nu! http://t.co/L…	Wed Apr 09 11:24:18 +0000 2014
PagePersonnel BEJobs	heeft een #vacature G/l accountant met interesse in tax  #accounting #finance http://t.co/S9i6Iph18q	Wed Apr 09 18:42:38 +0000 2014
youngfinancials	#vacature #accounting &amp; #Reporting Functie op #Investment afdeling van een Amsterdamse Bank http://t.co/7lH5kVBpgO	Tue Aug 12 13:45:45 +0000 2014
MrWork Management	#Vacature: Salesmanager Projecten in Barendrecht bij GS-Hydro: http://t.co/WOH9RP14Kj #Accounting #Sales #Techniek	Wed Oct 01 11:44:27 +0000 2014
MrWork Finance	#Vacature: Accountant AA Agro in Uden bij ABAB Accountants en Adviseurs: http://t.co/WXJSHF0NWG #Finance #Accounting	Tue Nov 18 06:15:40 +0000 2014
MrWork Finance	#Vacature: Accountant AA Agro gezocht bij ABAB Accountants en Adviseurs in Uden: http://t.co/TgrRISDygn #Finance #Accounting	Fri Nov 28 23:00:49 +0000 2014
MrWork Automotive	#Vacature: Finance Managers bij Continental Automotive Trading Nederland BV in Eindhoven: http://t.co/RyAPYX1inq #Accounting	Mon Dec 01 05:39:04 +0000 2014
MrWork Finance	#Vacature: (Medior) Controller in Schiedam bij A. de Jong Groep: http://t.co/0abXIEflPt #Controlling #Accounting #Finance	Sun Dec 14 12:41:48 +0000 2014
MrWork Sales	HEC-Holland in Velp zoekt een (Jr.) International Account Manager: http://t.co/iLQ4gZNYMq #technisch #vacature #finance #accounting	Thu Jan 16 08:56:04 +0000 2014
Vacaturestream.nl	RT @vacatures_nr1: Propertize Senior Medewerker Accounting #Utrecht #vacature #finance #accounting banen jobs http://t.co/ZRVQGWk5mX	Fri Jan 24 11:05:38 +0000 2014
PagePersonnelBEJobs	heeft een #vacature Junior accountant met bedrijfswagen  #accounting #finance http://t.co/5NwkObBLY2	Fri Feb 07 11:28:22 +0000 2014
PagePersonnelNLJobs	heeft een #vacature Accounts receivable accountant with growth potential  #finance #accounting http://t.co/i6nh90uxqi	Thu Feb 13 11:30:18 +0000 2014
PagePersonnelNLJobs	heeft een #vacature Gl accountant / hbo / duits / usgaap  #finance #accounting http://t.co/SACTA4NmKa	Thu Feb 13 11:30:18 +0000 2014
MrWork	#Vacature: Senior Account Manager bij Xylem Water Solutions (Dordrecht): http://t.co/kOVLYhPQTl #finance #accounting #commercieel	Sun Feb 16 09:00:13 +0000 2014
MrWork Finance	#Vacature: Junior Assistent-Accountant MKB bij ABAB Accountants en Adviseurs in Veldhoven: http://t.co/Eiu7IZ8Cvj #accounting	Mon Feb 24 21:14:57 +0000 2014
Accounting jobs	#jobs4u #jobs Student Worker - Accounting Co-op, [Cincinnati, #OH] http://t.co/Fq9CTThWLB #accounting	Tue Feb 25 16:41:46 +0000 2014
PagePersonnel BEJobs	heeft een #vacature Assistant accountant  #accounting #finance http://t.co/4QVEdXB7ZR	Tue Mar 11 11:35:17 +0000 2014
PagePersonnel NLJobs	heeft een #vacature Accounts payable accountant ( dutch, english, mandarin)  #finance #accounting http://t.co/vXI30qXOUS	Wed Mar 12 11:34:57 +0000 2014
PagePersonnel NLJobs	heeft een #vacature Hoofd administratie (sap, tijdelijk, 40 uur)  #finance #accounting http://t.co/xO83B6y5wm	Mon Mar 17 11:33:00 +0000 2014
PagePersonnel BEJobs	heeft een #vacature Administratief bediende boekhouding  #accounting #finance http://t.co/Or0gXCumrS	Wed Mar 19 15:36:30 +0000 2014
PagePersonnel NLJobs	heeft een #vacature Duits sprekende junior salarisadministrateur  #finance #accounting http://t.co/yTuYnw72hJ	Fri Mar 28 13:33:09 +0000 2014
PagePersonnel NLJobs	heeft een #vacature Projectadminstrateur  #finance #accounting http://t.co/6rZwOo5GMW	Tue Apr 01 08:33:56 +0000 2014
MrWork Management	#Vacature: Manager Accountancy gezocht bij ABAB Accountants en Adviseurs (Veldhoven): http://t.co/WnlFT42CkQ #accounting #banking	Wed Apr 09 16:21:00 +0000 2014
PagePersonnel NLJobs	heeft een #vacature Team lead credit controller &amp; invoicing  #finance #accounting http://t.co/vmZo0MWnkk	Fri Apr 18 08:31:48 +0000 2014
9to5 Jobs	Accounting CO-OP Summer Program (College Students Only) at Bristol Bay Native (Huntsville, A... http://t.co/1dMGXyh9nD #jobs #accounting	Fri Apr 18 21:57:40 +0000 2014
PagePersonnel NLJobs	heeft een #vacature Zelfstandig boekhouder (nl/en vloeiend - 20/24 uur)  #finance #accounting http://t.co/wiOvhO2FGm	Wed Apr 23 10:39:42 +0000 2014
PagePersonnel NLJobs	heeft een #vacature Tijdelijke allround financieel medewerker gezocht  #finance #accounting http://t.co/0a2A5Z2GXC	Wed Apr 23 10:39:42 +0000 2014
MrWork Finance	ABAB Accountants en Adviseurs zoekt een Jr Assistent-Accountant Klantenteam (Veldhoven): http://t.co/VvJ84ocyEh #accounting #vacature	Sun May 11 04:58:21 +0000 2014
Certio	Certio staat garant voor een goede opvolging en ondersteuning tijdens je zoektocht naar een nieuwe functie. #Accounting #ICT #job #vacature	Mon Jun 30 10:03:34 +0000 2014
MrWork Sales	#Vacature: Salesmanager Projecten in Barendrecht bij GS-Hydro: http://t.co/XUwSHoSwHb #Techniek #Accounting #Sales	Wed Oct 08 08:09:09 +0000 2014
ikbeninterim.nl	RT @noordhoff: RT @werkenbijnu: Wij zoeken versterking! Er zijn 5 nieuwe #vacatures gepubliceerd. http://t.co/zZym8nKb9t #accounting #proje…	Sun Oct 12 14:53:04 +0000 2014
Noordhoff werft	Uitdagende financieel administratieve #HBO functie! Bekijk deze #vacature op: http://t.co/UJVu6rultT  #finance #accounting #vacatures #050	Thu Oct 23 14:12:06 +0000 2014
Noordhoff werft	Wij hebben mooie financieel administratieve #HBO functie vacant! http://t.co/UJVu6rultT  #finance #accounting #vacatures  #vacatures RT=fijn	Fri Oct 24 06:19:40 +0000 2014
MrWork Consultancy	#Vacature: Aankomend Accountant AA gezocht bij ABAB Accountants en Adviseurs (Waalwijk): http://t.co/mfjc786LyO #Accounting	Wed Nov 05 12:53:14 +0000 2014
WestlandseBanen	Nieuwe #vacature via Westlandse Banen - Hypotheekadviseur - http://t.co/itq5yM5IWT #dwlg #accounting_financieel	Tue Dec 09 18:51:02 +0000 2014
Hans Korbee	RT @WestlandseBanen: Nieuwe #vacature via Westlandse Banen - Administratief talent - http://t.co/WTIusFkHBx #dwlg #accounting_financieel	Fri Feb 14 12:29:31 +0000 2014
PagePersonnel NLJobs	heeft een #vacature Commerciele accountmanager (tilburg - internationaal)  #finance #accounting http://t.co/dUTy98BkO8	Fri Feb 28 11:33:03 +0000 2014
Mike van Damme	Controleleider gezocht, in laatste fase WO RA, minimaal 5 á 6 jaar ervaring #Hoofddorp #werk #vacature #accounting	Thu Mar 20 12:51:25 +0000 2014
PagePersonnel NLJobs	heeft een #vacature Administrateur (hbo - it kennis)  #finance #accounting http://t.co/2HsjjZvFrS	Wed Apr 02 10:33:43 +0000 2014
MrWork Management	#Vacature: Manager Accountancy gezocht bij ABAB Accountants en Adviseurs (Veldhoven): http://t.co/7ZsDBNXlpu #accountancy #accounting	Mon Apr 07 12:59:52 +0000 2014
PagePersonnel NLJobs	heeft een #vacature Junior assistant controller (heao/wo afgerond)  #finance #accounting http://t.co/KaFkFDOZm6	Tue Apr 08 08:34:37 +0000 2014
Vacature Vandaag	RT @PPNL_Jobs: heeft een #vacature Allround financieel medewerker (per direct - hbo starter)  #finance #accounting http://t.co/LLX5mzL2XT	Wed Apr 09 08:37:48 +0000 2014
Accounting jobs	#jobs4u #jobs Accounting CO-OP Summer Program (College Students Only), [Huntsville, #AL] http://t.co/Oszn8GSlFQ #accounting	Sun Apr 13 13:03:36 +0000 2014
Accounting jobs	#jobs4u #jobs Accounting CO-OP Summer Program (College Students Only), [Huntsville, #AL] http://t.co/rAV0I1zLOQ #accounting	Thu Apr 24 13:46:54 +0000 2014
PagePersonnel NLJobs	heeft een #vacature Salarisadministrateur (nl / belgie payroll)  #finance #accounting http://t.co/aBkxtPHUzA	Wed May 14 08:38:56 +0000 2014
pien 	RT @HaysNetherlands: #vacature medewerker inhousebank  bij @wurthnederland – #accounting &amp; #finance – Den Bosch – in vast dienstverband htt…	Thu May 22 10:58:13 +0000 2014
RadissonBluNoordwijk	Kom jij ons team versterken? Wij zoeken een #stagiair(e) of parttime medewerker voor #accounting! http://t.co/pAogfbNFsZ #vacatures #jobs	Mon Jul 21 19:00:26 +0000 2014
Marcel M. Tijssens	RT @werkenbijnu: Uitdagende financieel administratieve #HBO functie! Bekijk deze #vacature op: http://t.co/UJVu6rultT  #finance #accounting…	Fri Oct 24 05:48:11 +0000 2014
MrWork	#Vacature: HBO-er Bedrijfseconomie gezocht bij VolkerWessels Telecom (Amersfoort): http://t.co/K785H7Lkhk #Finance #Accounting	Tue Nov 04 23:25:08 +0000 2014
Page Personnel	heeft een #vacature MEDEWERKER CREDITEURENADMINISTRATIE (M/F) http://t.co/j4UU0kY100 #finance #accounting	Wed Jan 08 13:23:48 +0000 2014
MrWork MarCom	Ultimo Software Solutions in Nunspeet zoekt een Accountmanager IT/ICT: http://t.co/5ONtssLXnu #verkoop #vacature #accountancy #accounting	Fri Jan 17 15:21:03 +0000 2014
MrWork Sales	#Vacature: Senior Account Manager gezocht bij Xylem Water Solutions in Dordrecht: http://t.co/DNMIw2XrsI #accounting #publicrelations	Sun Feb 09 20:16:19 +0000 2014
MrWork Finance	CROP in Arnhem zoekt een Inspecteur / Auditor SNA Keurmerk &amp; CAO: http://t.co/faRe13G9vn #vacature #finance #controlling #accounting	Fri Feb 14 19:03:10 +0000 2014
MrWork Management	#Vacature: Manager Accountancy in Veldhoven bij ABAB Accountants en Adviseurs: http://t.co/6YCVZwMCDL #leidinggevend #accounting	Fri Mar 21 22:16:54 +0000 2014
MrWork MarCom	#Vacature: Klantadviseur Accountancy bij ABAB Accountants en Adviseurs in Tilburg: http://t.co/IxMGKrUaDf #consultancy #accounting	Mon Mar 24 09:20:51 +0000 2014
9to5 Jobs	Accounting Clerk at Employ-r Solutions (Washington): BASIC SUMMARY: The Accounting Clerk wil... http://t.co/H1NKN6s8PB #jobs #accounting	Sun Mar 30 02:39:41 +0000 2014
CareerOne Accounting	#accounting #jobs Commercial Analyst: NSW-Sydney, Commercial Analyst Gloabl FMCG Company Career Progressive Op... http://t.co/hLtX1Xb7j8	Mon Mar 31 07:48:09 +0000 2014
Accounting jobs	#jobs4u #jobs College Co-op (Admin) -- Payroll &amp; Benefits Accounting, [Midland, #MI] http://t.co/SJULrU3nMl #accounting	Wed Apr 09 22:49:18 +0000 2014
Accounting jobs	#jobs4u #jobs Accounting CO-OP Summer Program (College Students Only), [Huntsville, #AL] http://t.co/DNiOsCxocb #accounting	Mon Apr 14 06:25:47 +0000 2014
PagePersonnel NLJobs	heeft een #vacature Financieel medewerker ssc  #finance #accounting http://t.co/3zxN8xClwk	Mon Apr 28 08:35:27 +0000 2014
PagePersonnel NLJobs	heeft een #vacature Wo-er gezocht met ervaring binnen de accountancy  #finance #accounting http://t.co/adgydoFz3e	Tue May 13 14:43:30 +0000 2014
WestlandseBanen	Nieuwe #vacature via Westlandse Banen - Gevorderde controle-assistent. - http://t.co/j2ruS9DewQ #dwlg #accounting_financieel @westlandwens	Wed Sep 24 08:13:02 +0000 2014
Sander	RT @MrWorkNl: #Vacature: Account Manager Freight in Hoek van Holland bij Stena Line bv: http://t.co/luYaVXg4zH #Logistiek #Accounting #Sales	Sun Oct 12 15:37:57 +0000 2014
MrWork Finance	#Vacature: Assistent Group Controller gezocht bij Alewijnse in Nijmegen: http://t.co/gDTYJWj3Jy #Finance #Administratie #Accounting	Sun Oct 19 18:14:27 +0000 2014
MrWork	#Vacature: VolkerWessels Telecom zoekt een HBO-er Bedrijfseconomie in Amersfoort: http://t.co/Tskw2BlhEC #Accounting #Finance	Mon Oct 27 10:01:03 +0000 2014
MrWork	#Vacature: Accountant AA bij ABAB Accountants en Adviseurs (Veldhoven): http://t.co/GTJlk5PFZI #Controlling #Accounting	Thu Oct 30 17:36:52 +0000 2014
MrWork Finance	#Vacature: Accountant AA Agro in Uden bij ABAB Accountants en Adviseurs: http://t.co/SQnef28l2u #Finance #Accounting	Fri Dec 05 13:03:45 +0000 2014
9to5 Jobs	Accounting Assistant at http://t.co/ukRErSDPnP (Henderson): Immediate Accounting Assistant op... http://t.co/3fBYwWGowG #jobs #accounting	Sun Jan 05 04:40:44 +0000 2014
Page Personnel	heeft een #vacature ACCOUNTANT BINNEN OLIE &amp; GAS  (M/F) http://t.co/38FJZER30Q #finance #accounting	Fri Jan 17 10:37:01 +0000 2014
Page Personnel	heeft een #vacature ERVAREN ADMINISTRATEUR (M/F) http://t.co/4zMmKkonXO #finance #accounting	Tue Jan 21 11:39:34 +0000 2014
Page Personnel	heeft een #vacature ALLROUND ADMINISTRATEUR (VOOR DE DUITSE MARKT) 40 UUR (M/F) http://t.co/fetOZsrxXP #finance #accounting	Tue Jan 21 11:39:34 +0000 2014
Accounting Jobs	Tech. opérations financières (Provigo Boucherville) - poste temporaire #accounting #jobs http://t.co/hpjaVdY3x3	Thu Feb 06 22:15:07 +0000 2014
PagePersonnelBEJobs	heeft een #vacature Junior boekhouder / hulpboekhouder  #accounting #finance http://t.co/aElXKoVeQS	Tue Feb 18 11:32:00 +0000 2014
MrWork Finance	#Vacature: Assistent Accountancy Controlepraktijk bij accon avm (Echt): http://t.co/NuuAwGVazD #accountancy #accounting #finance	Fri Mar 07 15:50:15 +0000 2014
MrWork Sales	Klantadviseur Accountancy gezocht bij ABAB Accountants en Adviseurs in Tilburg: http://t.co/FdySqOlNYd #vacature #accounting #financieel	Sun Mar 23 22:33:22 +0000 2014
Hans Korbee	RT @WestlandseBanen: Nieuwe #vacature via Westlandse Banen - Lid van de Raad van Commissarissen - http://t.co/BlVwsbj7xa #dwlg #accounting_…	Wed Mar 26 08:54:11 +0000 2014
Miranda	RT @MrWorkNl: Accountant gezocht bij Samskip (Rotterdam): http://t.co/YW4ul0wB4O #vacature #administratie #accounting #financieel	Mon Apr 07 09:42:11 +0000 2014
Frank Berkhout	RT @annebesselink: #vacature #alert! Wij zoeken nieuwe #collega's in #finance, #accounting, #controlling, #recruitment en #management! http…	Mon Apr 07 11:23:41 +0000 2014
PagePersonnel BEJobs	heeft een #vacature Junior head hunter  in an international environment  #accounting #finance http://t.co/ZBCjNufTGO	Tue Apr 08 14:36:33 +0000 2014
Accounting jobs	#jobs4u #jobs Accounting CO-OP Summer Program (College Students Only), [Huntsville, #AL] http://t.co/0Na0ST4gqj #accounting	Sat Apr 12 15:14:36 +0000 2014
PagePersonnel BEJobs	heeft een #vacature Junior financial analyst  #accounting #finance http://t.co/oFvAO4gHe7	Fri Apr 18 10:32:40 +0000 2014
Accounting jobs	#jobs4u #jobs Accounting CO-OP Summer Program (College Students Only), [Huntsville, #AL] http://t.co/RD2qtTJP6w #accounting	Tue Apr 29 15:37:52 +0000 2014
PagePersonnel NLJobs	heeft een #vacature General ledger accountant (hbo be, ft, tweede stap)  #finance #accounting http://t.co/fi1QtyXakx	Tue May 06 14:44:00 +0000 2014
PagePersonnel BEJobs	Heeft een #vacature High potential junior accountant  #accounting #finance http://t.co/mTF7XeTzQB	Wed May 07 10:38:58 +0000 2014
MrWork	Area Sales Manager Benelux bij Intercoat in Home Office gezocht bij Mercuri Urval: http://t.co/dCUXBKljBu #accounting #vacature	Thu Sep 11 15:21:50 +0000 2014
Bert Thijs de Jong	RT @werkenbijnu: Wij hebben mooie financieel administratieve #HBO functie vacant! http://t.co/UJVu6rultT  #finance #accounting #vacatures  …	Fri Oct 24 07:31:51 +0000 2014
MrWork	#Vacature: Accountant AA Agro bij ABAB Accountants en Adviseurs (Uden): http://t.co/YmFWX6Pmrk #Accounting #Finance	Sat Nov 22 15:23:37 +0000 2014
Jill Takken	Word jij mijn collega bij #DeloitteNL? #Vacature: #Accounting Bijbaan #Core #Audit #Amsterdam per januari 2015 -http://t.co/1cgRgAc5vB	Thu Nov 27 09:45:06 +0000 2014
Page Personnel	heeft een #vacature CREDIT MANAGER GERMAN / ENGLISH / DUTCH (M/F) http://t.co/g55qgcdtB8 #finance #accounting	Mon Jan 20 15:06:28 +0000 2014
PagePersonnelNLJobs	heeft een #vacature Accounts receivable employee  #finance #accounting http://t.co/m40o5VnhRB	Mon Feb 10 13:28:24 +0000 2014
WestlandseBanen	Nieuwe #vacature via Westlandse Banen - Administratief talent - http://t.co/WTIusFkHBx #dwlg #accounting_financieel	Fri Feb 14 12:26:01 +0000 2014
CareerOne Accounting	AU #accounting #jobs Bookkeeper: SA-Adelaide, Immediate Start Temporary to Permanent Opportunity Part time hou... http://t.co/kD2x6GrDz1	Fri Feb 21 06:33:49 +0000 2014
PagePersonnel NLJobs	heeft een #vacature Controller met ervaring letter of credit  #finance #accounting http://t.co/V9s9t4CGEj	Wed Feb 26 09:32:26 +0000 2014
MrWork Retail	Orangefield Sedico in Utrecht zoekt een Young Professional Accounting &amp; Control: http://t.co/AiSvho4fRc #vacature #accounting	Wed Feb 26 17:22:16 +0000 2014
Accounting Jobs	Co-op Food Market Accounting Clerk #accounting #jobs http://t.co/KF7XqqbKfQ	Thu Feb 27 18:05:08 +0000 2014
PagePersonnel NLJobs	heeft een #vacature Allround administrateur 24 uur per week (tijdelijk, 4 maanden)   #finance #accounting http://t.co/z7IKW8LgBh	Fri Mar 07 11:34:48 +0000 2014
MrWork Sales	#Vacature: Klantadviseur Accountancy gezocht bij ABAB Accountants en Adviseurs (Tilburg): http://t.co/CZeWAOMyDC #accounting	Wed Mar 12 08:35:18 +0000 2014
PagePersonnel BEJobs	heeft een #vacature Business analyst for an international company  #accounting #finance http://t.co/myjGOGnNka	Thu Apr 10 18:41:40 +0000 2014
Accounting jobs	#jobs4u #jobs Accounting CO-OP Summer Program (College Students Only), [Huntsville, #AL] http://t.co/q8VIY1kQ6K #accounting	Tue Apr 22 18:19:48 +0000 2014
Accounting jobs	#jobs4u #jobs Accounting CO-OP Summer Program (College Students Only), [Huntsville, #AL] http://t.co/lYeZk5XsvN #accounting	Sat Apr 26 18:04:09 +0000 2014
youngfinancials	#vacature Starten in het topsegment van de financiële markt? (#Juridisch-, #tax-, #accounting- en Governance): http://t.co/nAn90fvOly	Wed Jun 11 12:35:10 +0000 2014
Certio	Hoe gelukkig ben jij op het werk? #jobs #vacature #accounting #ICT http://t.co/hOGxWIo2Em	Fri Jul 04 14:16:35 +0000 2014
MrWork Sales	#Vacature: Account Manager Freight bij Stena Line bv (Hoek van Holland): http://t.co/s2p9wgJYmA #Accounting #Sales #Logistiek	Sat Oct 11 17:57:14 +0000 2014
Marian van Overveld	RT @MrWorkNl: #Vacature: ABAB Accountants en Adviseurs zoekt een Accountant AA in Veldhoven: http://t.co/dWriwbMXmT #Controlling #Accounting	Sat Nov 01 21:06:01 +0000 2014
WestlandseBanen	Nieuwe #vacature via Westlandse Banen - Accountmanager - http://t.co/xtMHVbGee4 #dwlg #accounting_financieel @CafemaEspresso	Sun Nov 30 14:13:01 +0000 2014
MrWork	#Vacature: Consultant Online Recruitment Marketing in Rotterdam bij VONQ: http://t.co/hdVsayHhsR #accounting	Tue Feb 18 09:36:16 +0000 2014
Hans Korbee	RT @WestlandseBanen: Nieuwe #vacature via Westlandse Banen - Medewerker financiële administratie - http://t.co/Hio0se3wni #dwlg #accounting…	Tue Feb 18 13:56:14 +0000 2014
MrWork Sales	#Vacature: International Account Manager gezocht bij Fresh Mushroom Europe in Breda: http://t.co/arJnWauC5E #verkoop #accounting	Tue Mar 18 22:53:57 +0000 2014
Accounting jobs	#jobs4u #jobs Accounting CO-OP Summer Program (College Students Only), [Huntsville, #AL] http://t.co/gyQDZgfIbo #accounting	Sat Apr 05 18:21:12 +0000 2014
Accounting jobs	#jobs4u #jobs Accounting CO-OP Summer Program (College Students Only), [Huntsville, #AL] http://t.co/CBpWutNbIV #accounting	Sun Apr 13 22:46:12 +0000 2014
MrWork	#Vacature: Junior Controller bij Alterim in Amsterdam: http://t.co/u3i1tNO9s7 #controller #accounting	Sat Jun 07 20:24:04 +0000 2014
RadissonBluNoordwijk	Kom jij ons team versterken? Wij zoeken een #stagiair(e) of parttime medewerker voor #accounting! http://t.co/FQtYXnYn0y #vacatures #jobs	Fri Jul 18 10:09:32 +0000 2014
VVDBeemster	RT @MrWorkNl: #Vacature: Fiscaal Adviseur bij Alfa Accountants en Adviseurs (Aalsmeer,Bleiswijk,Zwolle): http://t.co/gyDr10G10Z #accounting…	Sat Aug 23 22:31:52 +0000 2014
ikbeninterim.nl	RT @WestlandseBanen: Nieuwe #vacature via Westlandse Banen - Financiele starters - http://t.co/jWpI2ra5A5 #dwlg #accounting_financieel @wer…	Sat Sep 13 16:40:22 +0000 2014
MrWork Techniek	#Vacature: GS-Hydro zoekt een Salesmanager Projecten in Barendrecht: http://t.co/sbKm7v6zwS #Techniek #Accounting #Sales	Fri Oct 17 08:05:15 +0000 2014
MrWork Sales	#Vacature: Account Manager Freight bij Stena Line bv (Hoek van Holland): http://t.co/E1u4zUj0sw #Sales #Logistiek #Accounting	Sat Oct 18 08:00:18 +0000 2014
ikbeninterim.nl	RT @werkenbijnu: Wij hebben mooie financieel administratieve #HBO functie vacant! http://t.co/UJVu6rultT  #finance #accounting #vacatures  …	Fri Oct 24 11:21:33 +0000 2014
Marcel M. Tijssens	RT @werkenbijnu: Wij hebben mooie financieel administratieve #HBO functie vacant! http://t.co/UJVu6rultT  #finance #accounting #vacatures  …	Mon Oct 27 18:24:54 +0000 2014
MrWork	#Vacature: ABAB Accountants en Adviseurs zoekt een Accountant AA in Veldhoven: http://t.co/dWriwbMXmT #Controlling #Accounting	Sat Nov 01 20:57:54 +0000 2014
MrWork Consultancy	#Vacature: Aankomend Accountant AA bij ABAB Accountants en Adviseurs in Waalwijk: http://t.co/XKQNZkodcC #Finance #Accounting	Fri Nov 21 09:38:23 +0000 2014
advisor_job	749 nieuwe resultaten voor #Accounting #Holland: http://t.co/uOTiqpcykG #vacatures	Thu Nov 27 08:45:03 +0000 2014
Page Personnel	heeft een #vacature FINANCIAL CONTROLLER (M/F) http://t.co/QnuhH1sFQf #finance #accounting	Mon Jan 13 12:10:02 +0000 2014
PagePersonnelNLJobs	heeft een #vacature High potential  #finance #accounting - Reference : PBOB141712UtrechtPermanent- Afgeronde hbo o... http://t.co/2BZ5y3NRym	Thu Jan 30 09:27:35 +0000 2014
PagePersonnelNLJobs	heeft een #vacature Interim hfa  #finance #accounting - Reference : PDET141738Utrecht weeks- Afgeronde Financieel ... http://t.co/YZGpukCEwg	Tue Feb 04 15:34:40 +0000 2014
Starters Mid-Brabant	RT @PPNL_Jobs: heeft een #vacature Stage commercieel recruitment consultant (met startersbeurs)  #finance #accounting http://t.co/f8TAScP5EX	Fri Feb 28 12:21:22 +0000 2014
CareerOne Accounting	#accounting #jobs Financial Accountant: SA-Adelaide, Financial Accountant Drive process improvements Career Op... http://t.co/UmtwrDSlkg	Tue Mar 11 06:28:47 +0000 2014
MrWork	ABAB Accountants en Adviseurs zoekt een Junior Assistent-Accountant MKB in Veldhoven: http://t.co/Yshvqzqk6M #vacature #accounting	Fri Mar 14 12:20:35 +0000 2014
PagePersonnel NLJobs	heeft een #vacature Assistent controller  #finance #accounting	Mon Mar 31 08:29:54 +0000 2014
Accounting jobs	#jobs4u #jobs Accounting CO-OP Summer Program (College Students Only), [Huntsville, #AL] http://t.co/xo1qhJC5nJ #accounting	Thu Apr 17 21:16:05 +0000 2014
MrWork Finance	#Vacature: Accountant AA Agro in Waalwijk bij ABAB Accountants en Adviseurs: http://t.co/cw6vO32ZLz #accountancy #accounting #vacature	Thu May 01 04:27:53 +0000 2014
MrWork Management	#Vacature: Salesmanager Projecten bij GS-Hydro (Barendrecht): http://t.co/T5IgM6fMZl #Accounting #Techniek #Sales	Tue Oct 07 21:47:23 +0000 2014
MrWork Sales	#Vacature: GS-Hydro zoekt een Salesmanager Projecten in Barendrecht: http://t.co/MWvHeQ1Syd #Sales #Accounting #Techniek	Sun Oct 12 14:50:58 +0000 2014
MrWork	#Vacature: Accountmanager/Relatiebeheerder voor opleidingsbroker in Maarssen bij Marosel BV: http://t.co/nBY7yaJmYg #Accounting	Tue Nov 18 10:53:05 +0000 2014
MrWork	#Vacature: A. de Jong Groep zoekt een (Medior) Controller in Schiedam: http://t.co/mbo0cqfxpz #Controlling #Finance #Accounting	Sat Dec 06 19:53:15 +0000 2014
Page Personnel	heeft een #vacature GL ACCOUNTANT / HBO / DUITS / USGAAP (M/F) http://t.co/UR6utr3gZM #finance #accounting	Thu Jan 16 14:42:58 +0000 2014
PagePersonnelNLJobs	heeft een #vacature Medewerker accounts payable (jdedwards / tijdelijk 6 maanden)  #finance #accounting http://t.co/fGA0Z6iKpo	Mon Feb 03 13:27:43 +0000 2014
WestlandseBanen	Nieuwe #vacature via Westlandse Banen - Financieel-administratief medewerker - http://t.co/XLC2yebUxZ #dwlg #accounting_financieel	Thu Feb 13 12:16:01 +0000 2014
PagePersonnel NLJobs	heeft een #vacature Medewerker crediteurenadministratie  #finance #accounting http://t.co/UYH4rafx2v	Wed Feb 19 11:33:22 +0000 2014
PagePersonnel NLJobs	heeft een #vacature Credit control team leader (french, 40 hrs)  #finance #accounting http://t.co/5iSm0oXxcs	Fri Mar 28 13:33:08 +0000 2014
Hays Netherlands	#vacature accounts payable supervisor – oil &amp; gas industry – ervaring als supervisor - http://t.co/fqyI3OBOgA #finance #accounting	Tue Apr 08 07:28:18 +0000 2014
MrWork	ABAB Accountants en Adviseurs zoekt een Manager Accountancy in Veldhoven: http://t.co/csSAZvDUSy #accounting #vacature #accountancy	Wed Apr 16 08:31:23 +0000 2014
PagePersonnel NLJobs	heeft een #vacature Administrateur (ft, hbo)  #finance #accounting http://t.co/kj53LasIUn	Wed Apr 23 10:39:42 +0000 2014
PagePersonnel NLJobs	heeft een #vacature Pricing coordinator (bachelor/master - ft)  #finance #accounting http://t.co/Y0VbkT39nq	Thu May 08 08:41:18 +0000 2014
MrWork	#Vacature: Project Consultants Finance gezocht bij TriFinance in Rotterdam,Amsterdam: http://t.co/BC2LDJdHvj #finance #accounting	Fri Jun 20 04:38:47 +0000 2014
MrWork	Nestlé Nederland B.V. zoekt een Allround Account Support Specialist (Amstelveen): http://t.co/I80ezfEcoh #vacature #accounting #finance	Sat Jul 12 17:01:45 +0000 2014
digitalejobs	RT @Accountant_Job: .Net Web Developer #accounting #jobs http://t.co/7EwMKV0Hbc	Sun Oct 12 09:15:56 +0000 2014
Natasja	RT @noordhoff: RT @werkenbijnu: Wij zoeken versterking! Er zijn 5 nieuwe #vacatures gepubliceerd. http://t.co/zZym8nKb9t #accounting #proje…	Sun Oct 12 17:50:08 +0000 2014
MrWork Techniek	#Vacature: GS-Hydro zoekt een Salesmanager Projecten in Barendrecht: http://t.co/k023HDAnzT #Accounting #Sales #Techniek	Wed Oct 15 04:44:23 +0000 2014
MrWork Finance	#Vacature: Risk Consultant bij Stater (Amersfoort): http://t.co/Z22Oyk0Hs3 #Accounting #Finance	Fri Oct 31 19:01:58 +0000 2014
MrWork	#Vacature: Finance Managers in Eindhoven bij Continental Automotive Trading Nederland BV: http://t.co/PbXjtzq4hp #Accounting	Sun Nov 23 09:55:35 +0000 2014
Jeff Ho	RT @MrWork_finance: #Vacature: Controller gezocht bij A. de Jong Groep (Schiedam): http://t.co/bcOK7OIlxz #Controlling #Finance #Accounting	Sat Nov 29 09:15:04 +0000 2014
MrWork	Accountmanager gezocht bij Plurel in Utrecht: http://t.co/sjicagOVJD #vacature #accountancy #financieel #accounting	Sun Jan 26 08:26:03 +0000 2014
PagePersonnelNLJobs	heeft een #vacature Accounts payable specialist (sap - 24 uur per week)  #finance #accounting http://t.co/EGC47rglVQ	Mon Feb 17 09:30:40 +0000 2014
PagePersonnel NLJobs	heeft een #vacature Medewerker debiteuren- &amp; crediteurenadministratie (sap, meao)  #finance #accounting http://t.co/FNJcBVfxHv	Wed Feb 19 11:33:22 +0000 2014
PagePersonnel NLJobs	heeft een #vacature Junior project controller  #finance #accounting http://t.co/xWNQNXpGTj	Fri Feb 21 11:32:02 +0000 2014
PagePersonnel BEJobs	heeft een #vacature Boekhouder voor kmo  #accounting #finance http://t.co/gb5Z89P3zo	Mon Feb 24 11:32:34 +0000 2014
PagePersonnel NLJobs	heeft een #vacature Financieel administrateur  #finance #accounting http://t.co/5Lz1gzQH6K	Mon Feb 24 11:33:21 +0000 2014
MrWork	#Vacature: Klantadviseur bij ABAB Accountants en Adviseurs (Tilburg): http://t.co/cGavHal5uP #accounting	Tue Feb 25 07:31:45 +0000 2014
PagePersonnel BEJobs	heeft een #vacature Dossierbeheerder in een middelgrote fiduciaire te aarschot  #accounting #finance http://t.co/7oe3e5SnCn	Tue Mar 18 11:31:58 +0000 2014
MrWork Sales	#Vacature: Klantadviseur Accountancy gezocht bij ABAB Accountants en Adviseurs (Tilburg): http://t.co/gattwy4rGy #accounting #vacature	Sun Mar 30 12:37:17 +0000 2014
PagePersonnel NLJobs	heeft een #vacature Debiteurenbeheerder (mbo - logistics)  #finance #accounting http://t.co/ujjeprz4ek	Thu Apr 17 14:42:52 +0000 2014
Hays Netherlands	#vacature medewerker inhousebank  bij @wurthnederland – #accounting &amp; #finance – Den Bosch – in vast dienstverband http://t.co/KYen79CYP4	Thu May 22 09:01:09 +0000 2014
VersTalent	#vacature #financieel medewerker #rotterdam 1 dag per week ideale #bijbaan #student #finance #accounting RT=welkom http://t.co/UenGwDeuXc	Fri Jun 20 10:47:35 +0000 2014
MrWork Finance	Bruynzeel Keukens zoekt een Credit controller (Bergen op Zoom): http://t.co/KjVrSlq0dj #financieel #banking #vacature #accounting	Mon Jul 21 11:24:40 +0000 2014
Center Parcs Jobs	Word jij onze nieuw collega?! Er is ruimte voor een Trainee Accounting http://t.co/NtwnclQDr3 #vacature #trainee #accounting #centerparcs	Mon Jul 28 11:47:10 +0000 2014
MrWork Sales	Mercuri Urval zoekt een Area Sales Manager Benelux bij Intercoat (Home Office): http://t.co/A8IiG8G9wM #finance #accounting #vacature	Wed Sep 03 18:08:46 +0000 2014
MrWork Finance	#Vacature: Account Manager New Business bij BNP Paribas Cardif bij Mercuri Urval (Oosterhout): http://t.co/quYtOdYiXJ #Accounting	Wed Sep 24 04:26:48 +0000 2014
MrWork	#Vacature: Salesmanager Projecten bij GS-Hydro (Barendrecht): http://t.co/D2BfDO2wwe #Sales #Techniek #Accounting	Tue Oct 14 15:44:25 +0000 2014
Kim Verheyden	Our finance team is looking for a new colleague with a first experience in AP http://t.co/AqILYMnSHB #insites #jobs #finance #accounting	Thu Oct 16 12:13:54 +0000 2014
ikbeninterim.nl	RT @WestlandseBanen: Nieuwe #vacature via Westlandse Banen - Accountmanager - http://t.co/xtMHVbGee4 #dwlg #accounting_financieel @CafemaEs…	Sun Nov 30 16:05:07 +0000 2014
MrWork	#Vacature: (Medior) Controller bij A. de Jong Groep in Schiedam: http://t.co/IQ3lRWFBrT #Controlling #Finance #Accounting	Sat Dec 13 13:11:21 +0000 2014
Jill Takken	Word jij mijn collega bij #DeloitteNL? #Vacature: #Accounting Bijbaan #Core #Audit #Amsterdam 2015 -http://t.co/IeOp0SLh78	Sat Dec 13 19:28:05 +0000 2014
MrWork	#Vacature: A. de Jong Groep zoekt een (Medior) Controller in Schiedam: http://t.co/AZQAcggAQb #Controlling #Finance #Accounting	Fri Dec 19 23:14:22 +0000 2014
Jill Takken	Word jij mijn collega bij #DeloitteNL? #Vacature: #Accounting Bijbaan #Core #Audit #Amsterdam 2015 -http://t.co/1cgRgAc5vB	Sun Dec 28 12:33:55 +0000 2014
Accounting Jobs	Administrateur, Opérations / Administrator, Operations #accounting #jobs http://t.co/tLHxJPe2dp	Fri Jan 10 00:25:05 +0000 2014
Monique ten Buur	I'm hiring: #vacature Groepshoofd Kassa/Bank - Werken bij A.S. Watson http://t.co/ChbzHZxkbd #finance #accounting	Thu Jan 30 12:06:45 +0000 2014
suzanne van het Hof	RT @MoniquetenBuur: I'm hiring: #vacature Groepshoofd Kassa/Bank - Werken bij A.S. Watson http://t.co/ChbzHZxkbd #finance #accounting	Thu Jan 30 12:31:33 +0000 2014
WestlandseBanen	Nieuwe #vacature via Westlandse Banen - Financieel-administratief medewerker - http://t.co/XLC2yebUxZ #dwlg #accounting_financieel	Fri Feb 14 12:16:02 +0000 2014
MrWork Finance	ABAB Accountants en Adviseurs is op zoek naar een Assistent-Accountant MKB (Breda): http://t.co/NOJn62Qn9X #accounting #vacature	Thu Feb 27 05:16:09 +0000 2014
PagePersonnel NLJobs	heeft een #vacature Fulltime boekhouder (mba, productie, duits)  #finance #accounting http://t.co/MtYMwJeMBI	Fri Feb 28 11:33:03 +0000 2014
PagePersonnel NLJobs	heeft een #vacature Junior financieel administratief medewerker in de automotive  #finance #accounting http://t.co/4hMhIa6sVs	Thu Mar 13 11:34:30 +0000 2014
Accounting jobs	#jobs4u #jobs Accounting CO-OP Summer Program (College Students Only), [Huntsville, #AL] http://t.co/UFtS1RLNyl #accounting	Sun Apr 06 21:23:46 +0000 2014
CareerOne Accounting	AU #accounting #jobs Accounts Receivable Officer: QLD-Brisbane, Temp Role - 3 months SAP essential Parking Ons... http://t.co/TTfthChva2	Tue Apr 08 00:15:28 +0000 2014
Accounting jobs	#jobs4u #jobs Accounting CO-OP Summer Program (College Students Only), [Huntsville, #AL] http://t.co/3lbfTRMyv7 #accounting	Wed Apr 16 14:49:14 +0000 2014
Accounting jobs	#jobs4u #jobs Accounting CO-OP Summer Program (College Students Only), [Huntsville, #AL] http://t.co/LNDwBRzzhZ #accounting	Mon Apr 28 22:08:41 +0000 2014
MrWork Finance	#Vacature: Project Consultants Finance gezocht bij TriFinance (Rotterdam,Amsterdam): http://t.co/FzmTZWrqKC #banking #accounting	Tue Jun 03 10:57:09 +0000 2014
Werken voor NL	Ben jij de ervaren #accounting manager die bij @Intravacc aan de slag wil? Bekijk deze baan hier: http://t.co/FCv4vcDhGo #vacature	Fri Aug 22 09:29:47 +0000 2014
Laudame Financials	Ben jij de #accounting &amp; #reporting analyst die wij zoeken? http://t.co/PSO2qFc4qK #vacature #Zuid-Holland	Thu Aug 28 09:05:10 +0000 2014
VersTalent	Mooie #vacature voor #starter in #finance #accounting assistant #controller regio Ranstad #rotterdam #denhaag #verst…http://t.co/5h5WZlOysQ	Sun Sep 14 18:59:41 +0000 2014
Lucia Cardoso Lima	RT @MrWorkNl: #Vacature: Accountant AA in Veldhoven bij ABAB Accountants en Adviseurs: http://t.co/8qp2Ea9STp #Controlling #Accounting	Tue Nov 04 07:11:02 +0000 2014
Jeff Ho	RT @MrWorkNl: #Vacature: Accountant AA Agro bij ABAB Accountants en Adviseurs (Uden): http://t.co/0xvTgoX111 #Accounting #Finance	Mon Dec 01 09:56:37 +0000 2014
MrWork	#Vacature: General Ledger Accountant bij USG Brands in Amsterdam: http://t.co/T4queMvRft #Finance #Accounting #Retail	Tue Dec 02 07:51:44 +0000 2014
Better Finance	Hoe weet u of uw financiele kandidaat voldoet aan de eisen? http://t.co/3XkCQKzAQO #Vimeo #accountingtest #finance #vacature	Fri Dec 05 08:57:26 +0000 2014
MrWork Finance	#Vacature: (Medior) Controller bij A. de Jong Groep in Schiedam: http://t.co/ToRfV7jVQN #Controlling #Accounting #Finance	Fri Dec 12 09:20:43 +0000 2014
MrWork	#Vacature: General Ledger Accountant gezocht bij USG Brands (Amsterdam): http://t.co/dXarArp8Ke #Retail #Accounting #Finance	Wed Dec 17 13:18:44 +0000 2014
MrWork Finance	Accountant AA MKB in Goed gezocht bij ABAB Accountants en Adviseurs: http://t.co/tPx4hgmFUT #finance #vacature #accountancy #accounting	Sat Feb 01 15:13:05 +0000 2014
PagePersonnelNLJobs	heeft een #vacature Junior medewerker debiteuren 40 uur at page personnel  #finance #accounting http://t.co/Jq3LztDDcJ	Mon Feb 03 13:27:43 +0000 2014
MrWork MarCom	#Vacature: Franstalig Commercieel Medewerk(st)er Binnendienst in Sittard bij Schils BV: http://t.co/6d2uzyeBfE #sales #accounting	Tue Feb 11 20:10:09 +0000 2014
MrWork Sales	#Vacature: Accountmanager gezocht bij Plurel (Utrecht): http://t.co/XGsLBliYxE #finance #commercieel #accounting	Sat Feb 22 20:45:14 +0000 2014
9to5 Jobs	Accounting CO-OP Summer Program (College Students Only) at Bristol Bay Native (Huntsville, A... http://t.co/Jfj77Fzp4U #jobs #accounting	Mon Mar 24 02:30:53 +0000 2014
MrWork Sales	#Vacature: International Account Manager gezocht bij Fresh Mushroom Europe (Breda): http://t.co/iYWH3zA6So #accounting #accountancy	Sat Mar 29 18:53:47 +0000 2014
PagePersonnel NLJobs	heeft een #vacature Big four kandidaten gezocht  #finance #accounting http://t.co/q3pdVE23aD	Tue Apr 29 10:43:13 +0000 2014
PagePersonnel BEJobs	Heeft een #vacature Assistant accountant  #accounting #finance http://t.co/Jh4E1LEJiQ	Fri May 02 14:40:00 +0000 2014
PagePersonnel NLJobs	heeft een #vacature Treasury assistant (heao afgerond,richting be, per direct)  #finance #accounting http://t.co/AT5NdNteR1	Wed May 14 08:38:56 +0000 2014
John Leenheers	Goedemorgen, wie ga jij vandaag helpen? #nieuwe #baan #vacatures #sales #accounting #manager #dtv	Wed Jun 04 06:49:09 +0000 2014
Certio	#job Boekhouder/fiscalist voor een grote boekhoudkundige organisatie - Sint-Truiden #vacature #accounting  https://t.co/jNtogDNBgQ	Thu Jun 26 14:11:39 +0000 2014
MrWork Finance	Young Professional Accounting &amp; Control gezocht bij Orangefield Sedico (Eemnes): http://t.co/RW0AXwaLoH #vacature #accounting	Sun Jul 20 05:17:38 +0000 2014
Suzanne van Triest	Interessante  #vacature bij #Deloitte #Risk Services: (Senior) #Consultant #Forensic #Accounting #RA -http://t.co/w5cRmEEx36	Tue Jul 22 09:52:00 +0000 2014
Startersbeurs DH	#vacature #Starter #Accounting [#HBO] bij BMW Financial Services in #Rijswijk.  https://t.co/cfc6r8Ctbx	Sun Sep 07 08:51:09 +0000 2014
MrWork	#Vacature: GS-Hydro zoekt een Salesmanager Projecten in Barendrecht: http://t.co/OaJej0347Q #Sales #Accounting #Techniek	Thu Oct 16 19:05:26 +0000 2014
Noordhoff werft	Wil jij de spil zijn in het financieel administratieve proces? Bekijk deze #vacature eens: http://t.co/UJVu6rultT  #finance #accounting #050	Tue Oct 21 09:58:37 +0000 2014
WestlandseBanen	Nieuwe #vacature via Westlandse Banen - Junior accountmanager administraties m/v - http://t.co/ilhv4D5il1 #dwlg #accounting_financieel	Thu Oct 30 19:45:02 +0000 2014
