MrWork	#Vacature: Rockwool zoekt een Accountmanager DIY Benelux in Heel Nederland: http://t.co/yOT2IIUSda #commercieel #consulting #bouw #infra	Sat Jan 04 10:26:02 +0000 2014
MrWork	#Vacature: Sogeti Nederland B.V. zoekt een Oracle Middleware (SOA) Developer in Randstad: http://t.co/uCsdK8EVOL #management #consulting	Sun Feb 23 19:35:14 +0000 2014
Cigdem Bas	Alle tips zijn welkom #meewerkstage #bedrijfskunde #MER #HBO #vacature #gezocht #management #consulting #inkoop #marketing #juridisch sep'14	Mon Mar 10 19:43:07 +0000 2014
Suzanne van Triest	Bij #Deloitte #Consulting hebben we een #vacature voor een Junior Consultant #Telecom &amp; #Media  http://t.co/XsQ9loP6bG	Thu May 15 07:36:12 +0000 2014
Wilma Meere	RT @SuzannevTriest: Bij Deloitte #Consulting naast je studie werken? #Vacature #Werkstudent Business Intelligence &amp; #Analytics - http://t.c…	Wed May 21 20:08:50 +0000 2014
Suzanne van Triest	Als Junior Consultant Advanced #Analytics aan de slag bij #Deloitte #Consulting? Bekijk hier de #vacature:- http://t.co/H0gNDajqt9	Wed Jul 02 07:11:29 +0000 2014
Servaas Weijers	RT @SuzannevTriest: Bij #Deloitte #Consulting aan de slag als #senior #Consultant #Oracle #HR Solutions? Bekijk hier de #vacature: -http://…	Thu Jul 17 11:07:27 +0000 2014
MrWork	#Vacature: Consultant WIA / Verzuim bij Robidus (Utrecht): http://t.co/QXKYvfftBm #consultant #recruitment #consulting #hr #consultancy	Fri Aug 29 11:10:53 +0000 2014
MrWork	#Vacature: Freelance project/programme management expert gezocht bij Edge (Belgium): http://t.co/J6hG6vtChW #consulting #projectmanager	Fri May 09 05:13:43 +0000 2014
MrWork	#Vacature: Senior Contractadviseur in Amersfoort bij Royal HaskoningDHV: http://t.co/G1rCUVonwb #consulting #techniek #consultancy	Wed May 28 13:12:45 +0000 2014
Suzanne van Triest	Bij #Deloitte #Consulting aan de slag als #senior #Consultant #Oracle #HR Solutions? Bekijk hier de #vacature: -http://t.co/EQrVyKs9V2	Thu Jul 17 10:49:17 +0000 2014
Mattijs Jonker	RT @MrWork_HR_info: #Vacature: Consultant Online Recruitment Marketing Amsterdam bij VONQ in Amsterdam: http://t.co/kyqXRVeCMn #consulting …	Sun Feb 16 09:21:09 +0000 2014
MrWork	ORMIT is op zoek naar een Traineeship Management Belastingdienst in Utrecht: http://t.co/maquUZF2zn #consulting #vacature #banking	Thu Apr 03 14:13:02 +0000 2014
MrWork MarCom	#Vacature: Dealer Fleetmanager BMW bij Heiwegen Consultancy (landelijk): http://t.co/r0lWH3f7Gv #consulting #commercieel #sales	Fri Apr 18 11:19:26 +0000 2014
MrWork MarCom	#Vacature: Accountmanager Telecom gezocht bij Ziggo in Utrecht: http://t.co/ahkyKyNHle #consulting	Sat May 31 18:18:02 +0000 2014
Evelien 	RT @MrWorkNl: Consultant gezocht bij Roche (Almere): http://t.co/UPQxv5mpFr #consulting #vacature	Sun Jun 01 17:16:33 +0000 2014
MrWork	Gemeente Beverwijk zoekt een Adviseur Integrale Veiligheid in Beverwijk: http://t.co/1VE0yK307z #consulting #consultant #vacature	Sun Jun 08 17:44:46 +0000 2014
Hans van Tegelen	RT @CTS2005: Al eens gedacht aan een #carrière bij #Capgemini#consulting?!. Waar wacht je op? Bekijk onze #vacatures: http://t.co/SKnF4CmtL…	Mon Aug 25 12:12:19 +0000 2014
MrWork	Bedrijfskundig Adviseur (junior en senior) gezocht bij OSGMetrium (Assen): http://t.co/nLHPIzlbfC #vacature #consulting #consultancy	Sat Sep 06 09:06:48 +0000 2014
MrWork Finance	#Vacature: ORMIT zoekt een Traineeship Management Belastingdienst in Utrecht: http://t.co/yg8umViiZk #consultancy #finance #consulting	Wed Mar 19 13:25:04 +0000 2014
Suzanne van Triest	Bij #Deloitte #Consulting is er een #vacature voor een  (Senior) #Consultant #HR Transformation - http://t.co/C7bfrN8WZE	Fri May 16 13:16:04 +0000 2014
MrWork_Projecten	#Vacature: Beleidsuitvoerder Innovatie bij Provincie Overijssel (Zwolle): http://t.co/61i5Vunbu4 #vacature #consulting #consultancy	Wed May 21 21:03:34 +0000 2014
MrWork Medisch	#Vacature: Sr Adviseur Informele Zorg gezocht bij Vilans (Utrecht): http://t.co/bGoXcY5Xxm #consultancy #sales #consulting	Wed Jun 04 10:23:35 +0000 2014
MrWork Finance	#Baan: Hypotheekadviseur gezocht bij De Hypotheker in Nederland: http://t.co/dAGAICwwKf #consulting #vacature #consultant	Wed Jun 25 18:45:14 +0000 2014
Carla Krul	RT @MrWorkNl: #Vacature: Rockwool zoekt een HR Partner in Roermond: http://t.co/SKKdSd9QRU #hr #humanresources #consulting #techniek	Tue Sep 02 19:32:46 +0000 2014
MrWork Retail	Premium Inc. in Rotterdam zoekt een Productmanager Footwear: http://t.co/vsJp1C5x7o #retail #detailhandel #vacature #consulting	Sun Jan 05 12:06:03 +0000 2014
MrWork MarCom	#Vacature: Klantadviseur Accountancy gezocht bij ABAB Accountants en Adviseurs (Tilburg): http://t.co/Y2E9cpyowb #consulting #finance	Sun Mar 30 18:23:57 +0000 2014
Maurice Fransen	RT @SuzannevTriest: Als ik nog studeerde zou ik het wel weten.. #vacature #scriptie #stage bij  Deloitte #Consulting #Technology - http://t…	Fri May 09 15:36:35 +0000 2014
MrWork Consultancy	#Vacature: Consultant gezocht bij Roche (Almere): http://t.co/vRtdXlxsgA #vacature #consulting #consultancy	Mon May 12 09:54:59 +0000 2014
MrWork	#Vacature: ORMIT zoekt een Technische trainees in Nederland: http://t.co/wIkOBiVwSD #wtb #buying #inkoop #consulting #technisch	Fri May 16 10:58:00 +0000 2014
Maurice Fransen	RT @SuzannevTriest: Bij Deloitte #Consulting naast je studie werken? #Vacature #Werkstudent Business Intelligence &amp; #Analytics - http://t.c…	Wed May 21 17:45:49 +0000 2014
MrWork	#Vacature: Roche zoekt een Consultant in Almere: http://t.co/ycyW5d61wl #consulting #consultant #consultancy #vacature	Fri May 30 11:26:36 +0000 2014
MrWork Consultancy	#Vacature: Sr Adviseur Informele Zorg bij Vilans (Utrecht): http://t.co/meeGSu5LcF #consultant #consulting #vacature #verkoop	Wed Jun 04 17:12:40 +0000 2014
Tara Deekman	Word jij de nieuwe #Deloitte Campus #Recruiter #Consulting in Amstelveen? Check hier de #vacature: http://t.co/99F8jkLHIc	Wed Aug 06 08:56:55 +0000 2014
MrWork MarCom	Senior product marketeer gezocht bij Robidus (Zaandam,Noord-Holland): http://t.co/2Md6Qf7xYY #vacature #consulting	Sun Aug 17 19:36:01 +0000 2014
MBA Jobs West Europe	Consultor Comercial Autonomo: DENEMAX #consulting, Gij&amp;oacute;n, Asturias. http://t.co/hKT4pNzEPU #MBA #jobs #WesternEurope	Sat Jan 25 12:31:43 +0000 2014
MrWork_ITbeheer	Consilium zoekt een Technisch Consultant IT (Rotterdam): http://t.co/zLdtCeP9X4 #ontwikkelaar #development #vacature #consulting	Wed Feb 05 11:42:05 +0000 2014
MrWork	#Vacature: Resultaatgerichte en ambitieuze Associate Consultants in Heel Nederland bij Mercuri Urval: http://t.co/trCZN6siub #consulting	Fri Feb 14 19:33:15 +0000 2014
MrWork MarCom	Heiwegen Consultancy zoekt een Dealer Fleetmanager BMW (landelijk): http://t.co/EIO0rvC5cU #verkoop #automotive #vacature #consulting	Sat Apr 26 10:45:44 +0000 2014
Suzanne van Triest	Als ik nog studeerde zou ik het wel weten.. #vacature #scriptie #stage bij  Deloitte #Consulting #Technology - http://t.co/CsbD2f6LJY	Fri May 09 15:17:25 +0000 2014
MrWork	Beleidsuitvoerder Innovatie gezocht bij Provincie Overijssel in Zwolle: http://t.co/FRXA2F6EEN #vacature #consulting	Sat May 10 20:25:54 +0000 2014
MrWork	#Vacature: Provincie Overijssel zoekt een Beleidsuitvoerder Innovatie in Zwolle: http://t.co/azz72wrOmN #consultant #consulting	Sat May 17 11:46:51 +0000 2014
VeiligLeefbaar	RT @SuzannevTriest: Bij Deloitte #Consulting naast je studie werken? #Vacature #Werkstudent Business Intelligence &amp; #Analytics - http://t.c…	Wed May 21 16:34:01 +0000 2014
Christol de Lang	RT @SuzannevTriest: Bij Deloitte #Consulting naast je studie werken? #Vacature #Werkstudent Business Intelligence &amp; #Analytics - http://t.c…	Wed May 21 16:44:34 +0000 2014
MrWork ICT	ORMIT zoekt een Management Trainee met hart voor IT! (Nederland): http://t.co/LUKjvpaNpN #consulting #vacature #ITdeveloper	Tue Jul 01 11:30:05 +0000 2014
MrWork Management	Robidus is op zoek naar een Manager HR Shared Service Center in Zaandam: http://t.co/emqj4Tp7VC #vacature #consultant #consulting	Mon Jul 07 15:35:07 +0000 2014
MrWork ICT	ORMIT zoekt een Management Trainee met hart voor IT! in Nederland: http://t.co/63H8Y2Vqyo #consulting #vacature #ontwikkelaar	Wed Jul 16 14:57:07 +0000 2014
Deployments Factory	We're hiring 3 profiles @DepFac : 1 Junior &amp; 1 senior Business Consult. and 1 Solution developper http://t.co/W3qmfE0Pam #jobsBE #consulting	Sun Oct 05 11:45:27 +0000 2014
Krista den Uijl	#vacature #consulting #director #banking #retail @IGHconsulting! Ben jij op zoek naar een uitdaging? http://t.co/ZVUNYmyyoM	Thu Oct 16 11:00:35 +0000 2014
MrWork Sales	#Vacature: Accountmanager DIY Benelux gezocht bij Rockwool in Heel Nederland: http://t.co/fadD9QXelH #commercieel #consultancy #consulting	Sat Jan 04 10:26:03 +0000 2014
MrWork	TopLocal Recruitment in Delft zoekt een Clinical Coordinator: http://t.co/2ppe8lUpLk #consulting #vacature #consultant #consultancy	Fri Feb 21 18:01:10 +0000 2014
Cigdem Bas	Alle tips zijn welkom #meewerkstage #bedrijfskunde #MER #HBO #vacature #gezocht #management #consulting #inkoop #marketing #juridisch sep'14	Sat Mar 08 22:42:38 +0000 2014
Sytac IT Consulting	@Sytac #IT #Consulting zoekt #Java #developers voor vast en #zzp dienstverband. #vacature #linkedin http://t.co/shC8gT3duX	Thu Mar 20 10:21:11 +0000 2014
MrWork Civiel	Environmental Engineer / Milieu coördinator gezocht bij Aurubis (Zutphen): http://t.co/pF3HbcCqbj #vacature #consulting #consultancy	Thu May 01 07:38:05 +0000 2014
MrWork	#Vacature: ORMIT zoekt een Technische trainees in Nederland: http://t.co/yXcBWnPzID #consultant #consultancy #consulting	Sat May 03 08:44:57 +0000 2014
MrWork Management	Provincie Overijssel zoekt een Beleidsuitvoerder Innovatie (Zwolle): http://t.co/o6yP7CvAhw #vacature #consulting #consultant	Tue May 13 10:45:06 +0000 2014
Eva S Ridderikhoff	RT @SuzannevTriest: Bij #Deloitte #Consulting is er een #vacature voor een  (Senior) #Consultant #HR Transformation - http://t.co/C7bfrN8WZE	Fri May 16 14:43:52 +0000 2014
De Sociale Media	RT @SuzannevTriest: Bij Deloitte #Consulting naast je studie werken? #Vacature #Werkstudent Business Intelligence &amp; #Analytics - http://t.c…	Wed May 21 16:33:19 +0000 2014
MrWork Civiel	Royal HaskoningDHV is op zoek naar een Senior Contractadviseur (Amersfoort): http://t.co/6qnAc0Vlqh #vacature #consultancy #consulting	Sun Jun 08 14:58:19 +0000 2014
DanielleTeclegiorgis	RT @SuzannevTriest: Wie o wie? #Vacature: Campus #Recruiter #Consulting bij #Deloitte in Amstelveen -http://t.co/gdvqV9qtzG	Fri Aug 22 09:07:40 +0000 2014
GovLab Nederland	RT @SuzannevTriest: Wie o wie? Mooie #vacature bij #Deloitte #Consulting: Consultant #Digital #Strategy http://t.co/bpNX1vvwxu #Technology	Thu Nov 27 20:07:08 +0000 2014
MrWork Consultancy	Roche is op zoek naar een Consultant (Almere): http://t.co/5sBGt2r2jh #consulting #consultant #vacature	Fri May 09 06:34:01 +0000 2014
MrWork Management	Roche in Almere zoekt een Consultant: http://t.co/Y2WgUSJ3QU #vacature #consultancy #consulting #consultant	Thu May 15 18:22:44 +0000 2014
RecruitmentUK	RT @MrWorkNl: #Vacature: Recruitment Consultant bij Deen Recruitment in Rotterdam: http://t.co/upzkpMX5VG #Recruitment #HR #consulting #wtb…	Fri May 23 04:17:20 +0000 2014
MrWork Consultancy	#Vacature: Senior consultant WIA/Verzuim bij Robidus in Breukelen: http://t.co/IqDL4s0p7p #consultancy #finance #banking #consulting	Thu Aug 07 15:18:58 +0000 2014
MrWork Finance	#Vacature: Bedrijfskundig Adviseur (junior en senior) bij OSGMetrium in Assen: http://t.co/MelqOBZ4Xk #consulting	Sun Sep 07 21:52:38 +0000 2014
MrWork	VONQ is op zoek naar een Consultant Online Recruitment Marketing (Rotterdam): http://t.co/bW7jD2o95N #vacature #accountancy #consulting	Mon Feb 17 13:15:13 +0000 2014
MrWork Management	#Vacature: Beleidsuitvoerder Innovatie bij Provincie Overijssel (Zwolle): http://t.co/XQ0eJFrn1I #consulting	Sun May 11 07:24:12 +0000 2014
MrWork MarCom	#Baan: Accountmanager Telecom gezocht bij Ziggo in Utrecht: http://t.co/7VgD1uhovk #consultancy #vacature #sales #consulting	Fri May 23 04:54:02 +0000 2014
MrWork Consultancy	#Vacature: Adviseur Integrale Veiligheid bij Gemeente Beverwijk in Beverwijk: http://t.co/RnmXnZ0Lof #consulting #consultant	Wed Jun 11 04:10:08 +0000 2014
MrWork	#Vacature: Rockwool zoekt een HR Partner in Roermond: http://t.co/rlDYp6L0Uh #consultancy #techniek #consulting	Sat Aug 30 11:10:18 +0000 2014
MrWork	#Vacature: Re-integratie medewerker bij Robidus in Zaandam,Noord-Holland: http://t.co/vWXxg9SmVe #humanresources #consulting #hr	Sun Sep 07 21:33:43 +0000 2014
ateeq	RT @MrWorkNl: #Vacature: New Business Consultant bij Finalist in Rotterdam: http://t.co/6E3yEwjPvo #consulting #vacature #IT #ICT	Wed Mar 12 17:05:14 +0000 2014
MrWork Finance	ABAB Accountants en Adviseurs zoekt een Klantadviseur Accountancy in Tilburg: http://t.co/zKBFNGkLzw #consulting #vacature #financieel	Wed Mar 26 05:54:34 +0000 2014
MrWork Techniek	#Vacature: ORMIT zoekt een Technische trainees in Nederland: http://t.co/jrhHyq6TS3 #consulting #buying #technisch #techniek	Wed May 07 18:06:44 +0000 2014
Jan de Weerd	RT @MrWorkNl: Consultant gezocht bij Roche (Almere): http://t.co/UPQxv5mpFr #consulting #vacature	Sun Jun 01 15:02:07 +0000 2014
Nicole Brueker	RT @WerkenbijPwC: De interesse voor ons #werkenbijpwc #Consulting #Traineeship is groot. Maar er staan nog enkele #vacatures open: http://t…	Thu Nov 27 21:04:37 +0000 2014
MrWork	#Vacature: Accountmanager DIY Benelux in Heel Nederland bij Rockwool: http://t.co/d3nnpesuJh #verkoop #consultancy #consulting #infra	Thu Jan 02 08:06:02 +0000 2014
Toptalentbanen.nl	#Vacature: Consultant Digital Transformation bij Dicitas Consulting (Amsterdam): http://t.co/mnyK8JFFe8 #vacature #consulting	Sun Feb 09 20:10:17 +0000 2014
Banen in techniek 	#Vacature: Aurubis zoekt een Environmental Engineer / Milieu coördinator in Zutphen: http://t.co/MTVk8v4oui #wtb #consulting #vacature	Fri Feb 28 20:40:23 +0000 2014
MrWork Retail	#Vacature: Online Retail Consultant gezocht bij http://t.co/rtUdcc219n (Utrecht): http://t.co/YJFGrDmwhf #consulting #vacature #consultancy	Thu Apr 10 11:40:52 +0000 2014
Erik Slofstra	RT @SuzannevTriest: Als ik nog studeerde zou ik het wel weten.. #vacature #scriptie #stage bij  Deloitte #Consulting #Technology - http://t…	Fri May 09 15:18:21 +0000 2014
MrWork ICT	#Vacature: Management Trainees met een hart voor IT! gezocht bij ORMIT in Heel Nederland: http://t.co/mxQi5bqFjO #consulting #vacature	Thu May 15 08:02:32 +0000 2014
MrWork	#Vacature: Sr adviseur Dementie en Kwetsbare Ouderen gezocht bij Vilans (Utrecht): http://t.co/28snQ85Sn4 #verkoop #sales #consulting	Fri Jun 06 09:21:15 +0000 2014
Elton Backx	RT @HesselvdValk: #Vacature Teamleider Sales Support bij Lloyd's Register Rail in #Utrecht #Consulting http://t.co/BvleWMUhNP	Sun Dec 07 14:02:39 +0000 2014
MrWork Techniek	#Vacature: Adviseur Techniek Elektrotechniek gezocht bij NS Stations in Utrecht: http://t.co/2mxjOFJ6ap #consulting #vacature	Sat Mar 08 20:58:53 +0000 2014
Sytac IT Consulting	#Sytac #IT #Consulting zoekt #Java #developers als vaste #baan en #ZZP dienstverband. #vacature: http://t.co/shC8gT3duX	Thu Mar 20 11:41:15 +0000 2014
MrWork Management	Management Trainees met een hart voor IT! gezocht bij ORMIT (Heel Nederland): http://t.co/qM2CIYThVP #consulting #ICT #vacature	Tue Apr 22 20:39:43 +0000 2014
MrWork	#Vacature: Deen Recruitment zoekt een Recruitment Consultant in Rotterdam: http://t.co/blIhdjzhlK #technisch #vacature #consulting	Tue May 20 04:49:33 +0000 2014
MBA Jobs Consulting	Credit Portfolio #consultant 4 #jobID#001738: Tek-op, Inc., San Francisco, CA. http://t.co/P7ohMxq4kz #MBA #jobs #Consulting	Mon Jan 20 08:36:39 +0000 2014
MrWork	#Vacature: Oracle Middleware (SOA) Developer bij Sogeti Nederland B.V. (Randstad): http://t.co/7ZXs295ULM #ICT #consulting	Mon Mar 10 16:52:11 +0000 2014
MrWork Sales	Heiwegen Consultancy zoekt een Dealer Fleetmanager BMW in landelijk: http://t.co/iJ8YQYsjeS #commercieel #consulting #vacature #verkoop	Fri May 02 11:36:32 +0000 2014
Evelien 	RT @MrWorkNl: #Vacature: Freelance project/programme management expert gezocht bij Edge (Belgium): http://t.co/J6hG6vtChW #consulting #proj…	Fri May 09 05:36:43 +0000 2014
MrWork	#Vacature: Beleidsuitvoerder Innovatie bij Provincie Overijssel (Zwolle): http://t.co/wsD5qIAAMu #consultancy #consulting #vacature	Fri May 23 21:49:55 +0000 2014
MrWork	#Vacature: Robidus zoekt een Re-integratie medewerker in Zaandam,Noord-Holland: http://t.co/JKJHjIXNFE #hr #consulting #vacature	Thu Aug 14 22:19:31 +0000 2014
MrWork	#Vacature: Junior consultant WIA / Verzuim gezocht bij Robidus in Breukelen,Utrecht: http://t.co/HaEo5CALNl #consultancy #hr #consulting	Tue Aug 26 08:32:58 +0000 2014
MrWork Retail	#Vacature: Productmanager Footwear bij Premium Inc. (Rotterdam): http://t.co/FN2MN4IeAn #retail #detailhandel #consultancy #consulting	Sat Jan 11 08:46:03 +0000 2014
MrWork Finance	#Vacature: Klantadviseur Accountancy gezocht bij ABAB Accountants en Adviseurs (Tilburg): http://t.co/OY2BukvD4t #consulting #finance	Sun Mar 23 22:33:33 +0000 2014
MrWork MarCom	#Vacature: New Business Consultant bij Finalist in Rotterdam: http://t.co/ZEmGspxMYo #IT #ITconsultancy #consulting #ICT #vacature	Fri Apr 11 19:14:07 +0000 2014
MrWork Civiel	Accountmanager Bouw gezocht bij Rockfon in antwerpen: http://t.co/m0EkyrFyIZ #consulting #commercieel #vacature #infra #consultancy	Wed Aug 13 21:56:11 +0000 2014
MrWork MarCom	E-Commerce Consultant in Nootdorp gezocht bij K3 Business Solutions: http://t.co/mjhtKn7JJN #consultancy #consultant #consulting #vacature	Tue Jan 07 13:56:02 +0000 2014
MrWork Finance	#Vacature: Coca-Cola Enterprises zoekt een Business Intelligence Analyst in Rotterdam: http://t.co/qU8t9Cmh0Z #consulting #financieel	Sun Feb 09 20:11:02 +0000 2014
MrWork	#Vacature: Consultant Online Recruitment Marketing Amsterdam bij VONQ in Amsterdam: http://t.co/kyqXRVeCMn #consulting #W&amp;S #vacature	Sun Feb 16 08:23:17 +0000 2014
MrWork Sales	#Vacature: New Business Consultant in Rotterdam bij Finalist: http://t.co/BkPtgjev8y #IT #consultancy #vacature #consulting	Mon Mar 17 08:23:36 +0000 2014
MrWork Techniek	#Vacature: Environmental Engineer / Milieu coördinator gezocht bij Aurubis (Zutphen): http://t.co/lDDwewtrtB #techniek #consulting	Thu Apr 03 18:11:48 +0000 2014
Margareth Weijers	RT @SuzannevTriest: Als ik nog studeerde zou ik het wel weten.. #vacature #scriptie #stage bij  Deloitte #Consulting #Technology - http://t…	Fri May 09 15:49:37 +0000 2014
Suzanne van Triest	Bij #Deloitte #Consulting is er een #vacature voor een Business #Consultant #Oracle #HR Solutions - http://t.co/b0QGwqvWvz	Thu May 22 13:34:27 +0000 2014
MrWork	#Vacature: Accountmanager Bouw bij Rockfon (antwerpen): http://t.co/T0lW8DX5hF #bouw #consulting #verkoop #sales	Wed Aug 13 04:47:27 +0000 2014
MrWork Finance	#Baan: Bedrijfskundig Adviseur (junior en senior) gezocht bij OSGMetrium in Assen: http://t.co/I08QS7Pv34 #vacature #consulting	Fri Sep 05 18:31:38 +0000 2014
Sytac IT Consulting	#Sytac #IT #Consulting zoekt #Java #developers als vaste #baan en #ZZP dienstverband #vacature http://t.co/P6IDBqCP66	Thu Mar 20 11:55:22 +0000 2014
MrWork Finance	Klantadviseur Accountancy gezocht bij ABAB Accountants en Adviseurs (Tilburg): http://t.co/2A4tIoQM08 #vacature #financieel #consulting	Fri Mar 21 19:12:32 +0000 2014
MrWork	Vomar Voordeelmarkt zoekt een HR Adviseur (Alkmaar): http://t.co/kMypFic2S8 #consultant #consulting #vacature	Mon Mar 24 21:33:58 +0000 2014
MrWork Sales	#Vacature: New Business Consultant bij Finalist (Rotterdam): http://t.co/CccURH6Aon #consulting #ICT	Tue Mar 25 21:47:45 +0000 2014
MrWork Retail	#Vacature: Online Retail Consultant gezocht bij http://t.co/rtUdcc219n in Utrecht: http://t.co/g7YZunyAkh #consulting #verkoop #vacature	Mon Mar 31 21:37:49 +0000 2014
Suzanne van Triest	Bij #Deloitte #Consulting is er een #vacature voor: Business Process #Consultant #SAP - http://t.co/cpbjHXLBzu #IT	Wed Jun 25 09:26:53 +0000 2014
MrWork	#Vacature: Manager HR Shared Service Center bij Robidus in Zaandam: http://t.co/72eVnqlkL7 #consulting	Mon Jul 28 05:20:47 +0000 2014
MrWork	Westerbeek COD bv. in Utrecht zoekt een Manager Schuldhulpverlening: http://t.co/M9WiB0vYkz #manager #vacature #consultant #consulting	Wed Jan 22 18:01:03 +0000 2014
MrWork ICT	#Vacature: Oracle Middleware (SOA) Developer gezocht bij Sogeti Nederland B.V. in Randstad: http://t.co/2bzxBPuiW2 #consulting	Mon Mar 10 20:13:08 +0000 2014
MrWork	#Vacature: New Business Consultant bij Finalist in Rotterdam: http://t.co/6E3yEwjPvo #consulting #vacature #IT #ICT	Wed Mar 12 11:56:17 +0000 2014
MrWork Sales	VONQ in Rotterdam zoekt een Consultant Online Recruitment Marketing Rotterdam: http://t.co/eKeWbC8fWV #consultancy #vacature #consulting	Mon May 26 21:45:29 +0000 2014
AGO Jobs & HR	AGO zoekt in regio #Antwerpen een HR-Consultant ! (m/v) Contacteer nu Tamara via 056 20 31 75 of hr@ago.jobs #hr #consulting #vacature	Tue May 27 08:40:08 +0000 2014
Banen in techniek 	#Vacature: ORMIT zoekt een Technische trainees in Nederland: http://t.co/VhfPPqrD17 #vacature #consultancy #consulting #technisch	Tue Jun 10 21:07:38 +0000 2014
MrWork ICT	#Baan: .NET Developer gezocht bij Atos in Utrecht,Eindhoven,Groningen,Zoetermeer: http://t.co/Ccdls8cRHc #vacature #consulting	Wed Sep 17 17:50:42 +0000 2014
digitalejobs	RT @mbajobs_consult: Sr. #consultant - FileNet/Java Developer: Deloitte Digital, National, WV. http://t.co/aTHvxtk3kf #MBA #jobs #Consulting	Sun Sep 21 09:15:57 +0000 2014
MrWork Consultancy	#Vacature: Technisch Consultant IT (Junior/Medior) gezocht bij Consilium (Rotterdam): http://t.co/BL0O72xZbW #consulting #ITconsultancy	Sun Feb 09 20:16:07 +0000 2014
MrWork Finance	#Vacature: Business Intelligence Analyst bij Coca-Cola Enterprises (Rotterdam): http://t.co/dlbQYHTOnK #consulting #finance	Tue Feb 18 09:13:07 +0000 2014
MrWork	#Vacature: Applicatiespecialist Kaas gezocht bij DOC Kaas in Hoogeveen: http://t.co/QxmcQknJyW #online #consulting	Fri Jul 25 05:01:24 +0000 2014
MrWork	InTraffic zoekt een Project Manager Technische Automatisering in Nieuwegein: http://t.co/bwCe9LYg6D #ontwikkelaar #consulting #vacature	Mon Sep 15 18:21:14 +0000 2014
MrWork Sales	Finalist is op zoek naar een New Business Consultant (Rotterdam): http://t.co/1qxht7Dghp #vacature #ICT #IT #consulting #consultancy	Sat Mar 15 05:02:45 +0000 2014
MrWork	#Vacature: Senior Adviseur Integrale zorg in Utrecht bij Vilans: http://t.co/DPhrv7Rt2o #consulting #consultant #welzijn	Sat Mar 29 09:31:00 +0000 2014
MrWork	#Vacature: New Business Consultant in Rotterdam bij Finalist: http://t.co/iciM6o1B8O #ICT #consulting #vacature #consultancy	Mon Apr 14 12:24:20 +0000 2014
MrWork Civiel	#Vacature: Aurubis zoekt een Environmental Engineer / Milieu coördinator in Zutphen: http://t.co/4c4CuDiwRn #techniek #consulting	Mon Apr 28 04:17:04 +0000 2014
MrWork	#Vacature: Recruitment Consultant Techniek (key positions) bij Deen Recruitment (Rotterdam): http://t.co/wlKXSo5Fwb #consulting #werving	Mon Apr 28 11:00:33 +0000 2014
MrWork	#Vacature: Recruitment Consultant gezocht bij Deen Recruitment in Rotterdam: http://t.co/PAm9siIbcy #HR #consulting #consultancy	Sat May 03 14:55:59 +0000 2014
MrWork	Robidus is op zoek naar een Manager HR Shared Service Center (Zaandam): http://t.co/zDY60Q5psb #consultant #consulting #vacature	Tue Jul 08 20:32:05 +0000 2014
Daniel Classen	RT @CTS2005: Al eens gedacht aan een #carrière bij #Capgemini#consulting?!. Waar wacht je op? Bekijk onze #vacatures: http://t.co/SKnF4CmtL…	Mon Aug 25 11:34:46 +0000 2014
Alletechnischebanen	RT @MrWork_HR_info: HR Partner gezocht bij Rockwool (Roermond): http://t.co/Tzh7vIbSxO #techniek #vacature #consulting #consultant	Sat Sep 13 17:25:27 +0000 2014
MrWork	#Vacature: VONQ zoekt een Consultant Online Recruitment Marketing in Rotterdam: http://t.co/0vUiss3A4f #consulting #finance #financieel	Wed Feb 05 09:24:05 +0000 2014
Banen in techniek 	Adviseur Techniek Elektrotechniek in Utrecht gezocht bij NS Stations: http://t.co/atIAqrmf3D #vacature #technisch #consulting	Mon Mar 10 05:14:05 +0000 2014
MrWork MarCom	Finalist zoekt een New Business Consultant in Rotterdam: http://t.co/FhEof2Lzxy #consulting #vacature #IT #ICT #ITconsultancy	Tue Mar 18 15:34:02 +0000 2014
MrWork Management	#Baan: Projectleider Elektrotechniek gezocht bij NS Stations in Utrecht: http://t.co/6E2gQmN3gE #consulting #vacature #techniek	Tue Mar 25 05:03:37 +0000 2014
MrWork Management	Roche zoekt een Consultant in Almere: http://t.co/L32c2oerrv #vacature #consultant #consulting #consultancy	Sun May 11 11:40:44 +0000 2014
Chantal Linnemann	RT @SuzannevTriest: Bij #Deloitte #Consulting aan de slag als #senior #Consultant #Oracle #HR Solutions? Bekijk hier de #vacature: -http://…	Thu Jul 17 11:02:33 +0000 2014
MrWork Consultancy	#Vacature: Senior consultant WIA/Verzuim gezocht bij Robidus in Breukelen: http://t.co/gLrGTW4atc #consultancy #consulting #finance	Sun Aug 10 18:39:56 +0000 2014
MrWork Consultancy	#Vacature: Senior consultant WIA/Verzuim bij Robidus (Breukelen): http://t.co/ifoSL1eSYc #consulting #consultancy #financieel	Tue Aug 26 15:25:01 +0000 2014
MrWork	#Vacature: Rockwool zoekt een HR Partner in Roermond: http://t.co/SKKdSd9QRU #hr #humanresources #consulting #techniek	Tue Sep 02 19:16:37 +0000 2014
MrWork	#Vacature: Sr Accountmanager New Business bij Randstad in heel Nederland: http://t.co/nA8w7KanVe #verkoop #vacature #consulting	Mon Sep 15 16:43:22 +0000 2014
MrWork Consultancy	#Vacature: Dicitas Consulting zoekt een Consultant Digital Transformation in Amsterdam: http://t.co/IwYxVqxqON #vacature #consulting	Thu Feb 13 20:38:11 +0000 2014
zoekjijwerk	RT @TTBnl: Dicitas Consulting in Amsterdam zoekt een Consultant Digital Transformation: http://t.co/g26fyIS2mh #consulting #vacature	Fri Feb 14 05:49:21 +0000 2014
MrWork	#Vacature: Environmental Engineer / Milieu coördinator bij Aurubis in Zutphen: http://t.co/lOsoSIB8dk #technisch #techniek #consulting	Wed Mar 26 22:39:30 +0000 2014
MrWork_Projecten	Beleidsuitvoerder Innovatie in Zwolle gezocht bij Provincie Overijssel: http://t.co/uEcmFn3hzD #vacature #consultant #consulting	Tue May 06 04:18:27 +0000 2014
HR Vacatures	RT @SuzannevTriest: Bij #Deloitte #Consulting is er een #vacature voor een  (Senior) #Consultant #HR Transformation - http://t.co/C7bfrN8WZE	Mon May 19 07:06:38 +0000 2014
MrWork	#Vacature: Accountmanager Telecom bij Ziggo in Utrecht: http://t.co/ksd7vI9ib3 #consulting #verkoop #sales #vacature	Sat Jun 07 08:20:46 +0000 2014
Suzanne van Triest	Als Junior #Consultant Business Intelligence aan de slag bij #Deloitte #Consulting?- http://t.co/QYxIcEKMGy #BI #Vacature	Wed Jun 18 09:29:23 +0000 2014
TriFinance Nederland	RT @annebesselink: TriFinance groeit enorm! Welke finance consultant kunnen wij aan ons team toevoegen? #vacature #finance #consulting http…	Thu Jul 24 15:29:50 +0000 2014
MrWork	Consultant WIA / Verzuim gezocht bij Robidus (Utrecht): http://t.co/38OGJHmDWi #consultancy #vacature #consulting #recruitment #hr	Tue Aug 19 06:16:18 +0000 2014
MrWork	Consultant WIA / Verzuim gezocht bij Robidus (Utrecht): http://t.co/0kILMTPR7i #consultancy #consulting #hr #vacature #consultant	Mon Sep 01 14:31:51 +0000 2014
Maaike Kersten	RT @HesselvdValk: #Vacature Teamleider Sales Support bij Lloyd's Register Rail in #Utrecht #Consulting http://t.co/BvleWMUhNP	Mon Dec 08 17:38:17 +0000 2014
MrWork MarCom	Finalist is op zoek naar een New Business Consultant in Rotterdam: http://t.co/I0edL1M6Gp #consulting #vacature #consultant	Thu Mar 27 08:58:01 +0000 2014
MrWork Civiel	Aurubis zoekt een Environmental Engineer / Milieu coördinator (Zutphen): http://t.co/wsCUn3MGwR #wtb #vacature #consultancy #consulting	Sat Apr 12 07:30:32 +0000 2014
Suzanne van Triest	Voor wie zijn/haar #carrière goed wil starten als Consultant #IT #Strategie - http://t.co/BlA2NwzGbe #Deloitte #Consulting #vacature	Tue May 13 08:50:41 +0000 2014
Suzanne van Triest	Bij Deloitte #Consulting naast je studie werken? #Vacature #Werkstudent Business Intelligence &amp; #Analytics - http://t.co/FDOnnrhNhQ	Wed May 21 16:29:17 +0000 2014
King Guo	RT @MrWorkNl: #Vacature: Beleidsuitvoerder Innovatie bij Provincie Overijssel (Zwolle): http://t.co/wsD5qIAAMu #consultancy #consulting #va…	Sat May 24 00:05:09 +0000 2014
MrWork	Consultant gezocht bij Roche (Almere): http://t.co/UPQxv5mpFr #consulting #vacature	Sun Jun 01 14:47:29 +0000 2014
MrWork Management	#Vacature: ORMIT zoekt een Management Trainee met hart voor IT! in Nederland: http://t.co/dAOLLlCmo6 #consulting #ITdeveloper #IT	Tue Jul 01 18:29:16 +0000 2014
MrWork	Compagnon in Zoetermeer zoekt een Consultant Recruitment Services Compagnon: http://t.co/GwN8zraM1Y #consulting #sales #vacature	Mon Jul 28 14:56:45 +0000 2014
MrWork	Rockwool zoekt een HR Partner in Roermond: http://t.co/VE3mkzpYjI #humanresources #wtb #vacature #consulting #consultancy #technisch	Thu Sep 11 14:40:48 +0000 2014
Marcel Mertens	RT @SuzannevTriest: Wie o wie? Mooie #vacature bij #Deloitte #Consulting: Consultant #Digital #Strategy http://t.co/bpNX1vvwxu #Technology	Thu Nov 27 16:21:03 +0000 2014
MrWork MarCom	Rockwool zoekt een Accountmanager DIY Benelux in Heel Nederland: http://t.co/TWw7R36Ydz #vacature #consulting #bouw #infra	Mon Jan 06 09:41:03 +0000 2014
MrWork ICT	#Vacature: Technisch Consultant IT (Junior/Medior) in Rotterdam bij Consilium: http://t.co/kpIGu6VO9n #consulting #ICT #ITbeheer	Tue Feb 25 08:48:14 +0000 2014
MrWork	Environmental Engineer / Milieu coördinator gezocht bij Aurubis (Zutphen): http://t.co/mfdV8qj6ZF #consulting #vacature #techniek	Fri Feb 28 17:18:36 +0000 2014
MrWork Management	Provincie Overijssel zoekt een Beleidsuitvoerder Innovatie in Zwolle: http://t.co/1S4Ew1fsj9 #vacature #consulting	Fri May 09 04:03:08 +0000 2014
MrWork	#Vacature: Gemeente Rotterdam zoekt een Medisch Milieukundig Adviseur in Rotterdam: http://t.co/eLYkJdvfYv #consultancy #consulting	Tue Jun 10 16:10:49 +0000 2014
Suzanne van Triest	Als Senior #Consultant #Salesforce bij #Deloitte #Consulting aan de slag? bekijk de #vacature: - http://t.co/6TcUaa9FX8	Mon Jun 23 09:06:02 +0000 2014
Peter Terlouw	RT @SuzannevTriest: Bij #Deloitte #Consulting is er een #vacature voor: Business Process #Consultant #SAP - http://t.co/cpbjHXLBzu #IT	Wed Jun 25 09:44:48 +0000 2014
Findmjob.com	Huisvestingsadviseur (Het Nieuwe Werken) http://t.co/c4aq9TNQ4m #Consulting #RealEstate #jobs #hiring #careers	Fri Jul 04 17:30:05 +0000 2014
MrWork	#Vacature: Robidus zoekt een Senior consultant WIA/Verzuim in Breukelen: http://t.co/9WVFwQpvRj #financieel #consulting #finance	Fri Aug 29 04:39:37 +0000 2014
MrWork Retail	Productmanager Footwear gezocht bij Premium Inc. in Rotterdam: http://t.co/wIawGONgWN #retail #detailhandel #vacature #consulting	Wed Jan 01 16:47:02 +0000 2014
Toptalentbanen.nl	#Vacature: Productmanager Footwear gezocht bij Premium Inc. in Rotterdam: http://t.co/EOlxlbdaZ3 #retail #vacature #consultant #consulting	Wed Jan 01 16:47:03 +0000 2014
MrWork Consultancy	#Vacature: Consultant Retail in Amstelveen bij GfK Nederland: http://t.co/NXfM8cqcoH #commercieel #online #consultancy #consulting	Sun Jan 05 13:26:04 +0000 2014
MrWork_ITbeheer	REXEN/Postmastery in Amsterdam zoekt een Junior System Engineer: http://t.co/HFJSbW6E7B #IT #vacature #consultant #consulting	Sun Jan 05 17:26:03 +0000 2014
MrWork	Ziggo zoekt een Accountmanager Telecom in Utrecht: http://t.co/eystttp0yu #consulting #commercieel #sales #vacature #consultant	Mon Jun 02 21:38:50 +0000 2014
Peter Terlouw	RT @SuzannevTriest: Wie o wie? #Vacature: Campus #Recruiter #Consulting bij #Deloitte in Amstelveen -http://t.co/gdvqV9qtzG	Fri Aug 22 09:05:33 +0000 2014
