"Words","Frequency"
"careerarc",4275
"recommend",3336
"opening",3185
"amsterdam",2879
"brussels",2841
"tweetmyjobs",2071
"businessmgmt",1883
"hiring",1636
"interested",1589
"professional",1275
"manager",1194
"consultant",1017
"hospitality",912
"utrecht",1036
"accenture",871
"almere",932
"engineering",774
"specialist",493
"business",471
"engineer",460
"leuven",417
"sinttruiden",388
"internship",386
"pharmaceutical",379
"limburg",370
"developer",359
"marketing",509
"management",337
"kontich",329
"vilvoorde",324
"finance",468
"projectmgmt",264
"software",263
"generalscience",249
"customer",232
"service",228
"architect",227
"supplychain",222
"schiphol",219
"rotterdam",212
"zuid-holland",211
"representative",204
"customerservice",201
"veterans",197
"manufacturing",196
"strategy",186
"project",185
"analyst",176
"applications",174
"technology",172
"digital",163
"consulting",161
"clerical",159
"recruiting",153
"assistant",149
"purchasing",149
"coordinator",145
"internship",145
"expediajobs",140
"dasauge",136
"stellenangebot",136
"executive",134
"intelligence",130
"development",130
"analytics",127
"experience",125
"eindhoven",124
"systems",121
"accounting",120
"database",118
"services",117
"technical",116
"lifeinspiringcareers",114
"clinical",111
"enterprise",110
"opensource",110
"netherlands",107
"supervisor",105
"sintniklaas",105
"principal",105
"insurance",103
"account",102
"success",102
"noord-holland",102
"operations",99
"oegstgeest",96
"director",95
"benelux",94
"medpace",92
"flanders",90
"soestduinen",90
"financial",89
"energy",88
