"Account","Number of Tweets with #Job"
"Accenture in BeLux",1108
"TMJ-NET Mgmt. Jobs",1040
"TMJ-NET IT Jobs",866
"TMJ-NET Sales Jobs",851
"TMJ-NET Jobs",773
"TMJ-BEL Mgmt. Jobs",590
"Hilton EMEA",525
"TMJ-NET HRTA Jobs",447
"TMJ-NET Engin. Jobs",362
"Work at Medpace",361
"Jobs at Oracle",342
"TMJ-BEL Sales Jobs",317
"Tenneco Jobs",308
"TMJ-BEL Jobs",290
"TMJ-BEL Engin. Jobs",262
"Federal-Mogul Corp",229
"Jobs at Equinix",189
"TMJ-NET Advert. Jobs",182
"Jobs at Baker Hughes",179
"TMJ-NET Finance Jobs",176
"TMJ-BEL IT Jobs",163
"TMJ-BEL Manuf Jobs",145
"TMJ-NET IT PM Jobs",145
"dasaugeÂ® Jobs",136
"TMJ-BEL Advert. Jobs",129
"Newell Rubbermaid",127
"Global Jobs",126
"TMJ-BEL Pharm. Jobs",118
"Emerson",107
"TMJ-BEL Finance Jobs",106
"TMJ-BEL HR Jobs",106
"TMJ-BEL Ins. Jobs",93
"TMJ-NET HR Jobs",92
"TMJ-NET Transp. Jobs",86
"TMJ-BEL Govern Jobs",81
"TMJ-BEL CstSrv Jobs",80
"TMJ-NET CstSrv Jobs",77
"TMJ-NET Energy Jobs",75
"TMJ-BEL IT QA Jobs",73
"TMJ-NET Acct. Jobs",68
"TMJ-NET Cleric. Jobs",68
"TMJ-NET IT-DB Jobs",67
"TMJ-BEL HRTA Jobs",66
"Equinix Recruiting",63
"TMJ-BEL Recruit Jobs",60
"TMJ-BEL Cleric. Jobs",57
"TMJ-BEL IT-Java Jobs",57
"TMJ-NET Recruit Jobs",56
"TMJ-BEL IT-DB Jobs",55
"TMJ-NET Legal Jobs",51
"TMJ-NET Pharm. Jobs",51
"TMJ-NET Music Jobs",50
"TMJ-BEL Legal Jobs",49
"VMware Jobs",49
"TMJ-BEL IT PM Jobs",42
"TMJ-BEL Health Jobs",40
"P&G Jobs",38
"LeviStraussJobs",35
"Ericsson Jobs",31
"Kellogg's Jobs",29
"TMJ-FRA CstSrv Jobs",27
"Jobs in Finland",25
"TCG Jobs",24
"TM-NET Health Jobs",23
"TMJ-BEL Retail Jobs",23
"TMJ-NET Art Jobs",23
"FM Global Careers",21
"TMJ-BEL Acct. Jobs",19
"TMJ-BEL Bank Jobs",18
"Marijn",17
"Brown-Forman",16
"TMJ-BEL Auto. Jobs",15
"Hyde EC Careers",14
