Hilton EMEA	Hilton UK #Accounting #Job: Cost Controller (#Brussels) http://t.co/bbLANO6gve #Jobs #Hiring	Fri May 29 06:18:01 +0000 2015
Jobs at Equinix	We're #hiring! Click to apply: Accounting Project Manager - http://t.co/VGhCcq9DHU #Finance #Amsterdam #Job #Jobs	Mon Jul 20 10:19:05 +0000 2015
4-freelancers.nl	#Projectmanagement Project Manager - Project Manager withÂ experience in migration of Accounting packages to VO Or... http://t.co/o6xtq1qMuI	Tue Aug 18 14:51:30 +0000 2015
Hilton EMEA	#Accounting #Job in #Rotterdam: Internship - Finance (from February 2016) at Hilton UK https://t.co/Z8TMxs0YeR #Jobs #Hiring	Tue Oct 20 19:49:25 +0000 2015
Global Jobs	Hilton UK #Accounting #Job: Chief Accountant/Clerk (#Antwerp) http://t.co/MBBps6Glg5 #Jobs #TweetMyJobs	Fri Mar 13 19:59:45 +0000 2015
Hilton EMEA	#Oegstgeest #Accounting #Job: Internship - Finance (Dutch speaking) - July 2015 at Hilton UK http://t.co/WWAtSoLLqX #Jobs #Hiring	Sun Apr 19 07:28:00 +0000 2015
Hilton EMEA	#Accounting #Job in #Amsterdam: General Cashier at Hilton UK http://t.co/04YgRyy8S4 #Jobs #Hiring	Thu Aug 20 21:21:13 +0000 2015
Accenture in BeLux	Want to work at Accenture? We're #hiring in #Brussels! Click for details: http://t.co/OcLQojbB4z #Accounting #Job #Jobs	Sat Sep 05 11:21:52 +0000 2015
Hilton EMEA	#Accounting #Job alert: Internship - Finance (administrative) from Septembe... | Hilton UK | #Soestduinen http://t.co/l4QFnHKDBO	Wed Mar 04 17:47:50 +0000 2015
Hilton EMEA	Hilton UK: Internship - Finance (Dutch speaking) - July 2015 (#Oegstgeest) http://t.co/JNhsSfWmKn #Accounting #Job #Jobs #Hiring	Fri Jun 12 22:43:07 +0000 2015
Hilton EMEA	This #Accounting #job might be a great fit for you: Internship - Finance (Dutch speaking) - January 2016 - http://t.co/OzqLoulrGz #Hiring	Tue Aug 11 15:11:44 +0000 2015
Hilton EMEA	Hilton UK #Accounting #Job: Internship - Finance (Dutch speaking) - January 2016 (#Oegstgeest) http://t.co/7dwfGkipES #Jobs #Hiring	Sun Jul 19 18:29:41 +0000 2015
Jobs at Equinix	We're #hiring! Read about our latest #job opening here: Revenue Accounting Analyst - http://t.co/2EpuhxpQ1G #Amsterdam #Finance	Wed Sep 30 18:57:27 +0000 2015
Global Jobs	#Oegstgeest #Accounting #Job: Internship - Finance (Dutch speaking) - January 2016 at Hilton UK http://t.co/pAisODxMPa #Jobs #Hiring	Fri Jul 10 23:33:12 +0000 2015
Jobs at Equinix	#Finance #Job alert: Revenue Accounting Analyst | Equinix | #Amsterdam http://t.co/Kuu5aEW0RQ #Jobs #Hiring	Thu Aug 06 17:44:13 +0000 2015
Hilton EMEA	Join the Hilton UK team! See our latest #Accounting #job opening here: https://t.co/Z8TMxs0YeR #Rotterdam #Hiring	Tue Nov 03 23:27:34 +0000 2015
Hilton EMEA	Hilton UK #Accounting #Job: Finance Controller/Manager (#Brussels) http://t.co/r9Iwf9Wr0p #Jobs #TweetMyJobs	Thu Mar 26 12:41:19 +0000 2015
Hilton EMEA	#Accounting #Job in #Oegstgeest: Internship - Finance (Dutch speaking) - July 2015 at Hilton UK http://t.co/WWAtSoLLqX #Jobs #Hiring	Mon May 04 14:43:35 +0000 2015
Hilton EMEA	Can you recommend anyone for this #Accounting #job? http://t.co/9K0np7kmuP #Amsterdam #Hiring	Tue Oct 06 14:43:39 +0000 2015
Global Jobs	Hilton UK: Regional Procurement Coordinator - Benelux (#Schiphol) http://t.co/zRuZxQ5Ahs #Accounting #Job #Jobs #TweetMyJobs	Tue Feb 24 12:54:15 +0000 2015
Global Jobs	Internship - Finance (Dutch speaking) - July 2015 - Hilton UK: (#Oegstgeest) http://t.co/OL1xixxZ8d #Accounting #Job #Jobs	Tue Mar 17 02:22:21 +0000 2015
Global Jobs	#Accounting #Job in #Brussels: Cost Controller at Hilton UK http://t.co/gAOnbxm0i5 #Jobs #Hiring	Fri May 29 21:40:24 +0000 2015
Global Jobs	Hilton UK #Accounting #Job: Finance Controller/Manager (#Brussels) http://t.co/MhQxusyhMU #Jobs #TweetMyJobs	Thu Mar 26 14:15:40 +0000 2015
Hilton EMEA	This #Accounting #job might be a great fit for you: Cost Controller - http://t.co/bbLANO6gve #Brussels #Hiring	Sat Jun 06 14:16:20 +0000 2015
Hilton EMEA	Can you recommend anyone for this #Accounting #job? http://t.co/JNhsSfWmKn #Oegstgeest #Hiring	Sun Jun 28 18:27:57 +0000 2015
4-freelancers.nl	#Projectmanagement Project Manager Oracle Financials - Project Manager (migration of Accounting packages to Oracl... http://t.co/MnMfVLDCMl	Wed Aug 19 10:34:54 +0000 2015
Hilton EMEA	This #Accounting #job might be a great fit for you: Internship - Finance (from February 2016) - http://t.co/fBGkRp0oOb #Rotterdam #Hiring	Wed Sep 09 07:55:31 +0000 2015
Hilton EMEA	#Oegstgeest #Accounting #Job: Internship - Finance (Dutch speaking) - January 2016 at Hilton UK http://t.co/cq2DLSk9fF #Jobs #Hiring	Fri Sep 18 16:59:23 +0000 2015
Hilton EMEA	Interested in a #Accounting #job near #Brussels? This could be a great fit: http://t.co/1wQzzLDyEh #Hiring	Sat Oct 17 09:08:47 +0000 2015
Hilton EMEA	Internship - Finance - Hilton UK: (#Rotterdam) http://t.co/8qHqviAzkS #Accounting #Job #Jobs #Hiring	Fri May 08 05:17:38 +0000 2015
Hilton EMEA	Internship - Finance (Dutch speaking) - July 2015 - Hilton UK: (#Oegstgeest) http://t.co/WtdKbEu5eK #Accounting #Job #Jobs #Hiring	Tue May 19 16:39:28 +0000 2015
Hilton EMEA	Interested in a #Accounting #job near #Oegstgeest? This could be a great fit: http://t.co/7dwfGk0Ogi #Hiring	Sun Jul 12 15:53:22 +0000 2015
Accenture in BeLux	#Accounting #Job in #Brussels: Junior HR Payroll Specialist with Dutch and English - PRAGUE LOCATION at Accenture http://t.co/OcLQojbB4z	Mon Aug 24 17:04:34 +0000 2015
Hilton EMEA	Interested in a #Accounting #job near #Amsterdam? This could be a great fit: http://t.co/F6hbSl5WEA #Hiring	Fri Aug 28 14:53:49 +0000 2015
Hilton EMEA	Hilton UK #Accounting #Job: Internship - Finance (Dutch speaking) - January 2016 (#Oegstgeest) http://t.co/OzqLouD359 #Jobs #Hiring	Tue Sep 01 19:35:12 +0000 2015
Jobs at Equinix	#Finance #Job in #Amsterdam: Revenue Accounting Analyst at Equinix http://t.co/2EpuhxpQ1G #Jobs #Hiring	Thu Oct 08 23:10:03 +0000 2015
Hilton EMEA	Hilton UK #Accounting #Job: Internship - Finance (Dutch speaking) - July 2015 (#Oegstgeest) http://t.co/XHLq6Fx9Hs #Jobs	Mon Apr 06 11:50:21 +0000 2015
Hilton EMEA	Finance Controller/Manager - Hilton UK: (#Brussels) http://t.co/LNIVZuzslm #Accounting #Job #Jobs #Hiring #TweetMyJobs	Sun Apr 12 15:33:04 +0000 2015
Hilton EMEA	#Accounting #Job in #Brussels: Finance Controller/Manager at Hilton UK http://t.co/LNIVZuzslm #Jobs #Hiring	Sun Apr 19 19:18:50 +0000 2015
Hilton EMEA	General Cashier - Hilton UK: (#Amsterdam) http://t.co/04YgRyy8S4 #Accounting #Job #Jobs #Hiring	Thu Aug 13 19:19:54 +0000 2015
Hilton EMEA	Want to work at Hilton UK? We're #hiring in #Amsterdam! Click for details: http://t.co/bMIjygEjCW #Accounting #Job #Jobs	Fri Aug 21 05:10:11 +0000 2015
Hilton EMEA	Interested in a #Accounting #job near #Oegstgeest? This could be a great fit: http://t.co/OzqLoulrGz #Hiring	Tue Aug 25 21:52:58 +0000 2015
Hilton EMEA	Hilton UK #Accounting #Job: Internship - Finance (administrative) from February 2016 till July 2016 (#Soestduinen) http://t.co/elCd0JvrUR	Wed Sep 16 06:10:19 +0000 2015
Hilton EMEA	This #Accounting #job might be a great fit for you: Internship - Finance (from February 2016) - http://t.co/Z8TMxs0YeR #Rotterdam #Hiring	Tue Oct 13 07:34:31 +0000 2015
Jobs at Equinix	This #Finance #job might be a great fit for you: Revenue Accounting Analyst - http://t.co/Kuu5aFdBJo #Amsterdam #Hiring	Fri Sep 11 12:40:48 +0000 2015
Global Jobs	Chief Accountant/Clerk - Hilton UK: (#Antwerp) http://t.co/tlPFfaYx34 #Accounting #Job #Jobs #TweetMyJobs	Sun Feb 15 11:00:11 +0000 2015
Hilton EMEA	Can you recommend anyone for this #Accounting #job? http://t.co/WtdKbEu5eK #Hiring	Mon Jun 01 20:39:01 +0000 2015
Hilton EMEA	#Accounting #Job alert: Internship - Finance (Dutch speaking) - July 2015 | Hilton UK | #Oegstgeest http://t.co/IcIX5OsCm8 #Jobs	Tue Mar 24 15:47:30 +0000 2015
Hilton EMEA	Want to work at Hilton UK? We're #hiring in #Oegstgeest! Click for details: http://t.co/JNhsSfWmKn #Accounting #Job #Jobs	Fri Jun 05 11:18:16 +0000 2015
Hilton EMEA	Hilton UK #Accounting #Job: Cost Controller (#Brussels) http://t.co/bbLANO6gve #Jobs #Hiring	Sun Jun 14 11:25:18 +0000 2015
Hilton EMEA	Want to work in #Oegstgeest? View our latest opening: http://t.co/JNhsSfWmKn #Accounting #Job #Jobs #Hiring	Sat Jun 20 12:35:56 +0000 2015
Jobs at Equinix	We're #hiring! Click to apply: Revenue Accounting Analyst - http://t.co/Kuu5aFdBJo #Finance #Amsterdam #Job #Jobs	Thu Aug 27 21:13:02 +0000 2015
Global Jobs	#Accounting #Job in #Amsterdam: General Cashier at Hilton UK http://t.co/JG6IpeBRjy #Jobs #Hiring	Wed Jul 22 08:55:27 +0000 2015
Hilton EMEA	#Oegstgeest #Accounting #Job: Internship - Finance (Dutch speaking) - July 2015 at Hilton UK http://t.co/IcIX5Ob0Xy #Jobs	Mon Mar 09 13:14:05 +0000 2015
Hilton EMEA	#Accounting #Job alert: Internship - Finance (Dutch speaking) - January 2016 | Hilton UK | #Oegstgeest http://t.co/cq2DLSk9fF #Jobs	Thu Sep 03 12:14:23 +0000 2015
Hilton EMEA	Hilton UK #Accounting #Job: Internship - Finance (Dutch speaking) - July 2015 (#Oegstgeest) http://t.co/RvBQnPzXuK #Jobs	Thu Mar 05 00:18:23 +0000 2015
Hilton EMEA	#Brussels #Accounting #Job: Finance Controller/Manager at Hilton UK http://t.co/AsIyTKwWgw #Jobs #Hiring	Sat Apr 25 07:41:19 +0000 2015
Hilton EMEA	Interested in a #Accounting #job near #Amsterdam? This could be a great fit: https://t.co/6mOaXB9Deb #Hiring	Thu Oct 22 13:59:50 +0000 2015
Hilton EMEA	#Rotterdam #Accounting #Job: Internship - Finance (from February 2016) at Hilton UK http://t.co/fBGkRp0oOb #Jobs #Hiring	Wed Sep 23 16:52:24 +0000 2015
Jobs at Equinix	See our latest #Amsterdam #job and click to apply: Revenue Accounting Analyst - http://t.co/2EpuhxpQ1G #Finance #Hiring	Wed Oct 14 23:31:55 +0000 2015
Jobs at Equinix	Equinix: Revenue Accounting Analyst (#Amsterdam) https://t.co/2EpuhxpQ1G #Finance #Job #Jobs #Hiring	Sat Oct 31 03:25:47 +0000 2015
Hilton EMEA	Can you recommend anyone for this #Accounting #job? https://t.co/1wQzzLDyEh #Brussels #Hiring	Sun Nov 01 15:32:47 +0000 2015
4-freelancers.nl	#Overig Manager Accounting &amp; Finance - Voor een eindklant, in de omgeving van Utrecht, zijn wij op zoek naar een:... http://t.co/SKtPxi5j4L	Fri Aug 14 07:15:32 +0000 2015
Global Jobs	#Oegstgeest #Accounting #Job: Internship - Finance (Dutch speaking) - July 2015 at Hilton Worldwide http://t.co/tiHrtYnWPd #Jobs	Tue Feb 03 21:44:05 +0000 2015
Global Jobs	#Accounting #Job in #Oegstgeest: Internship - Finance (Dutch speaking) - July 2015 at Hilton UK http://t.co/xE9FCu13zY #Jobs	Thu Mar 05 01:22:25 +0000 2015
Hilton EMEA	#Accounting #Job in #Oegstgeest: Internship - Finance (Dutch speaking) - July 2015 at Hilton UK http://t.co/WWAtSoLLqX #Jobs #Hiring	Sun Apr 26 07:38:42 +0000 2015
Hilton EMEA	Hilton UK #Accounting #Job: Internship - Finance (#Rotterdam) http://t.co/8qHqviAzkS #Jobs #Hiring	Thu May 14 22:40:22 +0000 2015
Accenture in BeLux	Want to work at Accenture? We're #hiring in #Brussels! Click for details: http://t.co/OcLQojbB4z #Accounting #Job #Jobs	Fri Jul 24 09:57:04 +0000 2015
Hilton EMEA	Join the Hilton UK team! See our latest #Accounting #job opening here: http://t.co/6mOaXB9Deb #Amsterdam #Hiring	Wed Oct 07 08:00:56 +0000 2015
Jobs at Equinix	Equinix #Finance #Job: Revenue Accounting Analyst (#Amsterdam) https://t.co/2EpuhxpQ1G #Jobs #Hiring	Wed Nov 04 19:57:47 +0000 2015
Hilton EMEA	Interested in a #Accounting #job near #Rotterdam? This could be a great fit: http://t.co/fBGkRp0oOb #Hiring	Wed Sep 16 11:36:19 +0000 2015
Global Jobs	#Amsterdam #Accounting #Job: Accounting Clerk at Hilton UK http://t.co/3HsP7XYO0e #Jobs #Hiring	Sun Sep 20 14:26:59 +0000 2015
Accenture in BeLux	Want to work in #Brussels? View our latest opening: http://t.co/OcLQojbB4z #Accounting #Job #Jobs #Hiring	Sat Aug 01 09:09:35 +0000 2015
Accenture in BeLux	This #Accounting #job might be a great fit for you: Junior HR Payroll Specialist with Dutch and English -... - http://t.co/OcLQojbB4z	Thu Aug 13 08:28:18 +0000 2015
Hilton EMEA	#Amsterdam #Accounting #Job: Accounting Clerk at Hilton UK http://t.co/F6hbSl5WEA #Jobs #Hiring	Sun Sep 13 08:51:54 +0000 2015
Hilton EMEA	#Accounting #Job in #Brussels: Accounts Receivable Trainee at Hilton UK https://t.co/1wQzzLDyEh #Jobs #Hiring	Sat Oct 24 13:37:28 +0000 2015
Hilton EMEA	#Accounting #Job in #Brussels: Finance Controller/Manager at Hilton UK http://t.co/r9Iwf9Wr0p #Jobs #TweetMyJobs	Thu Apr 02 18:22:36 +0000 2015
Global Jobs	Want to work in #Oegstgeest? View our latest opening: http://t.co/SIAhronCff #Accounting #Job #Jobs #Hiring	Fri Sep 04 19:47:26 +0000 2015
Hilton EMEA	#Amsterdam #Accounting #Job: Accounting Clerk at Hilton UK http://t.co/F6hbSl5WEA #Jobs #Hiring	Sat Sep 05 15:36:49 +0000 2015
Accenture in BeLux	Accenture #Accounting #Job: Junior HR Payroll Specialist with Dutch and English - PRAGUE LOCATION (#Brussels) http://t.co/OcLQojbB4z #Jobs	Fri Aug 07 08:25:22 +0000 2015
Hilton EMEA	Hilton UK #Accounting #Job: Internship - Finance (Dutch speaking) - January 2016 (#Oegstgeest) http://t.co/OzqLoulrGz #Jobs #Hiring	Tue Aug 04 12:18:52 +0000 2015
Hilton EMEA	General Cashier - Hilton UK: (#Amsterdam) http://t.co/04YgRygy0w #Accounting #Job #Jobs #Hiring	Thu Aug 06 18:30:07 +0000 2015
Hilton EMEA	Can you recommend anyone for this #Accounting #job? http://t.co/fBGkRp0oOb #Rotterdam #Hiring	Thu Oct 08 18:59:09 +0000 2015
Hilton EMEA	Hilton UK: Regional Procurement Coordinator - Benelux (#Schiphol) http://t.co/rvA6NxIWCp #Accounting #Job #Jobs #TweetMyJobs	Thu Mar 12 21:22:40 +0000 2015
Hilton EMEA	#Accounting #Job alert: Regional Procurement Coordinator - Benelux | Hilton UK | #Schiphol http://t.co/rvA6NxIWCp #Jobs	Wed Mar 04 13:50:55 +0000 2015
Hilton EMEA	Internship - Finance (Dutch speaking) - July 2015 - Hilton UK: (#Oegstgeest) http://t.co/WWAtSoLLqX #Accounting #Job #Jobs #Hiring	Sat Apr 11 17:28:02 +0000 2015
Global Jobs	Can you recommend anyone for this #job? Internship - Finance (from February 2016) - http://t.co/obKXmIvK8U #Rotterdam #Accounting #Hiring	Tue Oct 13 20:12:44 +0000 2015
Hilton EMEA	Hilton UK: Accounts Payable/General Cashier (#Amsterdam) http://t.co/6mOaXB9Deb #Accounting #Job #Jobs #Hiring	Wed Oct 14 21:02:23 +0000 2015
Hilton EMEA	Chief Accountant/Clerk - Hilton UK: (#Antwerp) http://t.co/p1oLrLSKdp #Accounting #Job #Jobs #TweetMyJobs	Wed Mar 11 21:14:26 +0000 2015
Hilton EMEA	#Accounting #Job in #Oegstgeest: Internship - Finance (Dutch speaking) - July 2015 at Hilton UK http://t.co/WtdKbEcunc #Jobs #Hiring	Wed May 06 08:24:14 +0000 2015
Hilton EMEA	We're #hiring! Click to apply: Internship - Finance (from February 2016) - https://t.co/Z8TMxs0YeR #Accounting #Rotterdam #Job #Jobs	Wed Oct 28 08:33:23 +0000 2015
Accenture in BeLux	If you're a #Accounting professional in #Brussels, check out this #job: http://t.co/OcLQojbB4z #Hiring	Fri Sep 11 09:47:14 +0000 2015
Hilton EMEA	Can you recommend anyone for this #job? General Cashier - http://t.co/MdsR6M0Xkm #Amsterdam #Accounting #Hiring	Wed Jul 22 07:05:40 +0000 2015
4-freelancers.nl	#Overig Medior Controller Financial Reporting &amp; Accounting - Harvey Nash is voor een van haar eindklanten in Den ... http://t.co/QbmTh6fU3R	Wed Sep 23 15:07:24 +0000 2015
Global Jobs	Hilton UK: Internship - Finance (administrative) from September 2015 til... (#Soestduinen) http://t.co/t3cBM4gjlh #Accounting #Job	Mon Feb 23 16:09:40 +0000 2015
Hilton EMEA	This #Accounting #job might be a great fit for you: Internship - Finance (Dutch speaking) - January 2016 - http://t.co/tRY74AgNgi #Hiring	Mon Jul 27 11:43:05 +0000 2015
Hilton EMEA	Want to work at Hilton UK? We're #hiring in #Oegstgeest! Click for details: http://t.co/tRY74AgNgi #Accounting #Job #Jobs	Mon Aug 03 19:23:16 +0000 2015
Global Jobs	#Accounting #Job in #Brussels: Finance Controller/Manager at Hilton UK http://t.co/HuCyuBims3 #Jobs #Hiring	Sat Apr 25 09:09:07 +0000 2015
Hilton EMEA	#Accounting #Job alert: Internship - Finance (Dutch speaking) - July 2015 | Hilton UK | #Oegstgeest http://t.co/WtdKbEu5eK #Jobs #Hiring	Tue May 12 20:43:17 +0000 2015
Hilton EMEA	#Rotterdam #Accounting #Job: Internship - Finance at Hilton UK http://t.co/8qHqviAzkS #Jobs #Hiring	Thu May 21 19:31:05 +0000 2015
Hilton EMEA	#Amsterdam #Accounting #Job: General Cashier at Hilton UK http://t.co/04YgRyy8S4 #Jobs #Hiring	Wed Jul 29 16:24:42 +0000 2015
Accenture in BeLux	Can you recommend anyone for this #Accounting #job? http://t.co/OcLQojbB4z #Brussels #Hiring	Thu Sep 17 07:42:53 +0000 2015
Hilton EMEA	Can you recommend anyone for this #job? Accounts Payable/General Cashier - https://t.co/6mOaXB9Deb #Amsterdam #Accounting #Hiring	Fri Oct 30 18:50:39 +0000 2015
Hilton EMEA	Internship - Finance (administrative) from September 2015 t... - Hilton UK: (#Soestduinen) http://t.co/l4QFnHKDBO #Accounting #Job	Thu Mar 12 23:08:53 +0000 2015
Hilton EMEA	#Oegstgeest #Accounting #Job: Internship - Finance (Dutch speaking) - July 2015 at Hilton UK http://t.co/IcIX5Ob0Xy #Jobs	Tue Mar 31 23:23:27 +0000 2015
Hilton EMEA	Interested in a #Accounting #job near #Amsterdam? This could be a great fit: http://t.co/9K0np7kmuP #Hiring	Sun Sep 20 06:34:52 +0000 2015
Hilton EMEA	Chief Accountant/Clerk - Hilton UK: (#Antwerp) http://t.co/p1oLrLSKdp #Accounting #Job #Jobs #TweetMyJobs	Tue Mar 03 13:55:47 +0000 2015
Global Jobs	#Oegstgeest #Accounting #Job: Internship - Finance (Dutch speaking) - July 2015 at Hilton UK http://t.co/ynGJq9BO2C #Jobs #Hiring	Fri May 08 02:28:17 +0000 2015
Hilton EMEA	Internship - Finance (Dutch speaking) - July 2015 - Hilton UK: (#Oegstgeest) http://t.co/L4yWkt7YPm #Accounting #Job #Jobs #Hiring	Sun Jul 05 13:27:23 +0000 2015
Hilton EMEA	Hilton UK: Internship - Finance (Dutch speaking) - July 2015 (#Oegstgeest) http://t.co/WtdKbEu5eK #Accounting #Job #Jobs #Hiring	Tue May 26 05:17:12 +0000 2015
Accenture in BeLux	If you're a #Accounting professional in #Brussels, check out this #job: http://t.co/OcLQojbB4z #Hiring	Wed Aug 19 08:26:26 +0000 2015
Hilton EMEA	Want to work in #Oegstgeest? View our latest opening: http://t.co/cq2DLSk9fF #Accounting #Job #Jobs #Hiring	Fri Sep 11 12:56:20 +0000 2015
Global Jobs	#Amsterdam #Accounting #Job: Accounts Payable/General Cashier at Hilton UK http://t.co/ds2uC10YxN #Jobs #Hiring	Mon Oct 12 06:28:59 +0000 2015
Hilton EMEA	Want to work at Hilton UK? We're #hiring in #Oegstgeest! Click for details: http://t.co/OzqLouD359 #Accounting #Job #Jobs	Tue Aug 18 17:53:21 +0000 2015
Hilton EMEA	#Soestduinen #Accounting #Job: Internship - Finance (administrative) from February 2016 till July 2016 at Hilton UK http://t.co/fvPUe5xt6G	Sat Oct 17 11:27:47 +0000 2015
Jobs at Equinix	#Finance #Job alert: Revenue Accounting Analyst | Equinix | #Amsterdam http://t.co/Kuu5aFdBJo #Jobs #Hiring	Thu Aug 13 15:31:37 +0000 2015
Global Jobs	#Amsterdam #Accounting #Job: General Cashier at Hilton UK http://t.co/duyLuvfoCn #Jobs #Hiring	Fri Aug 21 03:07:46 +0000 2015
Accenture in BeLux	#Accounting #Job in #Brussels: Junior HR Payroll Specialist with Dutch and English - PRAGUE LOCATION at Accenture http://t.co/OcLQoiU0d1	Sun Aug 30 14:11:41 +0000 2015
Jobs at Equinix	Can you recommend anyone for this #job? Revenue Accounting Analyst - https://t.co/2EpuhxpQ1G #Amsterdam #Finance #Hiring	Wed Oct 21 09:50:49 +0000 2015
Hilton EMEA	Hilton UK #Accounting #Job: Chief Accountant/Clerk (#Antwerp) http://t.co/uDmunypyXK #Jobs #TweetMyJobs	Fri Mar 13 15:13:49 +0000 2015
Hilton EMEA	#Accounting #Job alert: Internship - Finance (Dutch speaking) - July 2015 | Hilton UK | #Oegstgeest http://t.co/IcIX5Ob0Xy #Jobs	Tue Mar 17 00:25:57 +0000 2015
Jobs at Equinix	Revenue Accounting Analyst - Equinix: (#Amsterdam) https://t.co/2EpuhxpQ1G #Finance #Job #Jobs #Hiring	Mon Oct 26 11:16:18 +0000 2015
