TMJ-BEL Mgmt. Jobs	Accenture #BusinessMgmt #Job: Young Graduates in Technology Consulting (graduation year 2015) (#Brussels) http://t.co/7r5HtMnNWG #Jobs	Wed Apr 08 12:19:29 +0000 2015
TMJ-BEL Mgmt. Jobs	#BusinessMgmt #Job in #Eke: Consulting Project Technical Manager at Oracle http://t.co/EhbK2yvDle #Jobs #Hiring #TweetMyJobs	Sat May 30 07:03:23 +0000 2015
Accenture in BeLux	Accenture: Cost Reduction Senior Manager with experience in Consulting and... (#Brussels) http://t.co/fuJ04G0maW #BusinessMgmt #Job #Jobs	Fri Jun 12 13:32:28 +0000 2015
Accenture in BeLux	Accenture #Insurance #Job: Senior Manager with experience in Risk Management and Consulting (#Brussels) http://t.co/K0sbO8GVAI #Jobs	Sat Jul 04 07:00:07 +0000 2015
TMJ-BEL Mgmt. Jobs	We're #hiring! Read about our latest #job opening here: Young Graduates in Technology Consulting (graduation... - http://t.co/7r5HtMnNWG	Fri Jul 17 10:55:37 +0000 2015
Accenture in BeLux	Can you recommend anyone for this #job? Senior Manager with experience in Risk Management and Consulting - http://t.co/qSqs1Eddiu #Brussels	Fri Aug 21 12:02:42 +0000 2015
TMJ-NET Jobs	This #internship #job might be a great fit for you: Stage Strategy Consulting – Value Office - http://t.co/1SnSYLvoVy #Amsterdam #Hiring	Wed Sep 23 08:52:47 +0000 2015
TMJ-NET Jobs	We're #hiring! Read about our latest #job opening here: Stage Technology Strategy Consulting - Onderzoek... - http://t.co/wQmA7xlUhP	Thu Sep 24 10:28:10 +0000 2015
TMJ-NET Sales Jobs	Can you recommend anyone for this #job? Senior Consulting Sales Rep - PrimeSourcing - http://t.co/hQSUshBXUq #Amsterdam #Sales #Hiring	Wed Oct 07 15:35:13 +0000 2015
TMJ-NET Sales Jobs	Can you recommend anyone for this #job? Director, Solution Consulting, Western Europe, ERP - http://t.co/0QpVabLpFc #Utrecht #Sales #Hiring	Mon Oct 12 09:45:48 +0000 2015
Accenture in BeLux	#Brussels #BusinessMgmt #Job: Young graduate in Business Consulting (graduation 2015) at Accenture http://t.co/V5hwa10tiG #Jobs	Thu Mar 12 17:12:52 +0000 2015
TMJ-BEL Mgmt. Jobs	#BusinessMgmt #Job alert: Young graduate in Business Consulting (graduation 2015) | Accenture | #Brussels http://t.co/Dz2V9MT6IJ #Jobs	Fri Apr 17 07:34:57 +0000 2015
TMJ-BEL Mgmt. Jobs	Consulting Practice Manager - Oracle: (#Vilvoorde) http://t.co/1l9L5FUBXJ #BusinessMgmt #Job #Jobs #Hiring #TweetMyJobs	Thu May 07 07:12:18 +0000 2015
TMJ-BEL Mgmt. Jobs	#BusinessMgmt #Job alert: Young Graduates in Technology Consulting (graduation year... | Accenture | #Brussels http://t.co/7r5HtMnNWG	Tue May 19 12:15:44 +0000 2015
TMJ-BEL Mgmt. Jobs	See our latest #Brussels #job and click to apply: Young Graduates in Technology Consulting (graduation year 2015) - http://t.co/7r5HtMnNWG	Fri Jun 12 09:46:22 +0000 2015
TMJ-NET IT Jobs	We're #hiring! Click to apply: PSO Consulting Architect - http://t.co/nvT0rfTk9v #IT #UTRECHT #Job #Jobs #CareerArc	Sat Jul 25 05:54:12 +0000 2015
TMJ-NET Jobs	#internship #Job in #Amsterdam: Stage Technology Strategy Consulting - Onderzoek IT in Mergers and... at Accenture http://t.co/vVerLF1hkl	Sat Sep 12 11:26:27 +0000 2015
TMJ-NET Sales Jobs	#Amsterdam #Sales #Job: Senior Consulting Sales Rep - PrimeSourcing at Oracle https://t.co/I34XLCVp4B #Jobs #Hiring #CareerArc	Sat Oct 24 11:14:29 +0000 2015
TMJ-NET Engin. Jobs	We're #hiring! Read about our latest #job opening here: Accenture Consulting - Consultant &amp; (senior) Manager... - https://t.co/4LWx8sg2da	Sun Oct 25 08:08:17 +0000 2015
4-freelancers.nl	#IT Management Teamlead / manager PMO - Main Responsibilities: Responsible for the consultancy service to progra... https://t.co/vsvFIa8lWU	Thu Oct 29 13:26:37 +0000 2015
TMJ-NET Engin. Jobs	#Engineering #Job in #Amsterdam: Accenture Consulting - Consultant &amp; (senior) Manager Network... at Accenture http://t.co/3fSsWzXEyD	Mon May 18 12:09:47 +0000 2015
Accenture in BeLux	See our latest #Brussels #job and click to apply: Senior Manager with experience in Risk Management and Consulting - http://t.co/K0sbO8GVAI	Tue Jun 16 16:05:18 +0000 2015
TMJ-NET Sales Jobs	Senior Consulting Sales Rep - PrimeSourcing - Oracle: (#Amsterdam) http://t.co/yQZiFCsnob #Sales #Job #Jobs #Hiring #TweetMyJobs	Sat Jul 04 12:07:59 +0000 2015
Accenture in BeLux	Accenture #BusinessMgmt #Job: Cost Reduction Senior Manager with experience in Consulting and... (#Brussels) http://t.co/fuJ04G0maW #Jobs	Sun Jul 05 15:46:09 +0000 2015
TMJ-NET Jobs	We're #hiring! Click to apply: Stage Technology Strategy Consulting- Onderzoek binnen het domein: Digital... - http://t.co/e8aKVookuk #Job	Fri Jul 17 12:34:36 +0000 2015
TMJ-NET Sales Jobs	We're #hiring! Click to apply: Senior Consulting Sales Rep - PrimeSourcing - http://t.co/hHQkQaz7QE #Sales #Amsterdam #Job #Jobs #CareerArc	Fri Sep 25 11:18:35 +0000 2015
TMJ-BEL Mgmt. Jobs	Can you recommend anyone for this #job? Young graduate in Business Consulting (graduation 2015) - http://t.co/HyYtp85MJz #Brussels #Hiring	Tue Oct 13 06:00:05 +0000 2015
TMJ-BEL Mgmt. Jobs	Young graduate in Business Consulting (graduation 2015) - Accenture: (#Brussels) http://t.co/DyQeRzr8VB #BusinessMgmt #Job #Jobs	Thu Jan 15 11:50:44 +0000 2015
TMJ-BEL Mgmt. Jobs	#Brussels #BusinessMgmt #Job: Young graduate in Business Consulting (graduation 2015) at Accenture http://t.co/DyQeRyAlxp #Jobs	Thu Feb 12 11:59:10 +0000 2015
VMware Jobs	VMware: PSO Consulting Architect (#Utrecht) http://t.co/JieyY1dBPL #Engineering #Job #Jobs #Hiring	Sun Jun 14 13:10:31 +0000 2015
TMJ-BEL Mgmt. Jobs	#BusinessMgmt #Job alert: Young graduate in Business Consulting (graduation 2015) | Accenture | #Brussels http://t.co/Dz2V9MT6IJ #Jobs	Mon Jul 20 14:27:09 +0000 2015
TMJ-NET Sales Jobs	#Amsterdam #Sales #Job: Senior Consulting Sales Rep - PrimeSourcing at Oracle http://t.co/6gqtCNzDdN #Jobs #Hiring #CareerArc	Fri Aug 21 13:39:23 +0000 2015
TMJ-NET Jobs	Can you recommend anyone for this #job? Stage Technology Strategy Consulting - Onderzoek Multi-Speed IT - http://t.co/lLDunjQnOC #Amsterdam	Sat Sep 12 10:46:22 +0000 2015
TMJ-BEL Mgmt. Jobs	#BusinessMgmt #Job alert: Cost reduction Manager with experience in Consulting and in... | Accenture | #Brussels http://t.co/5yjAfVCU5l	Mon Oct 12 13:20:27 +0000 2015
TMJ-NET Sales Jobs	Can you recommend anyone for this #job? Senior Consulting Sales Rep - PrimeSourcing - https://t.co/04C9o9vKcC #Amsterdam #Sales #Hiring	Thu Oct 29 12:54:09 +0000 2015
TMJ-BEL Mgmt. Jobs	#BusinessMgmt #Job alert: Young graduate in Business Consulting (graduation 2015) | Accenture | #Brussels http://t.co/DyQeRyAlxp	Fri Feb 06 15:01:35 +0000 2015
Accenture in BeLux	Accenture #BusinessMgmt #Job: Young Graduates in Technology Consulting (graduation year 2015) (#Brussels) http://t.co/3GSBYd7Ob4	Wed Feb 25 16:58:47 +0000 2015
Accenture in BeLux	#BusinessMgmt #Job alert: Young graduate in Business Consulting (graduation 2015) | Accenture | #Brussels http://t.co/asfaIblfGt #Jobs	Wed May 13 15:56:36 +0000 2015
TMJ-BEL Mgmt. Jobs	Can you recommend anyone for this #job? Cost reduction Manager with experience in Consulting and in... - http://t.co/Gh2B3w4TAW #Brussels	Fri Jul 17 14:52:10 +0000 2015
TMJ-NET Sales Jobs	We're #hiring! Click to apply: Director, Solution Consulting, Western Europe, ERP - http://t.co/0QpVabLpFc #Sales #Utrecht #Job #Jobs	Sun Jul 26 08:54:33 +0000 2015
Accenture in BeLux	We're #hiring! Click to apply: Cost reduction Manager with experience in Consulting and in... - http://t.co/pT8x5ycto6 #Job #Brussels #Jobs	Thu Jul 30 14:11:45 +0000 2015
TMJ-NET Sales Jobs	#Amsterdam #Sales #Job: Senior Consulting Sales Rep - PrimeSourcing at Oracle http://t.co/hQSUshBXUq #Jobs #Hiring #CareerArc	Tue Sep 29 15:08:11 +0000 2015
TMJ-BEL Mgmt. Jobs	Accenture #BusinessMgmt #Job: Young graduate in Business Consulting (graduation 2015) (#Brussels) http://t.co/DyQeRyAlxp #Jobs	Tue Feb 24 15:55:16 +0000 2015
TMJ-BEL Mgmt. Jobs	Young Graduates in Technology Consulting (graduation year 2015) - Accenture: (#Brussels) http://t.co/7r5HtMnNWG #BusinessMgmt #Job #Jobs	Sat Mar 28 10:20:18 +0000 2015
Accenture in BeLux	See our latest #Brussels #job and click to apply: Young Graduates in Technology Consulting (graduation year 2015) - http://t.co/gYfytNsb3D	Tue Jun 30 07:00:06 +0000 2015
VMware Jobs	We're #hiring! Click to apply: PSO Consulting Architect - http://t.co/XE9tKaS05Z #IT #UTRECHT #Job #Jobs	Wed Aug 05 04:34:13 +0000 2015
TMJ-NET Sales Jobs	#CareerArc #Sales #Job alert: Senior Consulting Sales Rep - PrimeSourcing | Oracle | #Amsterdam http://t.co/HMJ2Fjr7Wi #Jobs #Hiring	Sun Aug 30 10:25:03 +0000 2015
TMJ-BEL Mgmt. Jobs	#BusinessMgmt #Job alert: Young graduate in Business Consulting (graduation 2015) | Accenture | #Brussels http://t.co/HyYtp85MJz #Jobs	Fri Sep 18 13:47:46 +0000 2015
TMJ-NET Sales Jobs	Oracle: Senior Consulting Sales Rep - PrimeSourcing (#Amsterdam) http://t.co/hQSUshBXUq #Sales #Job #Jobs #Hiring #CareerArc	Wed Oct 14 06:38:42 +0000 2015
TMJ-BEL Mgmt. Jobs	Oracle #BusinessMgmt #Job: Consulting Project Technical Manager (#Vilvoorde) http://t.co/6rj7xkzv34 #Jobs #Hiring #TweetMyJobs	Sat May 30 06:00:07 +0000 2015
TMJ-NET Jobs	We're #hiring! Click to apply: Stage Technology Strategy Consulting- Onderzoek ‘Digital Enterprise... - http://t.co/vB4P4VieWr #Amsterdam	Fri Jul 17 12:01:46 +0000 2015
TMJ-BEL Mgmt. Jobs	We're #hiring! Read about our latest #job opening here: Young Graduates in Technology Consulting (graduation... - http://t.co/rc1IySJwcB	Mon Aug 03 07:06:58 +0000 2015
TMJ-NET Engin. Jobs	Can you recommend anyone for this #job? Accenture Consulting - Consultant &amp; (senior) Manager Network Engineering - http://t.co/4LWx8sg2da	Mon Aug 03 07:28:14 +0000 2015
TMJ-NET Sales Jobs	Can you recommend anyone for this #job? Senior Consulting Sales Rep - PrimeSourcing - http://t.co/HMJ2Fjr7Wi #Amsterdam #Sales #Hiring	Wed Aug 12 15:02:37 +0000 2015
TMJ-BEL Mgmt. Jobs	This #BusinessMgmt #job might be a great fit for you: Young Graduates in Technology Consulting (graduation... - http://t.co/rc1IySJwcB	Fri Aug 14 15:14:46 +0000 2015
Accenture in BeLux	Young graduate in Business Consulting (graduation 2015) - Accenture: (#Brussels) http://t.co/m4BBwaiy4q #BusinessMgmt #Job #Jobs #Hiring	Wed Oct 07 17:26:59 +0000 2015
TMJ-BEL Mgmt. Jobs	#Brussels #Automotive #Job: Senior Manager with experience in Consulting and in the Automotive industry at Accenture http://t.co/6ldCeVwA4f	Tue Jun 09 08:52:08 +0000 2015
TMJ-NET Jobs	Can you recommend anyone for this #job? Stage Technology Strategy Consulting- Onderzoek ‘Digital Enterprise... - http://t.co/vB4P4VieWr	Sat Jul 11 09:29:11 +0000 2015
TMJ-NET Sales Jobs	#Sales #Job in #Amsterdam: Senior Consulting Sales Rep - PrimeSourcing at Oracle http://t.co/riKZHILx5l #Jobs #Hiring #CareerArc	Fri Aug 21 14:57:04 +0000 2015
TMJ-NET Jobs	This #internship #job might be a great fit for you: Stage Strategy Consulting – High Performance Business... - http://t.co/n7LrPsxPJa	Mon Sep 21 15:06:25 +0000 2015
TMJ-BEL Mgmt. Jobs	Young Graduates in Technology Consulting (graduation year 2015) - Accenture: (#Brussels) http://t.co/rc1IySJwcB #BusinessMgmt #Job #Jobs	Wed Sep 23 15:08:34 +0000 2015
Accenture in BeLux	See our latest #Brussels #job and click to apply: Cost reduction Manager with experience in Consulting and in... - http://t.co/uYTUwSkS3C	Sun Sep 27 11:21:54 +0000 2015
Accenture in BeLux	We're #hiring! Read about our latest #job opening here: Young Graduates in Technology Consulting (graduation... - https://t.co/NL2OfYF3kn	Fri Oct 23 11:44:03 +0000 2015
TMJ-BEL Mgmt. Jobs	#Brussels #BusinessMgmt #Job: Young graduate in Business Consulting (graduation 2015) at Accenture http://t.co/Dz2V9MT6IJ #Jobs #Hiring	Mon Apr 06 09:09:44 +0000 2015
TMJ-NET Sales Jobs	Oracle #Sales #Job: Director, Solution Consulting, Western Europe, ERP (#Utrecht) https://t.co/0QpVabLpFc #Jobs #Hiring #CareerArc	Sat Oct 24 08:57:00 +0000 2015
Accenture in BeLux	#Brussels #BusinessMgmt #Job: Young graduate in Business Consulting (graduation 2015) at Accenture http://t.co/kbA7sqBd8o #Jobs	Thu Jan 15 09:27:48 +0000 2015
Accenture in BeLux	Young graduate in Business Consulting (graduation 2015) - Accenture: (#Brussels) http://t.co/asfaIblfGt #BusinessMgmt #Job #Jobs #Hiring	Mon Apr 20 11:31:45 +0000 2015
TMJ-BEL Mgmt. Jobs	#BusinessMgmt #Job in #Brussels: Young graduate in Business Consulting (graduation 2015) at Accenture http://t.co/Dz2V9MT6IJ #Jobs	Sat May 16 07:15:15 +0000 2015
TMJ-NET Engin. Jobs	We're #hiring! Click to apply: Accenture Consulting - Consultant &amp; (senior) Manager Network Engineering - http://t.co/3fSsWzXEyD #Job #Jobs	Wed Jun 24 07:19:02 +0000 2015
Accenture in BeLux	This #Automotive #job might be a great fit for you: Senior Manager with experience in Consulting and in the... - http://t.co/SGTSuCgpe4	Sat Jun 27 07:49:08 +0000 2015
Accenture in BeLux	We're #hiring! Click to apply: Senior Manager with experience in Risk Management and Consulting - http://t.co/qSqs1Eddiu #Job #Brussels	Tue Jul 28 13:28:31 +0000 2015
TMJ-NET Sales Jobs	This #Sales #job might be a great fit for you: Senior Consulting Sales Rep - PrimeSourcing - http://t.co/riKZHILx5l #Amsterdam #Hiring	Mon Sep 21 10:11:06 +0000 2015
Accenture in BeLux	Cost Reduction Senior Manager with experience in Consulting and... - Accenture: (#Brussels) https://t.co/CsObsRvyk5 #BusinessMgmt #Job #Jobs	Tue Oct 20 07:40:47 +0000 2015
TMJ-NET Sales Jobs	#CareerArc #Sales #Job alert: Director, Solution Consulting, Western Europe, ERP | Oracle | #Utrecht https://t.co/0QpVabLpFc #Jobs #Hiring	Sat Oct 31 07:43:17 +0000 2015
4-freelancers.nl	#IT Management Teamlead / manager PMO - Main Responsibilities: Responsible for the consultancy service to progra... https://t.co/e5iWzhyHWD	Tue Nov 03 16:04:09 +0000 2015
Accenture in BeLux	#BusinessMgmt #Job in #Brussels: Young Graduates in Technology Consulting (graduation year... at Accenture http://t.co/3GSBYd7Ob4	Tue Mar 03 16:09:17 +0000 2015
TMJ-BEL Mgmt. Jobs	#BusinessMgmt #Job in #Brussels: Young Graduates in Technology Consulting (graduation year 2015) at Accenture http://t.co/7r5HtMnNWG	Tue Apr 14 06:00:03 +0000 2015
Accenture in BeLux	#BusinessMgmt #Job alert: Cost reduction Manager with experience in Consulting and in... | Accenture | #Brussels http://t.co/IO6OEBwORD	Fri Jun 12 07:49:09 +0000 2015
Accenture in BeLux	We're #hiring! Click to apply: Young graduate in Business Consulting (graduation 2015) - http://t.co/asfaIblfGt #BusinessMgmt #Brussels #Job	Thu Jun 18 10:18:41 +0000 2015
Accenture in BeLux	We're #hiring! Read about our latest #job opening here: Senior Manager with experience in Consulting and in... - http://t.co/O80j4U8TRz	Sun Jul 26 12:45:09 +0000 2015
TMJ-BEL Mgmt. Jobs	Cost reduction Manager with experience in Consulting and in... - Accenture: (#Brussels) http://t.co/5yjAfVCU5l #BusinessMgmt #Job #Jobs	Fri Aug 21 10:54:29 +0000 2015
TMJ-NET Sales Jobs	We're #hiring! Click to apply: Senior Consulting Sales Rep - PrimeSourcing - http://t.co/6gqtCNzDdN #Sales #Amsterdam #Job #Jobs #CareerArc	Thu Aug 27 15:22:15 +0000 2015
Accenture in BeLux	We're #hiring! Click to apply: Cost Reduction Senior Manager with experience in Consulting and... - http://t.co/CsObsRvyk5 #Job #Brussels	Tue Sep 01 12:02:22 +0000 2015
TMJ-NET Sales Jobs	#Sales #Job in #Amsterdam: Senior Consulting Sales Rep - PrimeSourcing at Oracle http://t.co/riKZHILx5l #Jobs #Hiring #CareerArc	Thu Sep 03 08:30:12 +0000 2015
TMJ-NET Sales Jobs	#CareerArc #Sales #Job alert: Senior Consulting Sales Rep - PrimeSourcing | Oracle | #Amsterdam http://t.co/riKZHILx5l #Jobs #Hiring	Tue Sep 15 11:29:03 +0000 2015
Accenture in BeLux	#BusinessMgmt #Job in #Brussels: Young Graduates in Technology Consulting (graduation year 2015) at Accenture http://t.co/NL2OfYF3kn #Jobs	Tue Sep 15 16:52:51 +0000 2015
TMJ-BEL Mgmt. Jobs	Accenture #BusinessMgmt #Job: Cost reduction Manager with experience in Consulting and in... (#Brussels) http://t.co/5yjAfVCU5l #Jobs	Tue Oct 06 13:40:31 +0000 2015
TMJ-BEL Mgmt. Jobs	#Brussels #BusinessMgmt #Job: Cost Reduction Senior Manager with experience in Consulting and... at Accenture http://t.co/nzSw0yaXDu #Jobs	Sun Oct 18 11:53:31 +0000 2015
TMJ-NET Sales Jobs	This #Sales #job might be a great fit for you: Senior Consulting Sales Rep - PrimeSourcing - https://t.co/04C9o9vKcC #Amsterdam #Hiring	Thu Oct 22 11:52:02 +0000 2015
TMJ-NET Engin. Jobs	#Amsterdam #Engineering #Job: Accenture Consulting - Consultant &amp; (senior) Manager Network... at Accenture http://t.co/3fSsWzXEyD #Jobs	Thu Apr 30 13:28:27 +0000 2015
TMJ-BEL Mgmt. Jobs	This #BusinessMgmt #job might be a great fit for you: Young graduate in Business Consulting (graduation 2015) - http://t.co/Dz2V9MT6IJ	Wed Jul 15 06:59:14 +0000 2015
TMJ-NET Sales Jobs	This #Sales #job might be a great fit for you: Director, Solution Consulting, Western Europe, ERP - http://t.co/SDpEja38UX #Utrecht #Hiring	Mon Jul 20 10:07:31 +0000 2015
Accenture in BeLux	#BusinessMgmt #Job in #Brussels: Young graduate in Business Consulting (graduation 2015) at Accenture http://t.co/m4BBwaiy4q #Jobs #Hiring	Sat Sep 12 13:24:10 +0000 2015
TMJ-NET Jobs	#internship alert: Stage Technology Strategy Consulting - Onderzoek IT in Mergers and... | Accenture | #Amsterdam http://t.co/vVerLF1hkl	Wed Oct 14 14:38:55 +0000 2015
Accenture in BeLux	#Brussels #BusinessMgmt #Job: Young Graduates in Technology Consulting (graduation year 2015) at Accenture http://t.co/ErNIgaQtC9	Mon Jan 26 16:16:22 +0000 2015
TMJ-BEL Mgmt. Jobs	#Brussels #BusinessMgmt #Job: Young graduate in Business Consulting (graduation 2015) at Accenture http://t.co/Dz2V9MT6IJ #Jobs	Thu Mar 19 14:03:59 +0000 2015
TMJ-BEL Mgmt. Jobs	#BusinessMgmt #Job in #Brussels: Young Graduates in Technology Consulting (graduation year 2015) at Accenture http://t.co/7r5HtMnNWG	Wed May 13 12:15:49 +0000 2015
Accenture in BeLux	#BusinessMgmt #Job in #Brussels: Young graduate in Business Consulting (graduation 2015) at Accenture http://t.co/asfaIblfGt #Jobs	Tue May 19 13:15:25 +0000 2015
TMJ-BEL Mgmt. Jobs	#TweetMyJobs #BusinessMgmt #Job alert: Consulting Project Technical Manager | Oracle | #Vilvoorde http://t.co/6rj7xkzv34 #Jobs #Hiring	Fri Jun 05 06:58:10 +0000 2015
TMJ-NET Sales Jobs	Can you recommend anyone for this #job? Senior Consulting Sales Rep - PrimeSourcing - http://t.co/DTSisDUJuJ #Amsterdam #Sales #Hiring	Thu Jul 16 14:53:19 +0000 2015
TMJ-NET Engin. Jobs	Accenture Consulting - Consultant &amp; (senior) Manager Network Engineering - Accenture: (#Amsterdam) http://t.co/4LWx8sg2da #Engineering #Job	Tue Jul 28 15:29:02 +0000 2015
TMJ-NET Jobs	#Amsterdam #internship #Job: Stage Strategy Consulting – High Performance Business Onderzoek at Accenture http://t.co/n7LrPsxPJa #Jobs	Wed Jul 29 12:58:19 +0000 2015
TMJ-BEL Mgmt. Jobs	Young Graduates in Technology Consulting (graduation year 2015) - Accenture: (#Brussels) http://t.co/rc1IySJwcB #BusinessMgmt #Job #Jobs	Sun Aug 09 06:00:10 +0000 2015
TMJ-NET Engin. Jobs	This #Engineering #job might be a great fit for you: Accenture Consulting - Consultant &amp; (senior) Manager... - http://t.co/4LWx8sg2da	Sun Aug 09 07:33:36 +0000 2015
TMJ-BEL Mgmt. Jobs	We're #hiring! Click to apply: Cost Reduction Senior Manager with experience in Consulting and... - http://t.co/nzSw0yaXDu #Job #Brussels	Thu Aug 27 06:00:09 +0000 2015
Accenture in BeLux	#BusinessMgmt #Job alert: Cost reduction Manager with experience in Consulting and in... | Accenture | #Brussels https://t.co/pT8x5ycto6	Wed Oct 28 17:37:57 +0000 2015
Accenture in BeLux	#BusinessMgmt #Job alert: Young graduate in Business Consulting (graduation 2015) | Accenture | #Brussels http://t.co/kbA7sqBd8o	Tue Jan 27 08:05:30 +0000 2015
TMJ-BEL Mgmt. Jobs	Cost reduction Manager with experience in Consulting and in... - Accenture: (#Brussels) http://t.co/Gh2B3w4TAW #BusinessMgmt #Job #Jobs	Fri Jun 12 12:37:59 +0000 2015
Accenture in BeLux	#Insurance #Job alert: Senior Manager with experience in Risk Management and Consulting | Accenture | #Brussels http://t.co/K0sbO8GVAI	Thu Jul 16 11:30:47 +0000 2015
TMJ-NET Sales Jobs	Oracle #Sales #Job: Senior Consulting Sales Rep - PrimeSourcing (#Amsterdam) http://t.co/riKZHILx5l #Jobs #Hiring #CareerArc	Sun Aug 16 05:53:10 +0000 2015
Accenture in BeLux	#Brussels #BusinessMgmt #Job: Cost Reduction Senior Manager with experience in Consulting and... at Accenture http://t.co/CsObsRvyk5 #Jobs	Mon Sep 07 07:43:45 +0000 2015
TMJ-NET Sales Jobs	#Amsterdam #Sales #Job: Senior Consulting Sales Rep - PrimeSourcing at Oracle http://t.co/43wpTeTdh2 #Jobs #Hiring #CareerArc	Fri Oct 09 13:29:40 +0000 2015
TMJ-BEL Mgmt. Jobs	#Brussels #BusinessMgmt #Job: Young Graduates in Technology Consulting (graduation year 2015) at Accenture https://t.co/rc1IySJwcB #Jobs	Thu Oct 22 07:05:51 +0000 2015
TMJ-BEL Mgmt. Jobs	Consulting Practice Manager - Oracle: (#Vilvoorde) http://t.co/1l9L5FUBXJ #BusinessMgmt #Job #Jobs #Hiring #TweetMyJobs	Fri May 01 13:15:34 +0000 2015
TMJ-BEL Mgmt. Jobs	#TweetMyJobs #BusinessMgmt #Job alert: Consulting Practice Manager | Oracle | #Vilvoorde http://t.co/1l9L5FUBXJ #Jobs #Hiring	Sun Jul 05 11:21:58 +0000 2015
Accenture in BeLux	This #Automotive #job might be a great fit for you: Senior Manager with experience in Consulting and in the... - http://t.co/O80j4U8TRz	Thu Jul 30 11:19:03 +0000 2015
VMware Jobs	We're #hiring! Click to apply: PSO Consulting Architect - http://t.co/xETwKi2QJn #IT #UTRECHT #Job #Jobs	Thu Aug 13 15:48:57 +0000 2015
TMJ-BEL Mgmt. Jobs	#Brussels #BusinessMgmt #Job: Cost reduction Manager with experience in Consulting and in... at Accenture http://t.co/5yjAfVCU5l #Jobs	Tue Sep 01 10:48:36 +0000 2015
Accenture in BeLux	#BusinessMgmt alert: Cost Reduction Senior Manager with experience in Consulting and... | Accenture | #Brussels http://t.co/CsObsRvyk5	Thu Oct 01 10:27:30 +0000 2015
TMJ-NET Sales Jobs	#Sales #Job in #Utrecht: Consulting Sales Rep 4 at Oracle http://t.co/6kKrfWSLal #Jobs #Hiring #CareerArc	Sat Oct 10 14:12:00 +0000 2015
TMJ-NET Engin. Jobs	Accenture: Accenture Consulting - Consultant &amp; (senior) Manager Network Engineering (#Amsterdam) http://t.co/4LWx8sg2da #Engineering #Job	Sun Oct 18 15:47:24 +0000 2015
Accenture in BeLux	Accenture #BusinessMgmt #Job: Young graduate in Business Consulting (graduation 2015) (#Brussels) http://t.co/V5hwa10tiG #Jobs	Sat Apr 11 17:07:33 +0000 2015
Accenture in BeLux	#Brussels #BusinessMgmt #Job: Young graduate in Business Consulting (graduation 2015) at Accenture http://t.co/asfaIblfGt #Jobs #Hiring	Sun Apr 26 07:53:45 +0000 2015
TMJ-BEL Mgmt. Jobs	#Brussels #BusinessMgmt #Job: Young Graduates in Technology Consulting (graduation year 2015) at Accenture http://t.co/7r5HtMnNWG #Jobs	Mon May 25 09:24:17 +0000 2015
TMJ-NET Sales Jobs	#CareerArc #Sales #Job alert: Senior Consulting Sales Rep - PrimeSourcing | Oracle | #Amsterdam http://t.co/6gqtCNi2mf #Jobs #Hiring	Sat Aug 15 15:01:28 +0000 2015
TMJ-BEL Mgmt. Jobs	Accenture #BusinessMgmt #Job: Young Graduates in Technology Consulting (graduation year 2015) (#Brussels) http://t.co/rc1IySJwcB #Jobs	Thu Aug 20 10:54:38 +0000 2015
TMJ-NET Jobs	#internship #Job in #Amsterdam: Stage Strategy Consulting – High Performance Business Onderzoek at Accenture http://t.co/n7LrPsxPJa #Jobs	Wed Sep 09 15:41:13 +0000 2015
TMJ-NET Engin. Jobs	#Engineering in #Amsterdam: Accenture Consulting - Consultant &amp; (senior) Manager Network Engineering at Accenture http://t.co/4LWx8sg2da	Sat Sep 12 08:54:45 +0000 2015
Accenture in BeLux	#Brussels #BusinessMgmt #Job: Cost reduction Manager with experience in Consulting and in... at Accenture http://t.co/pT8x5ycto6 #Jobs	Tue Sep 15 12:39:20 +0000 2015
TMJ-NET Sales Jobs	See our latest #Utrecht #job and click to apply: Consulting Sales Rep 4 - http://t.co/6kKrfWSLal #Sales #Hiring #CareerArc	Sun Oct 04 05:53:06 +0000 2015
TMJ-BEL Mgmt. Jobs	#BusinessMgmt #Job alert: Young graduate in Business Consulting (graduation 2015) | Accenture | #Brussels http://t.co/HyYtp85MJz #Jobs	Tue Oct 06 12:23:44 +0000 2015
Accenture in BeLux	#BusinessMgmt #Job alert: Young Graduates in Technology Consulting (graduatio... | Accenture | #Brussels http://t.co/Hl1PvodcNQ	Sun Apr 12 12:08:04 +0000 2015
TMJ-NET Engin. Jobs	#Engineering #Job in #Amsterdam: Accenture Consulting - Consultant &amp; (senior) Manager Network... at Accenture http://t.co/3fSsWzG3H5	Wed May 06 05:52:10 +0000 2015
Accenture in BeLux	See our latest #Brussels #job and click to apply: Young graduate in Business Consulting (graduation 2015) - http://t.co/asfaIblfGt #Hiring	Sun Jul 12 07:00:09 +0000 2015
TMJ-BEL Mgmt. Jobs	Can you recommend anyone for this #job? Senior Manager with experience in Consulting and in the Automotive... - http://t.co/6ldCeVwA4f	Tue Jul 21 11:22:00 +0000 2015
TMJ-NET Jobs	#Amsterdam #internship #Job: Stage Strategy Consulting – Value Office at Accenture http://t.co/1SnSYLvoVy #Jobs #Hiring #CareerArc	Sun Aug 30 06:01:09 +0000 2015
TMJ-NET Sales Jobs	#Amsterdam #Sales #Job: Senior Consulting Sales Rep - PrimeSourcing at Oracle http://t.co/7AYdN4HeVo #Jobs #Hiring #CareerArc	Tue Sep 15 08:41:06 +0000 2015
TMJ-NET Engin. Jobs	#Engineering #Job alert: Accenture Consulting - Consultant &amp; (senior) Manager Network... | Accenture | #Amsterdam http://t.co/4LWx8sg2da	Wed Sep 23 12:47:22 +0000 2015
TMJ-NET Jobs	Accenture: Stage Technology Strategy Consulting - Onderzoek Multi-Speed IT (#Amsterdam) https://t.co/lLDunjQnOC #internship #Job #Jobs	Wed Oct 21 12:56:12 +0000 2015
TMJ-BEL Mgmt. Jobs	Young graduate in Business Consulting (graduation 2015) - Accenture: (#Brussels) http://t.co/DyQeRzr8VB #BusinessMgmt #Job #Jobs	Mon Jan 26 15:23:03 +0000 2015
TMJ-BEL Mgmt. Jobs	Accenture #BusinessMgmt #Job: Young Graduates in Technology Consulting (graduation year 2015) (#Brussels) http://t.co/dsmI3Rs8oO	Wed Feb 18 11:59:13 +0000 2015
TMJ-BEL Mgmt. Jobs	#BusinessMgmt #Job alert: Young graduate in Business Consulting (graduation 2015) | Accenture | #Brussels http://t.co/KFeplDECvA	Thu Mar 12 12:52:47 +0000 2015
TMJ-BEL Mgmt. Jobs	Accenture: Young Graduates in Technology Consulting (graduation year 2015) (#Brussels) http://t.co/7r5HtMnNWG #BusinessMgmt #Job	Mon Mar 16 12:27:39 +0000 2015
TMJ-BEL Mgmt. Jobs	Oracle #BusinessMgmt #Job: Consulting Practice Manager (#Vilvoorde) http://t.co/1l9L5FUBXJ #Jobs #Hiring #TweetMyJobs	Mon Jun 29 12:13:08 +0000 2015
Accenture in BeLux	This #BusinessMgmt #job might be a great fit for you: Young Graduates in Technology Consulting (graduation... - http://t.co/gYfytNsb3D	Mon Jul 06 07:00:07 +0000 2015
TMJ-BEL Mgmt. Jobs	Accenture: Cost reduction Manager with experience in Consulting and in... (#Brussels) http://t.co/Gh2B3w4TAW #BusinessMgmt #Job #Jobs	Mon Jul 06 07:04:29 +0000 2015
TMJ-NET IT Jobs	#IT #Job in #UTRECHT: PSO Consulting Architect at VMware http://t.co/MgJAcLFGiA #Jobs #Hiring #CareerArc	Wed Aug 12 09:39:04 +0000 2015
TMJ-BEL Mgmt. Jobs	This #BusinessMgmt #job might be a great fit for you: Young graduate in Business Consulting (graduation 2015) - http://t.co/HyYtp85MJz	Sat Sep 12 12:15:45 +0000 2015
TMJ-NET Sales Jobs	Oracle #Sales #Job: Senior Consulting Sales Rep - PrimeSourcing (#Amsterdam) https://t.co/04C9o9vKcC #Jobs #Hiring #CareerArc	Wed Nov 04 13:59:45 +0000 2015
Accenture in BeLux	#BusinessMgmt #Job alert: Young graduate in Business Consulting (graduation 2... | Accenture | #Brussels http://t.co/V5hwa10tiG	Mon Mar 30 14:29:37 +0000 2015
TMJ-BEL Mgmt. Jobs	#BusinessMgmt #Job in #Eke: Consulting Project Technical Manager at Oracle http://t.co/EhbK2yvDle #Jobs #Hiring #TweetMyJobs	Fri Jun 05 07:56:22 +0000 2015
TMJ-NET Jobs	#Amsterdam #internship : Stage Technology Strategy Consulting- Onderzoek binnen het domein: Digital... at Accenture http://t.co/e8aKVookuk	Sun Jul 05 07:10:21 +0000 2015
TMJ-NET IT Jobs	#IT #Job in #UTRECHT: PSO Consulting Architect at VMware http://t.co/vGlgmGeduq #Jobs #Hiring #TweetMyJobs	Tue Jul 21 10:21:02 +0000 2015
TMJ-NET Sales Jobs	#Utrecht #Sales #Job: Director, Solution Consulting, Western Europe, ERP at Oracle http://t.co/0QpVabLpFc #Jobs #Hiring #CareerArc	Sat Aug 01 09:24:36 +0000 2015
TMJ-NET Sales Jobs	Can you recommend anyone for this #job? Senior Consulting Sales Rep - PrimeSourcing - http://t.co/6gqtCNzDdN #Amsterdam #Sales #Hiring	Mon Aug 03 13:38:28 +0000 2015
Accenture in BeLux	Young graduate in Business Consulting (graduation 2015) - Accenture: (#Brussels) http://t.co/m4BBwaiy4q #BusinessMgmt #Job #Jobs #Hiring	Sat Aug 08 14:21:11 +0000 2015
TMJ-NET IT Jobs	See our latest #UTRECHT #job and click to apply: PSO Consulting Architect - http://t.co/nvT0rfTk9v #IT #Hiring #CareerArc	Mon Aug 10 10:58:02 +0000 2015
TMJ-NET IT Jobs	#IT #Job in #UTRECHT: PSO Consulting Architect at VMware http://t.co/nvT0rfTk9v #Jobs #Hiring #CareerArc	Mon Aug 17 13:35:31 +0000 2015
TMJ-NET Sales Jobs	Can you recommend anyone for this #job? Senior Consulting Sales Rep - PrimeSourcing - http://t.co/HMJ2Fjr7Wi #Amsterdam #Sales #Hiring	Sat Sep 12 07:11:45 +0000 2015
TMJ-NET Sales Jobs	See our latest #Utrecht #job and click to apply: Consulting Sales Rep 4 - http://t.co/6kKrfWSLal #Sales #Hiring #CareerArc	Fri Oct 16 15:32:35 +0000 2015
TMJ-BEL Mgmt. Jobs	#Brussels #BusinessMgmt #Job: Young Graduates in Technology Consulting (graduation year 2015) at Accenture http://t.co/dsmI3Rs8oO	Mon Mar 02 07:05:25 +0000 2015
TMJ-BEL Mgmt. Jobs	#BusinessMgmt #Job in #Brussels: Young graduate in Business Consulting (graduation 2015) at Accenture http://t.co/Dz2V9MT6IJ #Jobs #Hiring	Sat Jun 20 14:26:32 +0000 2015
Accenture in BeLux	Accenture #BusinessMgmt #Job: Cost Reduction Senior Manager with experience in Consulting and... (#Brussels) http://t.co/fuJ04G0maW #Jobs	Wed Jun 24 07:49:44 +0000 2015
TMJ-BEL Mgmt. Jobs	Accenture: Young Graduates in Technology Consulting (graduation year 2015) (#Brussels) http://t.co/rc1IySJwcB #BusinessMgmt #Job #Jobs	Thu Jul 23 08:11:26 +0000 2015
TMJ-BEL Mgmt. Jobs	We're #hiring! Click to apply: Young Graduates in Technology Consulting (graduation year 2015) - http://t.co/rc1IySJwcB #Job #Brussels	Tue Jul 28 08:16:15 +0000 2015
TMJ-NET Sales Jobs	See our latest #Utrecht #job and click to apply: Director, Solution Consulting, Western Europe, ERP - http://t.co/0QpVabLpFc #Sales #Hiring	Wed Aug 19 11:39:03 +0000 2015
Accenture in BeLux	#BusinessMgmt #Job in #Brussels: Young graduate in Business Consulting (graduation 2015) at Accenture http://t.co/V5hwa10tiG	Wed Mar 18 17:27:57 +0000 2015
TMJ-BEL Mgmt. Jobs	#Brussels #BusinessMgmt #Job: Cost reduction Manager with experience in Consulting and in... at Accenture http://t.co/5yjAfVCU5l #Jobs	Tue Aug 04 09:20:28 +0000 2015
TMJ-NET Sales Jobs	#Sales #Job in #Amsterdam: Senior Consulting Sales Rep - PrimeSourcing at Oracle http://t.co/6gqtCNzDdN #Jobs #Hiring #CareerArc	Thu Sep 03 06:32:25 +0000 2015
Accenture in BeLux	#BusinessMgmt #Job in #Brussels: Young Graduates in Technology Consulting (graduation year... at Accenture http://t.co/ErNIgaQtC9	Tue Jan 20 16:54:54 +0000 2015
TMJ-BEL Mgmt. Jobs	Cost Reduction Senior Manager with experience in Consulting and... - Accenture: (#Brussels) http://t.co/R9ZNsaHHiC #BusinessMgmt #Job #Jobs	Thu Jun 18 11:20:02 +0000 2015
Accenture in BeLux	We're #hiring! Read about our latest #job opening here: Cost reduction Manager with experience in Consulting... - http://t.co/pT8x5ycto6	Thu Jul 23 10:00:40 +0000 2015
Accenture in BeLux	Accenture: Senior Manager with experience in Consulting and in the Automotive industry (#Brussels) http://t.co/O80j4U8TRz #Automotive #Job	Mon Aug 17 10:38:15 +0000 2015
Accenture in BeLux	#BusinessMgmt alert: Cost Reduction Senior Manager with experience in Consulting and... | Accenture | #Brussels http://t.co/CsObsRvyk5	Thu Oct 08 11:11:19 +0000 2015
TMJ-NET Jobs	We're #hiring! Click to apply: Stage Technology Strategy Consulting - Onderzoek IT in Mergers and Acquisitions - http://t.co/vVerLF1hkl	Thu Oct 08 13:35:30 +0000 2015
TMJ-BEL Mgmt. Jobs	#BusinessMgmt #Job alert: Young Graduates in Technology Consulting (graduation... | Accenture | #Brussels http://t.co/dsmI3SiVN0	Sun Feb 01 11:50:57 +0000 2015
Accenture in BeLux	Accenture #BusinessMgmt #Job: Young graduate in Business Consulting (graduation 2015) (#Brussels) http://t.co/wT0ZxwV3JI #Jobs	Sun Feb 08 09:02:16 +0000 2015
Accenture in BeLux	#Brussels #BusinessMgmt #Job: Young graduate in Business Consulting (graduation 2015) at Accenture http://t.co/wT0ZxwV3JI #Jobs	Fri Feb 20 09:03:23 +0000 2015
Accenture in BeLux	#BusinessMgmt #Job alert: Young graduate in Business Consulting (graduation 2015) | Accenture | #Brussels http://t.co/V5hwa0ISr8	Tue Mar 24 16:49:30 +0000 2015
Accenture in BeLux	#BusinessMgmt #Job alert: Young Graduates in Technology Consulting (graduatio... | Accenture | #Brussels http://t.co/r9PVedKFKT	Wed Mar 25 13:42:23 +0000 2015
TMJ-BEL Mgmt. Jobs	We're #hiring! Read about our latest #job opening here: Consulting Practice Manager - http://t.co/1l9L5FUBXJ #Vilvoorde #BusinessMgmt	Thu Jun 11 11:41:09 +0000 2015
TMJ-NET Engin. Jobs	#Engineering in #Amsterdam: Accenture Consulting - Consultant &amp; (senior) Manager Network Engineering at Accenture http://t.co/3fSsWzXEyD	Thu Jul 16 15:05:36 +0000 2015
TMJ-BEL Mgmt. Jobs	Accenture: Cost reduction Manager with experience in Consulting and in... (#Brussels) http://t.co/5yjAfVCU5l #BusinessMgmt #Job #Jobs	Thu Jul 23 11:28:18 +0000 2015
TMJ-NET IT Jobs	We're #hiring! Read about our latest #job opening here: PSO Consulting Architect - http://t.co/nvT0rfTk9v #UTRECHT #IT #CareerArc	Sun Aug 23 11:17:00 +0000 2015
Accenture in BeLux	Accenture: Young graduate in Business Consulting (graduation 2015) (#Brussels) http://t.co/m4BBwaiy4q #BusinessMgmt #Job #Jobs #Hiring	Wed Aug 26 09:52:41 +0000 2015
TMJ-NET Sales Jobs	See our latest #Amsterdam #job and click to apply: Senior Consulting Sales Rep - PrimeSourcing - http://t.co/riKZHILx5l #Sales #Hiring	Wed Sep 09 09:48:46 +0000 2015
TMJ-NET Sales Jobs	Senior Consulting Sales Rep - PrimeSourcing - Oracle: (#Amsterdam) http://t.co/I34XLCVp4B #Sales #Job #Jobs #Hiring #CareerArc	Mon Oct 12 11:18:57 +0000 2015
TMJ-BEL Mgmt. Jobs	Accenture: Young Graduates in Technology Consulting (graduation year 2015) (#Brussels) http://t.co/dsmI3SiVN0 #BusinessMgmt #Job	Tue Jan 27 07:05:32 +0000 2015
TMJ-BEL Mgmt. Jobs	Accenture: Young Graduates in Technology Consulting (graduation year 2015) (#Brussels) http://t.co/7r5HtMnNWG #BusinessMgmt #Job #Jobs	Sun Apr 19 15:01:08 +0000 2015
TMJ-BEL Mgmt. Jobs	#BusinessMgmt #Job in #Brussels: Young graduate in Business Consulting (graduation 2015) at Accenture http://t.co/Dz2V9MT6IJ #Jobs	Mon May 04 14:25:27 +0000 2015
TMJ-BEL Mgmt. Jobs	#TweetMyJobs #BusinessMgmt #Job alert: Consulting Practice Manager | Oracle | #Vilvoorde http://t.co/1l9L5FUBXJ #Jobs #Hiring	Tue May 12 13:14:48 +0000 2015
Accenture in BeLux	Accenture #BusinessMgmt #Job: Cost Reduction Senior Manager with experience in Consulting and... (#Brussels) http://t.co/fuJ04G0maW #Jobs	Sat Jun 06 12:09:15 +0000 2015
TMJ-NET IT Jobs	VMware: PSO Consulting Architect (#UTRECHT) http://t.co/nvT0rfTk9v #IT #Job #Jobs #Hiring #CareerArc	Fri Aug 07 08:49:47 +0000 2015
TMJ-BEL Mgmt. Jobs	This #BusinessMgmt #job might be a great fit for you: Young graduate in Business Consulting (graduation 2015) - http://t.co/HyYtp85MJz	Mon Sep 07 06:00:05 +0000 2015
TMJ-BEL Mgmt. Jobs	Accenture: Young graduate in Business Consulting (graduation 2015) (#Brussels) http://t.co/HyYtp85MJz #BusinessMgmt #Job #Jobs #Hiring	Wed Sep 30 10:21:44 +0000 2015
Accenture in BeLux	Young graduate in Business Consulting (graduation 2015) - Accenture: (#Brussels) http://t.co/kbA7sqBd8o #BusinessMgmt #Job #Jobs	Mon Feb 02 10:20:47 +0000 2015
TMJ-BEL Mgmt. Jobs	We're #hiring! Read about our latest #job opening here: Senior Manager with experience in Consulting and in the... - http://t.co/6ldCeVwA4f	Mon Jun 15 11:43:47 +0000 2015
Accenture in BeLux	Accenture #BusinessMgmt #Job: Cost Reduction Senior Manager with experience in Consulting and... (#Brussels) http://t.co/fuJ04G0maW #Jobs	Sun Jul 12 07:45:43 +0000 2015
TMJ-NET Jobs	Accenture: Stage Strategy Consulting – High Performance Business Onderzoek (#Amsterdam) http://t.co/n7LrPsxPJa #internship #Job #Jobs	Tue Aug 04 14:12:14 +0000 2015
TMJ-NET IT Jobs	VMware #IT #Job: PSO Consulting Architect (#UTRECHT) http://t.co/MgJAcLFGiA #Jobs #Hiring #CareerArc	Fri Aug 07 11:00:24 +0000 2015
VMware Jobs	Can you recommend anyone for this #job? PSO Consulting Architect - http://t.co/xETwKi2QJn #UTRECHT #IT #Hiring	Wed Aug 26 09:00:08 +0000 2015
TMJ-BEL Mgmt. Jobs	Cost reduction Manager with experience in Consulting and in... - Accenture: (#Brussels) http://t.co/5yjAfVCU5l #BusinessMgmt #Job #Jobs	Wed Sep 30 12:21:54 +0000 2015
TMJ-BEL Mgmt. Jobs	#Brussels #BusinessMgmt #Job: Young Graduates in Technology Consulting (graduation year 2015) at Accenture http://t.co/7r5HtMnNWG #Jobs	Sat Apr 25 12:00:39 +0000 2015
TMJ-BEL Mgmt. Jobs	#Brussels #BusinessMgmt #Job: Young graduate in Business Consulting (graduation 2015) at Accenture http://t.co/Dz2V9MT6IJ #Jobs #Hiring	Tue Apr 28 13:30:43 +0000 2015
TMJ-BEL Mgmt. Jobs	Can you recommend anyone for this #job? Consulting Practice Manager - http://t.co/1l9L5FUBXJ #Vilvoorde #BusinessMgmt #Hiring #TweetMyJobs	Fri Jun 05 11:49:15 +0000 2015
TMJ-NET Engin. Jobs	Accenture Consulting - Consultant &amp; (senior) Manager Network Engineering - Accenture: (#Amsterdam) http://t.co/3fSsWzXEyD #Engineering #Job	Fri Jun 12 05:52:08 +0000 2015
TMJ-NET Engin. Jobs	See our latest #Utrecht #job and click to apply: PSO Consulting Architect - http://t.co/ogZgmLuZ1x #Engineering #Hiring #TweetMyJobs	Wed Jul 01 12:46:38 +0000 2015
TMJ-NET Engin. Jobs	This #Engineering #job might be a great fit for you: Accenture Consulting - Consultant &amp; (senior) Manager... - http://t.co/3fSsWzXEyD	Sat Jul 11 09:33:32 +0000 2015
TMJ-NET Jobs	We're #hiring! Click to apply: Stage Strategy Consulting – High Performance Business Onderzoek - http://t.co/n7LrPsxPJa #Job #Amsterdam	Mon Aug 10 13:41:58 +0000 2015
Accenture in BeLux	Accenture: Senior Manager with experience in Risk Management and Consulting (#Brussels) http://t.co/qSqs1Eddiu #Insurance #Job #Jobs	Thu Aug 27 09:09:30 +0000 2015
TMJ-NET Engin. Jobs	This #Engineering #job might be a great fit for you: Accenture Consulting - Consultant &amp; (senior) Manager... - http://t.co/4LWx8sg2da	Fri Sep 18 07:15:10 +0000 2015
Accenture in BeLux	#BusinessMgmt #Job in #Brussels: Young Graduates in Technology Consulting (graduation year... at Accenture http://t.co/ErNIgaQtC9	Wed Jan 14 17:56:05 +0000 2015
TMJ-BEL Mgmt. Jobs	#Brussels #BusinessMgmt #Job: Young Graduates in Technology Consulting (graduation year 2015) at Accenture http://t.co/etJCZHnI0P	Wed Jan 21 08:46:15 +0000 2015
Accenture in BeLux	#BusinessMgmt #Job in #Brussels: Young Graduates in Technology Consulting (graduation year 2015) at Accenture http://t.co/gYfytNsb3D	Sat May 02 07:00:07 +0000 2015
TMJ-BEL Mgmt. Jobs	We're #hiring! Read about our latest #job opening here: Senior Manager with experience in Consulting and in the... - http://t.co/6ldCeVwA4f	Sun Jun 21 13:22:59 +0000 2015
TMJ-NET Sales Jobs	Can you recommend anyone for this #job? Senior Consulting Sales Rep - PrimeSourcing - http://t.co/riKZHILx5l #Amsterdam #Sales #Hiring	Mon Aug 03 14:40:55 +0000 2015
TMJ-BEL Mgmt. Jobs	Accenture: Young graduate in Business Consulting (graduation 2015) (#Brussels) http://t.co/HyYtp85MJz #BusinessMgmt #Job #Jobs #Hiring	Tue Aug 04 08:13:42 +0000 2015
TMJ-NET Sales Jobs	Oracle #Sales #Job: Senior Consulting Sales Rep - PrimeSourcing (#Amsterdam) http://t.co/riKZHILx5l #Jobs #Hiring #CareerArc	Sun Aug 09 14:39:39 +0000 2015
TMJ-NET Jobs	Accenture: Stage Technology Strategy Consulting - Onderzoek IT in Mergers and Acquisitions (#Amsterdam) http://t.co/vVerLF1hkl #internship	Fri Sep 18 11:25:33 +0000 2015
TMJ-NET Jobs	Accenture #internship #Job: Stage Strategy Consulting – High Performance Business Onderzoek (#Amsterdam) https://t.co/n7LrPsxPJa #Jobs	Sat Oct 24 13:39:21 +0000 2015
Accenture in BeLux	Accenture: Young graduate in Business Consulting (graduation 2015) (#Brussels) http://t.co/wT0Zxxuggm #BusinessMgmt #Job #Jobs	Wed Jan 21 08:29:07 +0000 2015
TMJ-BEL Mgmt. Jobs	Accenture #BusinessMgmt #Job: Young graduate in Business Consulting (graduation 2015) (#Brussels) http://t.co/DyQeRyAlxp #Jobs	Mon Mar 02 13:58:34 +0000 2015
Accenture in BeLux	Accenture: Young Graduates in Technology Consulting (graduation year 2015) (#Brussels) http://t.co/Hl1PvodcNQ #BusinessMgmt #Job	Fri Mar 13 13:08:57 +0000 2015
TMJ-BEL Mgmt. Jobs	#BusinessMgmt #Job alert: Young Graduates in Technology Consulting (graduation year 2015) | Accenture | #Brussels http://t.co/7r5HtMnNWG	Thu Jun 18 08:08:55 +0000 2015
Accenture in BeLux	Senior Manager with experience in Risk Management and Consulting - Accenture: (#Brussels) http://t.co/K0sbO8GVAI #Insurance #Job #Jobs	Mon Jun 22 12:47:33 +0000 2015
TMJ-NET Engin. Jobs	We're #hiring! Click to apply: PSO Consulting Architect - http://t.co/ogZgmLuZ1x #Engineering #Utrecht #Job #Jobs #TweetMyJobs	Tue Jul 07 12:26:59 +0000 2015
Accenture in BeLux	See our latest #Brussels #job and click to apply: Young graduate in Business Consulting (graduation 2015) - http://t.co/m4BBwaiy4q #Hiring	Tue Sep 01 07:00:05 +0000 2015
TMJ-BEL Mgmt. Jobs	This #BusinessMgmt #job might be a great fit for you: Young graduate in Business Consulting (graduation 2015) - http://t.co/HyYtp85MJz	Tue Sep 01 09:36:27 +0000 2015
TMJ-NET IT Jobs	This #IT #job might be a great fit for you: PSO Consulting Architect - http://t.co/nvT0rfTk9v #UTRECHT #Hiring #CareerArc	Wed Sep 16 07:38:20 +0000 2015
4-freelancers.nl	#Overig Information engineer - Functiebeschrijving:   The candidate provides services in the areas of consultancy... http://t.co/B5vQXT2ShQ	Wed Sep 16 11:34:37 +0000 2015
TMJ-BEL Mgmt. Jobs	#BusinessMgmt #Job in #Brussels: Young graduate in Business Consulting (graduation 2015) at Accenture http://t.co/Dz2V9MT6IJ #Jobs	Sat Apr 11 13:54:13 +0000 2015
TMJ-NET Engin. Jobs	#Engineering #Job alert: Accenture Consulting - Consultant &amp; (senior) Manager... | Accenture | #Amsterdam http://t.co/3fSsWzXEyD #Jobs	Mon May 11 13:52:49 +0000 2015
TMJ-BEL Mgmt. Jobs	Oracle: Consulting Practice Manager (#Vilvoorde) http://t.co/1l9L5FUBXJ #BusinessMgmt #Job #Jobs #Hiring #TweetMyJobs	Mon May 18 12:36:28 +0000 2015
TMJ-NET Engin. Jobs	#Engineering #Job alert: Accenture Consulting - Consultant &amp; (senior) Manager... | Accenture | #Amsterdam http://t.co/3fSsWzXEyD #Jobs	Sun May 24 13:07:38 +0000 2015
Accenture in BeLux	Young graduate in Business Consulting (graduation 2015) - Accenture: (#Brussels) http://t.co/m4BBwaiy4q #BusinessMgmt #Job #Jobs #Hiring	Mon Jul 27 17:47:17 +0000 2015
TMJ-BEL Mgmt. Jobs	#BusinessMgmt #Job in #Brussels: Cost Reduction Senior Manager with experience in Consulting and... at Accenture http://t.co/nzSw0yaXDu	Mon Sep 07 08:47:43 +0000 2015
TMJ-BEL Mgmt. Jobs	Oracle: HCM Cloud Adoption Consulting Manager (#Vilvoorde) http://t.co/3JwUshkMe3 #BusinessMgmt #Job #Jobs #Hiring #CareerArc	Wed Sep 09 14:46:03 +0000 2015
TMJ-NET Jobs	We're #hiring! Click to apply: Stage Strategy Consulting – High Performance Business Onderzoek - http://t.co/ADxMeGIGdU #Job #Amsterdam	Mon Sep 28 09:38:18 +0000 2015
TMJ-NET Engin. Jobs	#Engineering #Job alert: Accenture Consulting - Consultant &amp; (senior) Manager Network... | Accenture | #Amsterdam http://t.co/4LWx8sg2da	Wed Oct 07 05:52:06 +0000 2015
Accenture in BeLux	#BusinessMgmt #Job alert: Cost reduction Manager with experience in Consulting and in... | Accenture | #Brussels https://t.co/pT8x5ycto6	Fri Oct 23 08:21:14 +0000 2015
TMJ-NET Engin. Jobs	#Engineering #Job in #Amsterdam: Accenture Consulting - Consultant &amp; (senior) Manager Network... at Accenture http://t.co/3fSsWzXEyD	Fri Apr 24 11:45:36 +0000 2015
TMJ-BEL Mgmt. Jobs	We're #hiring! Click to apply: Cost Reduction Senior Manager with experience in Consulting and... - http://t.co/nzSw0yaXDu #Job #Brussels	Wed Jul 29 10:32:17 +0000 2015
TMJ-BEL Mgmt. Jobs	Young Graduates in Technology Consulting (graduation year 2015) - Accenture: (#Brussels) http://t.co/dsmI3SiVN0 #BusinessMgmt #Job	Thu Jan 15 15:01:04 +0000 2015
TMJ-BEL Mgmt. Jobs	#Brussels #BusinessMgmt #Job: Young Graduates in Technology Consulting (graduation year 2015) at Accenture http://t.co/dsmI3Rs8oO	Sat Feb 07 07:05:40 +0000 2015
TMJ-BEL Mgmt. Jobs	Accenture #BusinessMgmt #Job: Young Graduates in Technology Consulting (graduation year 2015) (#Brussels) http://t.co/dsmI3Rs8oO	Tue Feb 24 08:51:52 +0000 2015
Accenture in BeLux	Young graduate in Business Consulting (graduation 2015) - Accenture: (#Brussels) http://t.co/wT0ZxwV3JI #BusinessMgmt #Job #Jobs	Mon Mar 02 14:49:27 +0000 2015
TMJ-BEL Mgmt. Jobs	#BusinessMgmt #Job alert: Young Graduates in Technology Consulting (graduation... | Accenture | #Brussels http://t.co/7r5HtMnNWG	Sun Mar 22 10:26:09 +0000 2015
Accenture in BeLux	Accenture: Young Graduates in Technology Consulting (graduation year 2015) (#Brussels) http://t.co/Hl1PvodcNQ #BusinessMgmt #Job	Mon Apr 06 10:10:17 +0000 2015
Accenture in BeLux	Accenture #BusinessMgmt #Job: Young graduate in Business Consulting (graduation 2015) (#Brussels) http://t.co/asfaIblfGt #Jobs #Hiring	Fri May 01 15:57:52 +0000 2015
TMJ-BEL Mgmt. Jobs	Accenture #BusinessMgmt #Job: Young Graduates in Technology Consulting (graduation year 2015) (#Brussels) http://t.co/7r5HtMnNWG #Jobs	Sat Jun 06 09:52:54 +0000 2015
TMJ-BEL Mgmt. Jobs	Oracle #BusinessMgmt #Job: Consulting Project Technical Manager (#Vilvoorde) http://t.co/6rj7xkzv34 #Jobs #Hiring #TweetMyJobs	Mon Jun 22 12:19:53 +0000 2015
Accenture in BeLux	Young graduate in Business Consulting (graduation 2015) - Accenture: (#Brussels) http://t.co/asfaIblfGt #BusinessMgmt #Job #Jobs #Hiring	Wed Jun 24 07:00:06 +0000 2015
TMJ-NET Engin. Jobs	#Utrecht #Engineering #Job: PSO Consulting Architect at VMware http://t.co/ogZgmLuZ1x #Jobs #Hiring #TweetMyJobs	Thu Jun 25 13:17:38 +0000 2015
TMJ-BEL Mgmt. Jobs	See our latest #Eke #job and click to apply: Consulting Project Technical Manager - http://t.co/EhbK2yvDle #BusinessMgmt #Hiring	Sun Jun 28 11:10:58 +0000 2015
TMJ-BEL Mgmt. Jobs	Young Graduates in Technology Consulting (graduation year 2015) - Accenture: (#Brussels) http://t.co/7r5HtMnNWG #BusinessMgmt #Job #Jobs	Sat Jul 11 15:51:41 +0000 2015
TMJ-BEL Mgmt. Jobs	#BusinessMgmt alert: Cost Reduction Senior Manager with experience in Consulting and... | Accenture | #Brussels http://t.co/nzSw0yaXDu	Thu Jul 23 10:22:41 +0000 2015
Accenture in BeLux	#Automotive alert: Senior Manager with experience in Consulting and in the Automotive... | Accenture | #Brussels http://t.co/O80j4U8TRz	Wed Aug 05 09:49:01 +0000 2015
Accenture in BeLux	Accenture #Insurance #Job: Senior Manager with experience in Risk Management and Consulting (#Brussels) http://t.co/qSqs1DVCqW #Jobs	Tue Sep 01 17:47:31 +0000 2015
TMJ-NET Sales Jobs	Senior Consulting Sales Rep - PrimeSourcing - Oracle: (#Amsterdam) http://t.co/7AYdN4HeVo #Sales #Job #Jobs #Hiring #CareerArc	Thu Sep 03 05:53:05 +0000 2015
TMJ-NET Sales Jobs	Oracle: Senior Consulting Sales Rep - PrimeSourcing (#Amsterdam) http://t.co/6gqtCNzDdN #Sales #Job #Jobs #Hiring #CareerArc	Mon Sep 21 08:02:04 +0000 2015
TMJ-NET Sales Jobs	Can you recommend anyone for this #job? Senior Consulting Sales Rep - PrimeSourcing - https://t.co/hQSUshBXUq #Amsterdam #Sales #Hiring	Mon Oct 26 15:12:24 +0000 2015
TMJ-NET Jobs	#CareerArc #internship #Job alert: Stage Consultancy - Trends en Innovatie | Accenture | #Amsterdam https://t.co/i4KwJyKAD1 #Jobs #Hiring	Thu Oct 29 08:23:04 +0000 2015
TMJ-BEL Mgmt. Jobs	Accenture: Young Graduates in Technology Consulting (graduation year 2015) (#Brussels) http://t.co/kh2ZbL4Idp #BusinessMgmt #Job	Sat Mar 07 14:17:07 +0000 2015
TMJ-BEL Mgmt. Jobs	We're #hiring! Read about our latest #job opening here: Young graduate in Business Consulting (graduation 2015) - http://t.co/Dz2V9MT6IJ	Thu Jul 09 08:04:34 +0000 2015
TMJ-NET Sales Jobs	Senior Consulting Sales Rep - PrimeSourcing - Oracle: (#Amsterdam) http://t.co/riKZHILx5l #Sales #Job #Jobs #Hiring #CareerArc	Tue Jul 28 14:54:10 +0000 2015
TMJ-NET IT Jobs	Can you recommend anyone for this #job? PSO Consulting Architect [ Prof Services ] (NLD-UTRECHT) - 62119BR - http://t.co/82aR4HAhO9 #IT	Sat Aug 01 10:27:36 +0000 2015
TMJ-NET IT Jobs	Can you recommend anyone for this #job? PSO Consulting Architect - http://t.co/nvT0rfTk9v #UTRECHT #IT #Hiring #CareerArc	Wed Aug 12 05:54:08 +0000 2015
TMJ-NET Engin. Jobs	Accenture #Engineering #Job: Accenture Consulting - Consultant &amp; (senior) Manager Network Engineering (#Amsterdam) http://t.co/4LWx8sg2da	Fri Aug 14 13:52:47 +0000 2015
Accenture in BeLux	#Brussels #BusinessMgmt #Job: Cost Reduction Senior Manager with experience in Consulting and... at Accenture http://t.co/CsObsRvyk5 #Jobs	Wed Aug 26 14:54:32 +0000 2015
Accenture in BeLux	Accenture #Insurance #Job: Senior Manager with experience in Risk Management and Consulting (#Brussels) http://t.co/qSqs1Eddiu #Jobs	Sat Oct 03 07:00:13 +0000 2015
TMJ-BEL Mgmt. Jobs	Can you recommend anyone for this #job? Cost reduction Manager with experience in Consulting and in... - http://t.co/5yjAfVCU5l #Brussels	Sun Oct 18 10:42:46 +0000 2015
TMJ-BEL Mgmt. Jobs	See our latest #Brussels #job and click to apply: Cost Reduction Senior Manager with experience in Consulting... - https://t.co/nzSw0yaXDu	Sat Oct 31 11:27:28 +0000 2015
TMJ-BEL Mgmt. Jobs	#BusinessMgmt #Job alert: Young graduate in Business Consulting (graduation 2015) | Accenture | #Brussels http://t.co/Dz2V9MT6IJ #Jobs	Fri Jul 03 08:06:42 +0000 2015
TMJ-BEL Mgmt. Jobs	We're #hiring! Click to apply: Young Graduates in Technology Consulting (graduation year 2015) - http://t.co/7r5HtMnNWG #Job #Brussels	Sun Jul 05 13:30:45 +0000 2015
TMJ-NET Sales Jobs	This #Sales #job might be a great fit for you: Director, Solution Consulting, Western Europe, ERP - http://t.co/0QpVabLpFc #Utrecht #Hiring	Fri Aug 07 09:58:51 +0000 2015
Accenture in BeLux	This #BusinessMgmt #job might be a great fit for you: Young Graduates in Technology Consulting (graduation... - http://t.co/NL2OfYF3kn	Mon Aug 17 17:10:44 +0000 2015
TMJ-NET Jobs	Accenture: Stage Strategy Consulting – High Performance Business Onderzoek (#Amsterdam) http://t.co/n7LrPsxPJa #internship #Job #Jobs	Sat Aug 22 14:53:48 +0000 2015
TMJ-BEL Mgmt. Jobs	We're #hiring! Click to apply: Cost reduction Manager with experience in Consulting and in... - http://t.co/5yjAfVCU5l #Job #Brussels #Jobs	Sat Sep 12 13:30:56 +0000 2015
TMJ-BEL Mgmt. Jobs	Young graduate in Business Consulting (graduation 2015) - Accenture: (#Brussels) http://t.co/DyQeRyAlxp #BusinessMgmt #Job #Jobs	Wed Feb 18 08:43:35 +0000 2015
Accenture in BeLux	Accenture #BusinessMgmt #Job: Young graduate in Business Consulting (graduation 2015) (#Brussels) http://t.co/V5hwa10tiG #Jobs	Sun Apr 05 15:21:49 +0000 2015
TMJ-NET IT Jobs	#CareerArc #IT #Job alert: PSO Consulting Architect | VMware | #UTRECHT http://t.co/MgJAcLFGiA #Jobs #Hiring	Tue Aug 18 06:40:09 +0000 2015
Accenture in BeLux	#Insurance #Job in #Brussels: Senior Manager with experience in Risk Management and Consulting at Accenture http://t.co/qSqs1Eddiu #Jobs	Mon Sep 07 13:32:45 +0000 2015
Accenture in BeLux	#BusinessMgmt alert: Cost Reduction Senior Manager with experience in Consulting and... | Accenture | #Brussels http://t.co/CsObsRvyk5	Fri Sep 18 16:15:04 +0000 2015
Accenture in BeLux	Can you recommend anyone for this #job? Young graduate in Business Consulting (graduation 2015) - http://t.co/aOwQLNgjyN #Brussels #Hiring	Thu Sep 24 07:44:48 +0000 2015
TMJ-BEL Mgmt. Jobs	#Brussels #BusinessMgmt #Job: Young graduate in Business Consulting (graduation 2015) at Accenture http://t.co/Dz2V9MT6IJ #Jobs #Hiring	Thu Apr 23 06:00:08 +0000 2015
TMJ-BEL Mgmt. Jobs	Accenture #BusinessMgmt #Job: Young Graduates in Technology Consulting (graduation year 2015) (#Brussels) http://t.co/7r5HtMnNWG #Jobs	Sat May 02 12:00:52 +0000 2015
Accenture in BeLux	Can you recommend anyone for this #job? Young Graduates in Technology Consulting (graduation year 2015) - http://t.co/gYfytNsb3D #Brussels	Sun Jul 12 10:02:37 +0000 2015
Accenture in BeLux	#Brussels #Insurance #Job: Senior Manager with experience in Risk Management and Consulting at Accenture http://t.co/qSqs1Eddiu #Jobs	Mon Aug 03 11:13:22 +0000 2015
Accenture in BeLux	#BusinessMgmt #Job alert: Young graduate in Business Consulting (graduation 2015) | Accenture | #Brussels http://t.co/m4BBwaiy4q #Jobs	Thu Aug 20 12:45:13 +0000 2015
TMJ-BEL Mgmt. Jobs	We're #hiring! Read about our latest #job opening here: Young Graduates in Technology Consulting (graduation... - http://t.co/rc1IySJwcB	Fri Sep 11 13:21:24 +0000 2015
TMJ-NET Sales Jobs	This #Sales #job might be a great fit for you: Senior Consulting Sales Rep - PrimeSourcing - http://t.co/6gqtCNzDdN #Amsterdam #Hiring	Tue Sep 15 09:23:05 +0000 2015
TMJ-BEL Mgmt. Jobs	Accenture #BusinessMgmt #Job: Young graduate in Business Consulting (graduation 2015) (#Brussels) http://t.co/HyYtp85MJz #Jobs #Hiring	Sun Oct 18 14:14:59 +0000 2015
TMJ-NET Sales Jobs	Can you recommend anyone for this #job? Senior Consulting Sales Rep - PrimeSourcing - https://t.co/43wpTeTdh2 #Amsterdam #Sales #Hiring	Thu Oct 22 06:37:44 +0000 2015
Accenture in BeLux	Young graduate in Business Consulting (graduation 2015) - Accenture: (#Brussels) http://t.co/wT0ZxwV3JI #BusinessMgmt #Job #Jobs	Sat Feb 14 09:54:16 +0000 2015
Accenture in BeLux	Young graduate in Business Consulting (graduation 2015) - Accenture: (#Brussels) http://t.co/wT0ZxwV3JI #BusinessMgmt #Job #Jobs	Tue Feb 24 15:48:05 +0000 2015
Accenture in BeLux	See our latest #Brussels #job and click to apply: Young graduate in Business Consulting (graduation 2015) - http://t.co/asfaIblfGt #Hiring	Fri Jun 12 12:43:31 +0000 2015
Accenture in BeLux	Young Graduates in Technology Consulting (graduation year 2015) - Accenture: (#Brussels) http://t.co/gYfytNsb3D #BusinessMgmt #Job #Jobs	Fri Jun 12 15:59:33 +0000 2015
TMJ-NET Jobs	We're #hiring! Read about our latest #job opening here: Stage Strategy Consulting – High Performance Business... - http://t.co/n7LrPsxPJa	Sun Aug 16 13:53:01 +0000 2015
TMJ-NET IT Jobs	This #IT #job might be a great fit for you: PSO Consulting Architect - http://t.co/MgJAcLFGiA #UTRECHT #Hiring #CareerArc	Sun Aug 23 15:07:56 +0000 2015
TMJ-NET Sales Jobs	We're #hiring! Click to apply: Senior Consulting Sales Rep - PrimeSourcing - http://t.co/riKZHILx5l #Sales #Amsterdam #Job #Jobs #CareerArc	Fri Aug 28 06:30:47 +0000 2015
TMJ-NET Jobs	See our latest #Amsterdam #job and click to apply: Stage Strategy Consulting – Value Office - http://t.co/1SnSYLvoVy #internship #Hiring	Thu Sep 17 10:44:36 +0000 2015
Accenture in BeLux	This #BusinessMgmt #job might be a great fit for you: Young Graduates in Technology Consulting (graduation... - http://t.co/NL2OfYF3kn	Mon Sep 21 14:06:41 +0000 2015
TMJ-BEL Mgmt. Jobs	#Brussels #BusinessMgmt #Job: Cost Reduction Senior Manager with experience in Consulting and... at Accenture http://t.co/nzSw0yaXDu #Jobs	Wed Sep 30 12:21:58 +0000 2015
TMJ-NET Sales Jobs	#Sales #Job in #Amsterdam: Senior Consulting Sales Rep - PrimeSourcing at Oracle https://t.co/43wpTeTdh2 #Jobs #Hiring #CareerArc	Tue Oct 27 16:42:31 +0000 2015
Accenture in BeLux	#BusinessMgmt #Job alert: Young Graduates in Technology Consulting (graduation... | Accenture | #Brussels http://t.co/3GSBYd7Ob4	Thu Feb 19 17:34:40 +0000 2015
Accenture in BeLux	#BusinessMgmt #Job alert: Young Graduates in Technology Consulting (graduation... | Accenture | #Brussels http://t.co/Hl1PvodcNQ	Sat Mar 07 13:02:55 +0000 2015
Accenture in BeLux	Accenture #BusinessMgmt #Job: Young Graduates in Technology Consulting (graduation year 2015) (#Brussels) http://t.co/gYfytNsb3D #Jobs	Mon Apr 20 14:14:48 +0000 2015
TMJ-BEL Mgmt. Jobs	Oracle: Consulting Practice Manager (#Vilvoorde) http://t.co/1l9L5FUBXJ #BusinessMgmt #Job #Jobs #Hiring #TweetMyJobs	Sun May 24 09:28:13 +0000 2015
Accenture in BeLux	Young graduate in Business Consulting (graduation 2015) - Accenture: (#Brussels) http://t.co/asfaIblfGt #BusinessMgmt #Job #Jobs #Hiring	Mon May 25 12:47:43 +0000 2015
TMJ-BEL Mgmt. Jobs	#TweetMyJobs #BusinessMgmt #Job alert: Consulting Project Technical Manager | Oracle | #Eke http://t.co/EhbK2yvDle #Jobs #Hiring	Wed Jun 10 15:32:52 +0000 2015
TMJ-NET Engin. Jobs	Accenture: Accenture Consulting - Consultant &amp; (senior) Manager Network Engineering (#Amsterdam) http://t.co/9g4sp1gYeD #Engineering #Job	Wed Jul 22 14:19:17 +0000 2015
VMware Jobs	See our latest #UTRECHT #job and click to apply: PSO Consulting Architect [ Prof Services ] (NLD-UTRECHT) -... - http://t.co/luM2SYUITO #IT	Fri Jul 31 16:16:38 +0000 2015
TMJ-NET Sales Jobs	This #Sales #job might be a great fit for you: Senior Consulting Sales Rep - PrimeSourcing - http://t.co/6gqtCNzDdN #Amsterdam #Hiring	Sun Aug 09 13:37:44 +0000 2015
Accenture in BeLux	#Automotive alert: Senior Manager with experience in Consulting and in the Automotive... | Accenture | #Brussels http://t.co/O80j4U8TRz	Tue Aug 11 09:56:37 +0000 2015
Accenture in BeLux	#Brussels #BusinessMgmt #Job: Young Graduates in Technology Consulting (graduation year 2015) at Accenture http://t.co/NL2OfYF3kn #Jobs	Sat Aug 29 11:19:07 +0000 2015
4-freelancers.nl	#Architect / Ontwerp Adviseur Administratieve Organisatie en Business Consultancy - Wij komen graag in contact me... http://t.co/VN9asvEEbZ	Mon Sep 28 12:21:34 +0000 2015
Accenture in BeLux	This #BusinessMgmt #job might be a great fit for you: Young graduate in Business Consulting (graduation 2015) - http://t.co/m4BBwaiy4q	Wed Sep 30 15:43:48 +0000 2015
TMJ-BEL Mgmt. Jobs	Can you recommend anyone for this #job? Young graduate in Business Consulting (graduation 2015) - https://t.co/HyYtp85MJz #Brussels #Hiring	Sat Oct 24 11:34:09 +0000 2015
TMJ-NET Jobs	We're #hiring! Click to apply: Stage Consultancy - Trends en Innovatie - https://t.co/i4KwJyKAD1 #internship #Amsterdam #Job #Jobs	Wed Nov 04 10:30:24 +0000 2015
TMJ-BEL Mgmt. Jobs	#BusinessMgmt #Job in #Brussels: Young graduate in Business Consulting (graduation 2015) at Accenture http://t.co/DyQeRzr8VB	Tue Jan 20 16:45:48 +0000 2015
TMJ-BEL Mgmt. Jobs	Accenture #BusinessMgmt #Job: Young graduate in Business Consulting (graduation 2015) (#Brussels) http://t.co/DyQeRzr8VB #Jobs	Sun Feb 01 08:40:40 +0000 2015
Accenture in BeLux	#Brussels #BusinessMgmt #Job: Young Graduates in Technology Consulting (graduation year 2015) at Accenture http://t.co/3GSBYdH0HI	Sun Feb 01 18:38:07 +0000 2015
TMJ-BEL Mgmt. Jobs	Accenture: Young graduate in Business Consulting (graduation 2015) (#Brussels) http://t.co/KFeplDECvA #BusinessMgmt #Job #Jobs	Sat Mar 07 07:12:15 +0000 2015
TMJ-BEL Mgmt. Jobs	Accenture: Young graduate in Business Consulting (graduation 2015) (#Brussels) http://t.co/Dz2V9MT6IJ #BusinessMgmt #Job #Jobs #hiring	Tue Mar 31 15:39:14 +0000 2015
Accenture in BeLux	Accenture #BusinessMgmt #Job: Young Graduates in Technology Consulting (graduation year 2015) (#Brussels) http://t.co/gYfytNsb3D #Jobs	Sun Apr 26 10:34:31 +0000 2015
Accenture in BeLux	Accenture #BusinessMgmt #Job: Young Graduates in Technology Consulting (graduation year 2015) (#Brussels) http://t.co/gYfytNJMsd #Jobs	Tue May 19 17:39:12 +0000 2015
TMJ-BEL Mgmt. Jobs	Can you recommend anyone for this #job? Young Graduates in Technology Consulting (graduation year 2015) - http://t.co/7r5HtMnNWG #Hiring	Sun May 31 11:22:07 +0000 2015
TMJ-NET Jobs	See our latest #Amsterdam #job and click to apply: Stage Technology Strategy Consulting- Onderzoek ‘Digital... - http://t.co/vB4P4VieWr	Mon Jun 29 06:01:11 +0000 2015
Accenture in BeLux	We're #hiring! Read about our latest #job opening here: Cost reduction Manager with experience in Consulting... - http://t.co/IO6OEBwORD	Mon Jun 29 10:16:12 +0000 2015
TMJ-NET Jobs	#Amsterdam #internship : Stage Technology Strategy Consulting- Onderzoek binnen het domein: Digital... at Accenture http://t.co/e8aKVookuk	Sat Jul 11 10:03:55 +0000 2015
TMJ-BEL Mgmt. Jobs	This #BusinessMgmt #job might be a great fit for you: Cost reduction Manager with experience in Consulting and... - http://t.co/5yjAfVCU5l	Wed Jul 29 09:24:15 +0000 2015
TMJ-BEL Mgmt. Jobs	Accenture: Young Graduates in Technology Consulting (graduation year 2015) (#Brussels) http://t.co/rc1IySJwcB #BusinessMgmt #Job #Jobs	Tue Aug 25 14:35:12 +0000 2015
TMJ-BEL Mgmt. Jobs	#BusinessMgmt #Job in #Brussels: Cost reduction Manager with experience in Consulting and in... at Accenture http://t.co/5yjAfVCU5l #Jobs	Wed Aug 26 15:44:28 +0000 2015
TMJ-BEL Mgmt. Jobs	#BusinessMgmt alert: Cost Reduction Senior Manager with experience in Consulting and... | Accenture | #Brussels http://t.co/nzSw0yaXDu	Tue Sep 01 12:00:45 +0000 2015
Accenture in BeLux	Can you recommend anyone for this #job? Cost reduction Manager with experience in Consulting and in... - http://t.co/pT8x5ycto6 #Brussels	Mon Sep 21 10:33:19 +0000 2015
TMJ-NET Sales Jobs	#Sales #Job in #Amsterdam: Senior Consulting Sales Rep - PrimeSourcing at Oracle http://t.co/04C9o9vKcC #Jobs #Hiring #CareerArc	Sun Oct 04 06:36:00 +0000 2015
Accenture in BeLux	Accenture #BusinessMgmt #Job: Young Graduates in Technology Consulting (graduation year 2015) (#Brussels) http://t.co/NL2OfYF3kn #Jobs	Sat Oct 17 14:29:00 +0000 2015
TMJ-BEL Mgmt. Jobs	#Brussels #BusinessMgmt #Job: Young Graduates in Technology Consulting (graduation year 2015) at Accenture http://t.co/7r5HtMnNWG #Jobs	Fri May 08 06:00:06 +0000 2015
TMJ-BEL Mgmt. Jobs	Can you recommend anyone for this #job? Consulting Project Technical Manager - http://t.co/6rj7xkzv34 #Vilvoorde #BusinessMgmt #Hiring	Wed Jun 10 14:35:30 +0000 2015
TMJ-NET IT Jobs	Can you recommend anyone for this #job? PSO Consulting Architect - http://t.co/vGlgmGeduq #UTRECHT #IT #Hiring #TweetMyJobs	Wed Jul 15 10:50:55 +0000 2015
TMJ-NET IT Jobs	#CareerArc #IT #Job alert: PSO Consulting Architect | VMware | #UTRECHT http://t.co/MgJAcLFGiA #Jobs #Hiring	Sat Aug 29 13:29:56 +0000 2015
TMJ-NET Jobs	#internship #Job in #Amsterdam: Stage Strategy Consulting – Value Office at Accenture http://t.co/1SnSYLvoVy #Jobs #Hiring #CareerArc	Fri Sep 11 10:04:05 +0000 2015
Accenture in BeLux	Accenture #BusinessMgmt #Job: Young Graduates in Technology Consulting (graduation year 2015) (#Brussels) http://t.co/3GSBYd7Ob4	Sat Feb 07 17:26:15 +0000 2015
Accenture in BeLux	Accenture: Young graduate in Business Consulting (graduation 2015) (#Brussels) http://t.co/V5hwa10tiG #BusinessMgmt #Job #Jobs	Fri Mar 06 17:59:47 +0000 2015
TMJ-BEL Mgmt. Jobs	Accenture: Young graduate in Business Consulting (graduation 2015) (#Brussels) http://t.co/Dz2V9MT6IJ #BusinessMgmt #Job #Jobs	Sat Mar 14 07:00:04 +0000 2015
TMJ-BEL Mgmt. Jobs	#BusinessMgmt #Job in #Brussels: Young graduate in Business Consulting (graduation 2015) at Accenture http://t.co/Dz2V9MT6IJ #Jobs	Fri May 22 06:00:08 +0000 2015
TMJ-BEL Mgmt. Jobs	Consulting Project Technical Manager - Oracle: (#Vilvoorde) http://t.co/6rj7xkzv34 #BusinessMgmt #Job #Jobs #Hiring #TweetMyJobs	Tue Jun 16 14:42:33 +0000 2015
Accenture in BeLux	This #BusinessMgmt #job might be a great fit for you: Young Graduates in Technology Consulting (graduation... - http://t.co/gYfytNsb3D	Sat Jul 18 10:00:31 +0000 2015
VMware Jobs	#IT #Job in #UTRECHT: PSO Consulting Architect at VMware http://t.co/XE9tKaS05Z #Jobs #Hiring	Fri Jul 24 16:02:41 +0000 2015
TMJ-NET IT Jobs	PSO Consulting Architect - VMware: (#UTRECHT) http://t.co/MgJAcLFGiA #IT #Job #Jobs #Hiring #CareerArc	Mon Aug 10 07:20:56 +0000 2015
TMJ-NET Sales Jobs	We're #hiring! Click to apply: Director, Solution Consulting, Western Europe, ERP - http://t.co/0QpVabLpFc #Sales #Utrecht #Job #Jobs	Thu Aug 13 11:52:57 +0000 2015
Accenture in BeLux	Can you recommend anyone for this #job? Young Graduates in Technology Consulting (graduation year 2015) - http://t.co/NL2OfYF3kn #Brussels	Sun Aug 23 14:11:44 +0000 2015
TMJ-NET Sales Jobs	See our latest #Utrecht #job and click to apply: Director, Solution Consulting, Western Europe, ERP - http://t.co/0QpVabLpFc #Sales #Hiring	Mon Aug 31 09:09:26 +0000 2015
Accenture in BeLux	We're #hiring! Click to apply: Young graduate in Business Consulting (graduation 2015) - http://t.co/m4BBwaiy4q #BusinessMgmt #Brussels	Tue Oct 13 15:52:40 +0000 2015
Accenture in BeLux	This #BusinessMgmt #job might be a great fit for you: Cost reduction Manager with experience in Consulting... - https://t.co/pT8x5ycto6	Tue Nov 03 18:21:11 +0000 2015
Accenture in BeLux	#BusinessMgmt #Job in #Brussels: Young Graduates in Technology Consulting (graduation year... at Accenture http://t.co/Hl1PvodcNQ	Thu Mar 19 13:15:59 +0000 2015
Accenture in BeLux	See our latest #Brussels #job and click to apply: Young graduate in Business Consulting (graduation 2015) - http://t.co/asfaIblfGt #Hiring	Mon Jun 29 15:10:36 +0000 2015
Accenture in BeLux	Accenture #BusinessMgmt #Job: Cost reduction Manager with experience in Consulting and in... (#Brussels) http://t.co/pT8x5ycto6 #Jobs	Wed Aug 05 12:37:54 +0000 2015
Accenture in BeLux	#BusinessMgmt #Job alert: Young Graduates in Technology Consulting (graduation year 2015) | Accenture | #Brussels http://t.co/WqzSpBhECv	Sun Sep 27 16:16:37 +0000 2015
TMJ-NET Jobs	Accenture #internship #Job: Stage Strategy Consulting – High Performance Business Onderzoek (#Amsterdam) http://t.co/n7LrPsxPJa #Jobs	Sun Oct 18 10:11:24 +0000 2015
TMJ-BEL Mgmt. Jobs	Accenture #BusinessMgmt #Job: Young Graduates in Technology Consulting (graduation year 2015) (#Brussels) http://t.co/dsmI3Rs8oO	Thu Feb 12 15:14:49 +0000 2015
Accenture in BeLux	Accenture: Young Graduates in Technology Consulting (graduation year 2015) (#Brussels) http://t.co/3GSBYd7Ob4 #BusinessMgmt #Job	Fri Feb 13 18:07:42 +0000 2015
TMJ-BEL Mgmt. Jobs	#BusinessMgmt #Job in #Brussels: Young graduate in Business Consulting (graduation 2015) at Accenture http://t.co/PtXqshlRIO	Wed Mar 25 13:40:35 +0000 2015
Accenture in BeLux	Accenture #BusinessMgmt #Job: Young Graduates in Technology Consulting (graduation year 2015) (#Brussels) http://t.co/gYfytNsb3D #Jobs	Mon May 25 16:55:53 +0000 2015
Accenture in BeLux	We're #hiring! Click to apply: Young Graduates in Technology Consulting (graduation year 2015) - http://t.co/gYfytNsb3D #Job #Jobs	Sun May 31 14:38:14 +0000 2015
TMJ-BEL Mgmt. Jobs	Accenture: Cost Reduction Senior Manager with experience in Consulting and... (#Brussels) http://t.co/R9ZNsaHHiC #BusinessMgmt #Job #Jobs	Wed Jun 24 09:06:41 +0000 2015
Accenture in BeLux	We're #hiring! Click to apply: Senior Manager with experience in Risk Management and Consulting - http://t.co/K0sbO8GVAI #Job #Brussels	Sun Jun 28 09:26:59 +0000 2015
TMJ-BEL Mgmt. Jobs	Can you recommend anyone for this #job? Consulting Project Technical Manager - http://t.co/6rj7xkzv34 #Vilvoorde #BusinessMgmt #Hiring	Sun Jun 28 10:08:50 +0000 2015
TMJ-NET Sales Jobs	Oracle #Sales #Job: Director, Solution Consulting, Western Europe, ERP (#Utrecht) http://t.co/SDpEja38UX #Jobs #Hiring #TweetMyJobs	Wed Jul 01 15:29:25 +0000 2015
TMJ-NET IT Jobs	#CareerArc #IT #Job alert: PSO Consulting Architect | VMware | #UTRECHT http://t.co/nvT0rfTk9v #Jobs #Hiring	Fri Sep 04 09:53:52 +0000 2015
TMJ-NET Engin. Jobs	We're #hiring! Click to apply: Accenture Consulting - Consultant &amp; (senior) Manager Network Engineering - http://t.co/4LWx8sg2da #Job #Jobs	Sun Sep 06 08:50:17 +0000 2015
Accenture in BeLux	Accenture: Cost reduction Manager with experience in Consulting and in... (#Brussels) http://t.co/pT8x5ycto6 #BusinessMgmt #Job #Jobs	Wed Sep 09 13:58:12 +0000 2015
Accenture in BeLux	This #BusinessMgmt #job might be a great fit for you: Young graduate in Business Consulting (graduation 2015) - http://t.co/m4BBwaiy4q	Mon Oct 19 14:26:17 +0000 2015
TMJ-NET Sales Jobs	Consulting Sales Rep 4 - Oracle: (#Utrecht) https://t.co/D54zLm2y0z #Sales #Job #Jobs #Hiring #CareerArc	Wed Oct 21 14:17:23 +0000 2015
TMJ-NET Sales Jobs	See our latest #Utrecht #job and click to apply: Account Manager, PaaS Consulting Sales - https://t.co/b1Ch5XpSLO #Sales #Hiring #CareerArc	Tue Oct 27 12:56:44 +0000 2015
Accenture in BeLux	#Brussels #BusinessMgmt #Job: Young graduate in Business Consulting (graduation 2015) at Accenture http://t.co/asfaIblfGt #Jobs #Hiring	Thu May 07 16:47:25 +0000 2015
TMJ-BEL Mgmt. Jobs	#Brussels #BusinessMgmt #Job: Young graduate in Business Consulting (graduation 2015) at Accenture http://t.co/Dz2V9MT6IJ #Jobs #Hiring	Sun May 10 09:36:27 +0000 2015
TMJ-BEL Mgmt. Jobs	We're #hiring! Read about our latest #job opening here: Senior Manager with experience in Consulting and in the... - http://t.co/6ldCeVwA4f	Wed Jun 03 11:22:13 +0000 2015
Accenture in BeLux	#BusinessMgmt #Job alert: Young graduate in Business Consulting (graduation 2015) | Accenture | #Brussels http://t.co/asfaIblfGt #Jobs	Sun Jul 05 14:58:20 +0000 2015
Accenture in BeLux	We're #hiring! Read about our latest #job opening here: Cost reduction Manager with experience in Consulting... - http://t.co/pT8x5ycto6	Thu Sep 03 15:43:15 +0000 2015
TMJ-NET Jobs	See our latest #Amsterdam #job and click to apply: Stage Technology Strategy Consulting - Onderzoek... - http://t.co/lLDunjQnOC #internship	Fri Sep 18 10:44:09 +0000 2015
Accenture in BeLux	#BusinessMgmt #Job in #Brussels: Young graduate in Business Consulting (graduation 2015) at Accenture http://t.co/m4BBwaiy4q #Jobs #Hiring	Fri Sep 18 11:16:17 +0000 2015
TMJ-NET Jobs	#internship #Job alert: Stage Technology Strategy Consulting - Onderzoek Multi-Speed IT | Accenture | #Amsterdam http://t.co/lLDunjQnOC	Fri Oct 09 09:47:15 +0000 2015
Accenture in BeLux	We're #hiring! Read about our latest #job opening here: Young Graduates in Technology Consulting (graduation... - http://t.co/NL2OfYF3kn	Sun Oct 11 14:30:36 +0000 2015
TMJ-NET Engin. Jobs	We're #hiring! Read about our latest #job opening here: Accenture Consulting - Consultant &amp; (senior) Manager... - http://t.co/4LWx8sg2da	Mon Oct 12 14:39:09 +0000 2015
TMJ-BEL Mgmt. Jobs	We're #hiring! Read about our latest #job opening here: Young Graduates in Technology Consulting (graduation... - http://t.co/rc1IySJwcB	Fri Oct 16 08:22:56 +0000 2015
TMJ-BEL Mgmt. Jobs	Accenture: Young Graduates in Technology Consulting (graduation year 2015) (#Brussels) http://t.co/7r5HtMnNWG #BusinessMgmt #Job #Jobs	Fri Apr 03 07:34:52 +0000 2015
Accenture in BeLux	We're #hiring! Click to apply: Cost Reduction Senior Manager with experience in Consulting and... - http://t.co/fuJ04G0maW #Job #Brussels	Thu Jun 18 11:08:16 +0000 2015
Accenture in BeLux	We're #hiring! Read about our latest #job opening here: Young Graduates in Technology Consulting (graduation... - http://t.co/gYfytNsb3D	Thu Jun 18 13:37:01 +0000 2015
TMJ-BEL Mgmt. Jobs	Accenture #BusinessMgmt #Job: Cost reduction Manager with experience in Consulting and in... (#Brussels) http://t.co/Gh2B3w4TAW #Jobs	Wed Jun 24 10:09:06 +0000 2015
TMJ-NET Sales Jobs	#Sales #Job in #Amsterdam: Senior Consulting Sales Rep - PrimeSourcing at Oracle http://t.co/DTSisDUJuJ #Jobs #Hiring #TweetMyJobs	Sat Jul 04 11:36:45 +0000 2015
TMJ-BEL Mgmt. Jobs	Oracle #BusinessMgmt #Job: Consulting Practice Manager (#Vilvoorde) http://t.co/1l9L5FUBXJ #Jobs #Hiring #TweetMyJobs	Fri Jul 17 08:57:20 +0000 2015
TMJ-NET IT Jobs	PSO Consulting Architect - VMware: (#UTRECHT) http://t.co/MgJAcLFGiA #IT #Job #Jobs #Hiring #CareerArc	Thu Jul 30 06:39:43 +0000 2015
Accenture in BeLux	Can you recommend anyone for this #job? Young Graduates in Technology Consulting (graduation year 2015) - http://t.co/NL2OfYnssP #Brussels	Wed Aug 05 17:37:24 +0000 2015
TMJ-BEL Mgmt. Jobs	We're #hiring! Click to apply: Young graduate in Business Consulting (graduation 2015) - http://t.co/HyYtp85MJz #BusinessMgmt #Brussels	Fri Aug 21 09:40:55 +0000 2015
Accenture in BeLux	Can you recommend anyone for this #job? Cost Reduction Senior Manager with experience in Consulting and... - http://t.co/CsObsRvyk5 #Hiring	Sun Sep 13 07:00:08 +0000 2015
TMJ-BEL Mgmt. Jobs	Accenture #BusinessMgmt #Job: Cost reduction Manager with experience in Consulting and in... (#Brussels) http://t.co/5yjAfVCU5l #Jobs	Fri Sep 18 14:54:34 +0000 2015
TMJ-NET Jobs	Can you recommend anyone for this #job? Stage Strategy Consulting – High Performance Business Onderzoek - https://t.co/n7LrPsxPJa #Hiring	Sun Nov 01 07:42:07 +0000 2015
TMJ-NET Jobs	Accenture #internship #Job: Stage Technology Strategy Consulting - Onderzoek Multi-Speed IT (#Amsterdam) https://t.co/lLDunjQnOC #Jobs	Wed Nov 04 13:18:02 +0000 2015
Accenture in BeLux	#BusinessMgmt #Job alert: Young Graduates in Technology Consulting (graduation year... | Accenture | #Brussels http://t.co/gYfytNsb3D	Fri May 08 07:52:59 +0000 2015
Accenture in BeLux	Accenture: Young Graduates in Technology Consulting (graduation year 2015) (#Brussels) http://t.co/gYfytNsb3D #BusinessMgmt #Job #Jobs	Thu May 14 07:00:08 +0000 2015
Accenture in BeLux	We're #hiring! Click to apply: Senior Manager with experience in Consulting and in the Automotive industry - http://t.co/SGTSuCgpe4 #Job	Mon Jul 20 14:31:32 +0000 2015
TMJ-NET Sales Jobs	Can you recommend anyone for this #job? Senior Consulting Sales Rep - PrimeSourcing - http://t.co/nT8sgIAif0 #Amsterdam #Sales #Hiring	Wed Jul 22 15:54:26 +0000 2015
TMJ-NET Jobs	#internship #Job in #Amsterdam: Stage Strategy Consulting – High Performance Business Onderzoek at Accenture http://t.co/n7LrPsxPJa #Jobs	Thu Jul 23 07:41:32 +0000 2015
Accenture in BeLux	#BusinessMgmt #Job alert: Young Graduates in Technology Consulting (graduation year 2015) | Accenture | #Brussels http://t.co/NL2OfYF3kn	Fri Jul 24 07:00:06 +0000 2015
Accenture in BeLux	#BusinessMgmt #Job in #Brussels: Cost Reduction Senior Manager with experience in Consulting and... at Accenture http://t.co/CsObsRvyk5	Thu Aug 20 17:47:37 +0000 2015
TMJ-BEL Mgmt. Jobs	We're #hiring! Click to apply: Cost Reduction Senior Manager with experience in Consulting and... - http://t.co/nzSw0yaXDu #Job #Brussels	Fri Aug 21 12:08:07 +0000 2015
TMJ-NET Jobs	Stage Strategy Consulting – Value Office - Accenture: (#Amsterdam) http://t.co/1SnSYLvoVy #internship #Job #Jobs #Hiring #CareerArc	Sat Sep 05 06:01:11 +0000 2015
TMJ-BEL Mgmt. Jobs	Can you recommend anyone for this #job? Cost reduction Manager with experience in Consulting and in... - http://t.co/5yjAfVCU5l #Brussels	Mon Sep 07 07:23:55 +0000 2015
TMJ-NET Sales Jobs	This #Sales #job might be a great fit for you: Director, Solution Consulting, Western Europe, ERP - http://t.co/0QpVabLpFc #Utrecht #Hiring	Tue Oct 06 12:32:29 +0000 2015
TMJ-NET Jobs	#internship alert: Stage Technology Strategy Consulting - Onderzoek IT in Mergers... | Accenture | #Amsterdam https://t.co/vVerLF1hkl	Mon Oct 26 15:21:36 +0000 2015
TMJ-NET Sales Jobs	We're #hiring! Click to apply: Account Manager - Consulting Sales - https://t.co/v89l7aATnz #Sales #Utrecht #Job #Jobs #CareerArc	Tue Nov 03 15:50:37 +0000 2015
