AEIDL	Commission threatens to loot Erasmus budget to finance Juncker Plan http://t.co/5BPPfWsiJv #aeidl #local	Wed Apr 01 09:01:35 +0000 2015
Hilton EMEA	#Amsterdam #Finance #Job: Reservations Agent at Hilton UK http://t.co/HadBXSBR7m #Jobs #Hiring	Sat Apr 18 18:57:02 +0000 2015
TMJ-BEL Mgmt. Jobs	Finance Transformation Senior Manager - Accenture: (#Brussels) http://t.co/3nIFnPc8Wr #BusinessMgmt #Job #Jobs #Hiring #TweetMyJobs	Sun Apr 19 13:30:51 +0000 2015
TMJ-BEL Mgmt. Jobs	Oracle #BusinessMgmt #Job: Finance Cloud Adoption - Senior Principal Consultant (#Vilvoorde) http://t.co/irScVPEwcG #Jobs #Hiring	Thu Jul 16 09:56:35 +0000 2015
Jobs at Equinix	We're #hiring! Click to apply: Accounting Project Manager - http://t.co/VGhCcq9DHU #Finance #Amsterdam #Job #Jobs	Mon Jul 20 10:19:05 +0000 2015
TMJ-NET Jobs	#Amsterdam #Insurance #Job: Consultant Finance &amp; Risk Management at Accenture http://t.co/69Udq3ha72 #Jobs #Hiring #CareerArc	Sun Aug 02 15:21:59 +0000 2015
Accenture in BeLux	Interested in a #Finance #job near #Brussels? This could be a great fit: http://t.co/DGZqt7zyp4 #Hiring	Thu Aug 27 17:04:48 +0000 2015
TMJ-BEL Mgmt. Jobs	We're #hiring! Read about our latest #job opening here: Finance Cloud Adoption - Senior Principal Consultant - http://t.co/YlzKxTfORv	Mon Sep 21 09:20:29 +0000 2015
Hilton EMEA	#Accounting #Job in #Rotterdam: Internship - Finance (from February 2016) at Hilton UK https://t.co/Z8TMxs0YeR #Jobs #Hiring	Tue Oct 20 19:49:25 +0000 2015
TMJ-BEL Mgmt. Jobs	Accenture #BusinessMgmt #Job: Finance Transformation Senior Manager (#Brussels) http://t.co/vJvzm7pct1 #Jobs #TweetMyJobs	Mon Jan 12 14:38:22 +0000 2015
Hilton EMEA	#Oegstgeest #Accounting #Job: Internship - Finance (Dutch speaking) - July 2015 at Hilton UK http://t.co/WWAtSoLLqX #Jobs #Hiring	Sun Apr 19 07:28:00 +0000 2015
Accenture in BeLux	Can you recommend anyone for this #job? Consultant with experience in Financial Services (Lux) - http://t.co/DGZqt7zyp4 #Brussels #Finance	Sat Oct 03 16:10:41 +0000 2015
TMJ-BEL Mgmt. Jobs	We're #hiring! Click to apply: Finance Transformation Senior Manager - http://t.co/mzdhFpFPti #BusinessMgmt #Brussels #Job #Jobs #CareerArc	Wed Oct 07 09:50:02 +0000 2015
TMJ-NET Jobs	#internship alert: Afstudeerstage - Strong in FiAfstudeerstage - Strong in Finance BI... | Accenture | #Almere http://t.co/84dx3Op4mW	Tue Oct 13 15:28:06 +0000 2015
Jobs at Equinix	Interested in a #Finance #job near #Amsterdam? This could be a great fit: https://t.co/rRrTNnZxzv #Hiring	Tue Oct 27 16:01:40 +0000 2015
Accenture in BeLux	This #Finance #job might be a great fit for you: Consultant with experience in Financial Services (Lux) - https://t.co/DGZqt7zyp4 #Brussels	Mon Nov 02 12:49:31 +0000 2015
VMware Jobs	License Compliance Engagement Manager - VMware: (#Utrecht) http://t.co/5RYwzR3gxd #Finance #Job #Jobs #TweetMyJobs	Tue Mar 03 20:34:57 +0000 2015
Hilton EMEA	#Accounting #Job alert: Internship - Finance (administrative) from Septembe... | Hilton UK | #Soestduinen http://t.co/l4QFnHKDBO	Wed Mar 04 17:47:50 +0000 2015
Accenture in BeLux	Distribution and Marketing Consultant with experience in Financial... - Accenture: (#Brussels) http://t.co/yxqyDURTXs #Finance #Job #Jobs	Mon Apr 27 07:53:43 +0000 2015
Hilton EMEA	Hilton UK: Internship - Finance (Dutch speaking) - July 2015 (#Oegstgeest) http://t.co/JNhsSfWmKn #Accounting #Job #Jobs #Hiring	Fri Jun 12 22:43:07 +0000 2015
TMJ-BEL Mgmt. Jobs	Accenture: Finance Transformation Senior Manager (#Brussels) http://t.co/3nIFnPc8Wr #BusinessMgmt #Job #Jobs #Hiring #TweetMyJobs	Mon Jun 29 11:10:56 +0000 2015
TMJ-BEL Mgmt. Jobs	#BusinessMgmt #Job in #Vilvoorde: Finance Cloud Adoption - Senior Principal Consultant at Oracle http://t.co/mrZWfZf4TG #Jobs #Hiring	Thu Aug 13 09:32:18 +0000 2015
TMJ-NET Jobs	This #Insurance #job might be a great fit for you: Junior Consultant Finance &amp; Risk Management - http://t.co/rHyRiGdBPb #Amsterdam #Hiring	Fri Aug 21 13:20:38 +0000 2015
TMJ-BEL Mgmt. Jobs	Finance Transformation Senior Manager - Accenture: (#Brussels) http://t.co/mzdhFpFPti #BusinessMgmt #Job #Jobs #Hiring #CareerArc	Sun Sep 13 09:45:26 +0000 2015
TMJ-NET Jobs	Accenture: Afstudeerstage - Strong in FiAfstudeerstage - Strong in Finance BI using Java... (#Almere) https://t.co/84dx3Op4mW #internship	Mon Oct 26 07:42:39 +0000 2015
4-freelancers.nl	#Business intelligence Business Analist | Medior | Interim | Finance - Business Analist | Medior | Interim | Fina... https://t.co/9JqqJ0IEzN	Tue Nov 03 15:40:32 +0000 2015
Accenture in BeLux	Accenture #Finance #Job: Consultant - Financial Services - Luxembourg (#Brussels) http://t.co/O3KTtvzNN5 #Jobs #TweetMyJobs	Thu Jan 01 16:24:12 +0000 2015
TMJ-BEL Mgmt. Jobs	#Brussels #BusinessMgmt #Job: Finance Transformation Senior Manager at Accenture http://t.co/1QxU1d61ht #Jobs #TweetMyJobs	Sun Feb 15 13:36:28 +0000 2015
AEIDL	La Commission menace de raboter Erasmus pour financer le plan Juncker http://t.co/8YNQTyblq7 #aeidl #local	Wed Apr 01 09:01:36 +0000 2015
Accenture in BeLux	#Finance #Job in #Brussels: Distribution and Marketing Consultant with experience in Financial... at Accenture http://t.co/yxqyDURTXs	Fri May 08 15:49:09 +0000 2015
TMJ-BEL Mgmt. Jobs	#BusinessMgmt #Job in #Vilvoorde: Finance Cloud Adoption - Senior Principal Consultant at Oracle http://t.co/irScVPEwcG #Jobs #Hiring	Mon May 11 15:37:03 +0000 2015
Hilton EMEA	Hilton UK #Finance #Job: Reservations Agent (#Amsterdam) http://t.co/zhdPuc3PsQ #Jobs #Hiring	Sun May 24 11:01:34 +0000 2015
TMJ-BEL Mgmt. Jobs	#Vilvoorde #BusinessMgmt #Job: Finance Cloud Adoption - Senior Principal Consultant at Oracle http://t.co/elkV5tWYZy #Jobs #Hiring	Thu Jul 09 13:15:28 +0000 2015
TMJ-NET Jobs	#Insurance #Job alert: Junior Consultant Finance &amp; Risk Management | Accenture | #Amsterdam http://t.co/SrnOdL5wji #Jobs #Hiring	Wed Jul 15 13:32:14 +0000 2015
TMJ-NET Jobs	Accenture #Insurance #Job: Consultant Finance &amp; Risk Management (#Amsterdam) http://t.co/69Udq3ha72 #Jobs #Hiring #CareerArc	Mon Jul 27 15:18:32 +0000 2015
TMJ-BEL Mgmt. Jobs	We're #hiring! Click to apply: Finance Cloud Adoption - Senior Principal Consultant - http://t.co/mrZWfZf4TG #BusinessMgmt #Vilvoorde #Job	Sat Aug 01 12:40:53 +0000 2015
Hilton EMEA	This #Accounting #job might be a great fit for you: Internship - Finance (Dutch speaking) - January 2016 - http://t.co/OzqLoulrGz #Hiring	Tue Aug 11 15:11:44 +0000 2015
Jobs at Equinix	Can you recommend anyone for this #Finance #job? http://t.co/XkBON27Bfp #Amsterdam #Hiring	Mon Aug 31 08:53:42 +0000 2015
Accenture in BeLux	Can you recommend anyone for this #job? Finance Transformation Senior Manager - http://t.co/adDz71eY3l #Brussels #BusinessMgmt #Hiring	Fri Sep 18 15:32:21 +0000 2015
Jobs at Equinix	Interested in a #Finance #job near #Amsterdam? This could be a great fit: http://t.co/XkBON27Bfp #Hiring	Mon Sep 21 02:54:51 +0000 2015
Accenture in BeLux	#Brussels #BusinessMgmt #Job: Finance Transformation Senior Manager at Accenture http://t.co/ffxLjx59f2 #Jobs #TweetMyJobs	Fri Feb 06 13:41:52 +0000 2015
Accenture in BeLux	Finance Transformation Senior Manager - Accenture: (#Brussels) http://t.co/ffxLjx59f2 #BusinessMgmt #Job #Jobs #TweetMyJobs	Thu Feb 12 15:22:42 +0000 2015
TMJ-BEL Mgmt. Jobs	Accenture: Finance Transformation Senior Manager (#Brussels) http://t.co/3nIFnPc8Wr #BusinessMgmt #Job #Jobs #Hiring #TweetMyJobs	Sat Apr 25 10:30:32 +0000 2015
Accenture in BeLux	Accenture #Finance #Job: Distribution and Marketing Consultant with experience in Financial... (#Brussels) http://t.co/yxqyDURTXs #Jobs	Sat May 02 16:00:50 +0000 2015
Accenture in BeLux	#Brussels #Finance : Distribution and Marketing Consultant with experience in Financial Services... at Accenture http://t.co/yxqyDURTXs	Mon Jun 01 12:05:21 +0000 2015
Hilton EMEA	Hilton UK #Accounting #Job: Internship - Finance (Dutch speaking) - January 2016 (#Oegstgeest) http://t.co/7dwfGkipES #Jobs #Hiring	Sun Jul 19 18:29:41 +0000 2015
TMJ-NET Advert. Jobs	This #Marketing #job might be a great fit for you: (Senior) Consultant Finance &amp; Enterprise Performance –... - http://t.co/jluPv3KY1G	Sat Sep 19 13:32:57 +0000 2015
Jobs at Equinix	We're #hiring! Read about our latest #job opening here: Revenue Accounting Analyst - http://t.co/2EpuhxpQ1G #Amsterdam #Finance	Wed Sep 30 18:57:27 +0000 2015
Accenture in BeLux	#BusinessMgmt #Job alert: Finance Transformation Senior Manager | Accenture | #Brussels http://t.co/UixMinuPQZ #Jobs #Hiring	Tue May 05 12:26:08 +0000 2015
Global Jobs	#Oegstgeest #Accounting #Job: Internship - Finance (Dutch speaking) - January 2016 at Hilton UK http://t.co/pAisODxMPa #Jobs #Hiring	Fri Jul 10 23:33:12 +0000 2015
Hilton EMEA	#Finance #Job in #Brussels: Reservations Supervisor at Hilton UK http://t.co/EoN6ySifDC #Jobs #Hiring	Thu Aug 06 09:51:32 +0000 2015
Jobs at Equinix	#Finance #Job alert: Revenue Accounting Analyst | Equinix | #Amsterdam http://t.co/Kuu5aEW0RQ #Jobs #Hiring	Thu Aug 06 17:44:13 +0000 2015
TMJ-BEL Mgmt. Jobs	#Vilvoorde #BusinessMgmt #Job: Finance Cloud Adoption - Senior Principal Consultant at Oracle http://t.co/mrZWfZf4TG #Jobs #Hiring	Fri Aug 07 11:46:47 +0000 2015
TMJ-BEL Mgmt. Jobs	Finance Cloud Adoption - Senior Principal Consultant - Oracle: (#Vilvoorde) http://t.co/1rGDsgqmA8 #BusinessMgmt #Job #Jobs #Hiring	Thu Sep 24 12:22:20 +0000 2015
TMJ-NET Advert. Jobs	We're #hiring! Click to apply: (Senior) Consultant Finance &amp; Enterprise Performance – Communications, Media &amp;... - https://t.co/jluPv3KY1G	Tue Oct 20 09:38:23 +0000 2015
Accenture in BeLux	Accenture #Finance #Job: Consultant with experience in Financial Services (Lux) (#Brussels) https://t.co/DGZqt7zyp4 #Jobs #Hiring	Wed Oct 21 15:06:56 +0000 2015
Hilton EMEA	Hilton UK #Accounting #Job: Finance Controller/Manager (#Brussels) http://t.co/r9Iwf9Wr0p #Jobs #TweetMyJobs	Thu Mar 26 12:41:19 +0000 2015
Hilton EMEA	#Accounting #Job in #Oegstgeest: Internship - Finance (Dutch speaking) - July 2015 at Hilton UK http://t.co/WWAtSoLLqX #Jobs #Hiring	Mon May 04 14:43:35 +0000 2015
Accenture in BeLux	Accenture: Junior Finance &amp; Reporting Officer (#Brussels) http://t.co/zIh4v2hgxR #Finance #Job #Jobs #Hiring	Wed May 06 17:43:46 +0000 2015
TMJ-BEL Mgmt. Jobs	We're #Hiring! Read all about our latest #Job opening here: Finance Cloud Adoption - Senior... - http://t.co/8F9MtxJl08 #Jobs #Hiring	Thu May 28 13:56:23 +0000 2015
Accenture in BeLux	This #BusinessMgmt #job might be a great fit for you: Finance Transformation Senior Manager - http://t.co/UixMinuPQZ #Brussels #Hiring	Fri Jul 03 07:00:07 +0000 2015
TMJ-BEL Mgmt. Jobs	We're #hiring! Read about our latest #job opening here: Finance Transformation Senior Manager - http://t.co/mzdhFpFPti #Brussels #CareerArc	Thu Jul 23 07:05:49 +0000 2015
TMJ-NET Advert. Jobs	Accenture #Marketing : (Senior) Consultant Finance &amp; Enterprise Performance – Communications, Media... (#Amsterdam) http://t.co/jluPv3KY1G	Thu Aug 27 06:10:08 +0000 2015
TMJ-BEL Mgmt. Jobs	We're #hiring! Click to apply: Finance Cloud Adoption - Senior Principal Consultant - http://t.co/EH4WptPW2Z #BusinessMgmt #Vilvoorde #Job	Sat Sep 26 15:19:28 +0000 2015
TMJ-BEL Mgmt. Jobs	We're #hiring! Read about our latest #job opening here: Finance Cloud Adoption - Senior Principal Consultant - http://t.co/ReQb3DCeTF	Sun Oct 11 07:13:49 +0000 2015
AEIDL	Plan d'investissement: Feu vert pour le financement des PME avant cet été http://t.co/ueDo6WJlEZ #aeidl #local	Tue Feb 17 13:02:05 +0000 2015
Global Jobs	Internship - Finance (Dutch speaking) - July 2015 - Hilton UK: (#Oegstgeest) http://t.co/OL1xixxZ8d #Accounting #Job #Jobs	Tue Mar 17 02:22:21 +0000 2015
Hilton EMEA	#Amsterdam #Finance #Job: Reservations Agent at Hilton UK http://t.co/HadBXSBR7m #Jobs #Hiring	Mon May 04 09:07:50 +0000 2015
TMJ-BEL Mgmt. Jobs	Accenture: Finance Transformation Senior Manager (#Brussels) http://t.co/3nIFnPc8Wr #BusinessMgmt #Job #Jobs #Hiring #TweetMyJobs	Thu May 07 15:37:16 +0000 2015
TMJ-BEL Mgmt. Jobs	#BusinessMgmt #Job in #Vilvoorde: Finance Cloud Adoption - Senior Principal Consultant at Oracle http://t.co/elkV5tWYZy #Jobs #Hiring	Sat May 16 13:30:49 +0000 2015
TMJ-BEL Mgmt. Jobs	#BusinessMgmt #Job in #Vilvoorde: Finance Cloud Adoption - Senior Principal Consultant at Oracle http://t.co/8F9MtxJl08 #Jobs #Hiring	Sun May 17 07:15:11 +0000 2015
Jobs at Equinix	Can you recommend anyone for this #Finance #job? http://t.co/QOCJRjjEXu #Amsterdam #Hiring	Sat Jul 18 03:22:28 +0000 2015
Jobs at Equinix	Equinix #Finance #Job: Financial Planning and Analysis Director (#Amsterdam) http://t.co/XkBON2pcDZ #Jobs #Hiring	Mon Aug 24 09:22:14 +0000 2015
TMJ-NET Jobs	#CareerArc #Insurance #Job alert: Consultant Finance &amp; Risk Management | Accenture | #Amsterdam http://t.co/69Udq3ha72 #Jobs #Hiring	Tue Sep 08 08:46:50 +0000 2015
TMJ-BEL Mgmt. Jobs	This #BusinessMgmt #job might be a great fit for you: Finance Transformation Senior Manager - http://t.co/mzdhFpFPti #Brussels #Hiring	Sat Sep 19 10:32:24 +0000 2015
TMJ-NET Jobs	Can you recommend anyone for this #job? Consultant Finance &amp; Risk Management - http://t.co/69Udq3ha72 #Amsterdam #Insurance #Hiring	Sun Oct 04 10:38:03 +0000 2015
Jobs at Equinix	#ProjectMgmt #Job alert: Project Management Office Specialist (Finance) | Equinix | #Amsterdam http://t.co/hOrmWHjmII #Jobs #Hiring	Sun Oct 18 08:25:27 +0000 2015
Global Jobs	Hilton UK #Accounting #Job: Finance Controller/Manager (#Brussels) http://t.co/MhQxusyhMU #Jobs #TweetMyJobs	Thu Mar 26 14:15:40 +0000 2015
TMJ-BEL Mgmt. Jobs	#Vilvoorde #BusinessMgmt #Job: Finance Cloud Adoption - Senior Principal Consultant at Oracle http://t.co/irScVPEwcG #Jobs #Hiring	Thu Apr 30 15:36:51 +0000 2015
TMJ-BEL Mgmt. Jobs	Finance Transformation Senior Manager - Accenture: (#Brussels) http://t.co/3nIFnPc8Wr #BusinessMgmt #Job #Jobs #Hiring #TweetMyJobs	Wed May 13 11:00:43 +0000 2015
Accenture in BeLux	Join the Accenture team! See our latest #Finance #job opening here: http://t.co/yxqyDURTXs #Brussels #Hiring	Tue Jun 30 16:04:03 +0000 2015
TMJ-NET Jobs	Accenture #internship #Job: Afstudeerstage - Strong in Finance BI (#Almere) http://t.co/pyIC95i1kZ #Jobs #Hiring #CareerArc	Fri Jul 31 10:29:37 +0000 2015
Jobs at Equinix	Want to work at Equinix? We're #hiring in #Amsterdam! Click for details: http://t.co/Kuu5aFdBJo #Finance #Job #Jobs	Thu Aug 20 16:56:58 +0000 2015
Hilton EMEA	This #Accounting #job might be a great fit for you: Internship - Finance (from February 2016) - http://t.co/fBGkRp0oOb #Rotterdam #Hiring	Wed Sep 09 07:55:31 +0000 2015
Hilton EMEA	#Oegstgeest #Accounting #Job: Internship - Finance (Dutch speaking) - January 2016 at Hilton UK http://t.co/cq2DLSk9fF #Jobs #Hiring	Fri Sep 18 16:59:23 +0000 2015
TMJ-BEL Mgmt. Jobs	#BusinessMgmt #Job in #Vilvoorde: EMEA Finance Cloud Adoption Capability Lead at Oracle http://t.co/DV6NRz6ilV #Jobs #Hiring #CareerArc	Thu Sep 24 06:00:09 +0000 2015
Global Jobs	Cluster Director of Business Development (Hilton The Hague, Hilton Garden Inn... - Hilton UK: (#TheHague) http://t.co/mUmaHbsMaE #Finance	Tue Oct 13 03:41:40 +0000 2015
Accenture in BeLux	Accenture #Finance #Job: Functional IT Consultant - Financial Services (#Brussels) http://t.co/JECjDA4ppJ #Jobs #Hiring	Thu Oct 15 07:41:02 +0000 2015
Accenture in BeLux	Can you recommend anyone for this #Finance #job? https://t.co/Lw1FxjxTGl #Brussels #Hiring	Wed Oct 21 07:40:42 +0000 2015
Accenture in BeLux	See our latest #Brussels #job and click to apply: Consultant with experience in Financial Services (Lux) - https://t.co/DGZqt7zyp4 #Finance	Tue Oct 27 11:51:53 +0000 2015
Hilton EMEA	Join the Hilton UK team! See our latest #Finance #job opening here: https://t.co/Sc1DYd5jJL #TheHague #Hiring	Wed Oct 28 14:57:14 +0000 2015
Accenture in BeLux	Interested in a #Finance #job near #Brussels? This could be a great fit: https://t.co/JECjDA4ppJ #Hiring	Sun Nov 01 14:53:44 +0000 2015
Accenture in BeLux	#BusinessMgmt #Job alert: Finance Transformation Senior Manager | Accenture | #Brussels http://t.co/UixMinuPQZ #Jobs #Hiring	Wed Apr 29 14:14:43 +0000 2015
Hilton EMEA	Internship - Finance - Hilton UK: (#Rotterdam) http://t.co/8qHqviAzkS #Accounting #Job #Jobs #Hiring	Fri May 08 05:17:38 +0000 2015
Hilton EMEA	#Finance #Job in #Amsterdam: Reservations Agent at Hilton UK http://t.co/zhdPuc3PsQ #Jobs #Hiring	Sun May 17 18:44:53 +0000 2015
Hilton EMEA	Internship - Finance (Dutch speaking) - July 2015 - Hilton UK: (#Oegstgeest) http://t.co/WtdKbEu5eK #Accounting #Job #Jobs #Hiring	Tue May 19 16:39:28 +0000 2015
TMJ-BEL Mgmt. Jobs	This #BusinessMgmt #job might be a great fit for you: Finance Cloud Adoption - Senior Principal Consultant - http://t.co/mrZWfZf4TG #Hiring	Mon Aug 24 10:54:31 +0000 2015
Hilton EMEA	Hilton UK #Accounting #Job: Internship - Finance (Dutch speaking) - January 2016 (#Oegstgeest) http://t.co/OzqLouD359 #Jobs #Hiring	Tue Sep 01 19:35:12 +0000 2015
Global Jobs	We're #hiring! Read about our latest #job opening here: Internship - Finance (administrative) from February... - http://t.co/JDuUsEwObU	Thu Sep 17 03:03:25 +0000 2015
Jobs at Equinix	#Finance #Job in #Amsterdam: Revenue Accounting Analyst at Equinix http://t.co/2EpuhxpQ1G #Jobs #Hiring	Thu Oct 08 23:10:03 +0000 2015
Accenture in BeLux	#Brussels #Finance #Job: Finance Transformation Manager at Accenture https://t.co/aNLsamyPfq #Jobs #Hiring	Thu Oct 22 13:45:50 +0000 2015
Accenture in BeLux	Accenture: Finance Transformation Senior Manager (#Brussels) http://t.co/ffxLjx59f2 #BusinessMgmt #Job #Jobs #TweetMyJobs	Wed Feb 18 14:27:29 +0000 2015
Hilton EMEA	Hilton UK #Accounting #Job: Internship - Finance (Dutch speaking) - July 2015 (#Oegstgeest) http://t.co/XHLq6Fx9Hs #Jobs	Mon Apr 06 11:50:21 +0000 2015
Hilton EMEA	Finance Controller/Manager - Hilton UK: (#Brussels) http://t.co/LNIVZuzslm #Accounting #Job #Jobs #Hiring #TweetMyJobs	Sun Apr 12 15:33:04 +0000 2015
Hilton EMEA	#Accounting #Job in #Brussels: Finance Controller/Manager at Hilton UK http://t.co/LNIVZuzslm #Jobs #Hiring	Sun Apr 19 19:18:50 +0000 2015
TMJ-BEL Mgmt. Jobs	Accenture #BusinessMgmt #Job: Finance Transformation Senior Manager (#Brussels) http://t.co/3nIFnPc8Wr #Jobs #Hiring #TweetMyJobs	Mon May 25 08:16:16 +0000 2015
TMJ-BEL Mgmt. Jobs	#Vilvoorde #BusinessMgmt #Job: Finance Cloud Adoption - Senior Principal Consultant at Oracle http://t.co/8F9MtxJl08 #Jobs #Hiring	Fri Jul 03 15:29:42 +0000 2015
TMJ-BEL Mgmt. Jobs	Oracle #BusinessMgmt #Job: Finance Cloud Adoption - Senior Principal Consultant (#Vilvoorde) http://t.co/cqEbK3pHmM #Jobs #Hiring	Wed Aug 05 12:40:57 +0000 2015
4-freelancers.nl	#Overig Consultant inrichting ERP finance - Voor een opdrachtgever in Utrecht/Amsterdam zoekt Harvey Nash een:   ... http://t.co/rr4xRdlljv	Mon Aug 31 13:38:07 +0000 2015
Hilton EMEA	Hilton UK #Accounting #Job: Internship - Finance (administrative) from February 2016 till July 2016 (#Soestduinen) http://t.co/elCd0JvrUR	Wed Sep 16 06:10:19 +0000 2015
Accenture in BeLux	If you're a #Finance professional in #Brussels, check out this #job: https://t.co/Lw1FxjxTGl #Hiring	Sun Nov 01 16:16:32 +0000 2015
TMJ-BEL Mgmt. Jobs	Finance Transformation Senior Manager - Accenture: (#Brussels) http://t.co/vJvzm7pct1 #BusinessMgmt #Job #Jobs #TweetMyJobs	Wed Jan 07 09:20:17 +0000 2015
TMJ-BEL Mgmt. Jobs	Accenture #BusinessMgmt #Job: Finance Transformation Senior Manager (#Brussels) http://t.co/1QxU1dnCG3 #Jobs #TweetMyJobs	Wed Feb 04 13:34:04 +0000 2015
TMJ-BEL Mgmt. Jobs	Accenture: Finance Transformation Senior Manager (#Brussels) http://t.co/3nIFnPc8Wr #BusinessMgmt #Job #Jobs #TweetMyJobs	Mon Mar 16 10:38:26 +0000 2015
Accenture in BeLux	#Brussels #BusinessMgmt #Job: Finance Transformation Senior Manager at Accenture http://t.co/ffxLjx59f2 #Jobs #TweetMyJobs	Mon Apr 13 13:02:37 +0000 2015
Accenture in BeLux	Accenture #BusinessMgmt #Job: Finance Transformation Senior Manager (#Brussels) http://t.co/UixMinuPQZ #Jobs #Hiring	Sat May 23 10:21:14 +0000 2015
TMJ-BEL Mgmt. Jobs	Finance Cloud Adoption - Senior Principal Consultant - Oracle: (#Vilvoorde) http://t.co/elkV5tWYZy #BusinessMgmt #Job #Jobs #Hiring	Thu May 28 10:32:12 +0000 2015
TMJ-BEL Mgmt. Jobs	If you're a #BusinessMgmt professional in #Vilvoorde, this might be a great fit for you: EMEA Finance Cloud... - http://t.co/xs1XnGNNgQ	Fri May 29 15:04:29 +0000 2015
TMJ-BEL Mgmt. Jobs	Accenture #BusinessMgmt #Job: Finance Transformation Senior Manager (#Brussels) http://t.co/3nIFnPc8Wr #Jobs #Hiring #TweetMyJobs	Sun May 31 10:17:44 +0000 2015
TMJ-BEL Mgmt. Jobs	Can you recommend anyone for this #job? Finance Cloud Adoption - Senior Consultant - http://t.co/b0fcZyejwx #Vilvoorde #BusinessMgmt #Hiring	Thu Jun 11 08:52:03 +0000 2015
Accenture in BeLux	We're #hiring! Click to apply: Finance Transformation Senior Manager - http://t.co/UixMinuPQZ #BusinessMgmt #Brussels #Job #Jobs	Wed Jul 15 07:45:47 +0000 2015
TMJ-NET Jobs	#Amsterdam #Insurance #Job: Junior Consultant Finance &amp; Risk Management at Accenture http://t.co/rHyRiGdBPb #Jobs #Hiring #CareerArc	Thu Aug 27 11:57:00 +0000 2015
Hilton EMEA	This #Accounting #job might be a great fit for you: Internship - Finance (from February 2016) - http://t.co/Z8TMxs0YeR #Rotterdam #Hiring	Tue Oct 13 07:34:31 +0000 2015
Accenture in BeLux	We're #hiring! Click to apply: Finance Transformation Senior Manager - https://t.co/adDz71eY3l #BusinessMgmt #Brussels #Job #Jobs	Sun Oct 25 15:11:24 +0000 2015
Accenture in BeLux	#BusinessMgmt #Job alert: Finance Transformation Senior Manager | Accenture | #Brussels http://t.co/Im5eAK4OM4 #Jobs	Wed Jan 07 13:41:13 +0000 2015
TMJ-BEL Mgmt. Jobs	Oracle #BusinessMgmt #Job: Finance Cloud Adoption - Senior Principal Consultant (#Vilvoorde) http://t.co/irScVPEwcG #Jobs #Hiring	Fri May 29 10:32:19 +0000 2015
Jobs at Equinix	Want to work at Equinix? We're #hiring in #Amsterdam! Click for details: http://t.co/9RdtaXxyjl #Finance #Job #Jobs	Mon Jul 13 11:15:48 +0000 2015
Jobs at Equinix	Revenue Accountant - Equinix: (#Amsterdam) http://t.co/fnZYSG5FmQ #Finance #Job #Jobs #Hiring	Fri Jul 24 21:13:53 +0000 2015
TMJ-NET Advert. Jobs	#Marketing in #Amsterdam: (Senior) Consultant Finance &amp; Enterprise Performance – Communications,... at Accenture http://t.co/jluPv3KY1G	Tue Aug 11 06:10:06 +0000 2015
Jobs at Equinix	This #Finance #job might be a great fit for you: Revenue Accounting Analyst - http://t.co/Kuu5aFdBJo #Amsterdam #Hiring	Fri Sep 11 12:40:48 +0000 2015
4-freelancers.nl	#Applicatiebeheer Senior Informatie Analist - In het kader van Top Finance worden IT systemen aangepast aan de To... http://t.co/q8uechn5Qk	Mon Oct 12 10:09:07 +0000 2015
TMJ-BEL Mgmt. Jobs	Can you recommend anyone for this #job? EMEA Finance Cloud Adoption Capability Lead - http://t.co/4snaPrQk39 #Vilvoorde #BusinessMgmt	Fri Oct 16 10:42:58 +0000 2015
Global Jobs	Hilton UK: Reservations Agent (#Amsterdam) http://t.co/wS38qxsHIK #Finance #Job #Jobs #Hiring	Sun Apr 19 10:40:20 +0000 2015
TMJ-BEL Mgmt. Jobs	#BusinessMgmt #Job in #Vilvoorde: Finance Cloud Adoption - Senior Principal Consultant at Oracle http://t.co/8F9MtxJl08 #Jobs #Hiring	Thu Apr 30 09:36:20 +0000 2015
TMJ-BEL Mgmt. Jobs	#Vilvoorde #BusinessMgmt #Job: Finance Cloud Adoption - Senior Principal Consultant at Oracle http://t.co/8F9Mty0WoI #Jobs #Hiring	Tue May 05 15:37:24 +0000 2015
TMJ-BEL Mgmt. Jobs	#Vilvoorde #BusinessMgmt #Job: EMEA Finance Cloud Adoption Capability Lead at Oracle http://t.co/xs1XnGNNgQ #Jobs #Hiring #TweetMyJobs	Mon May 18 08:51:05 +0000 2015
TMJ-BEL Mgmt. Jobs	Finance Transformation Senior Manager - Accenture: (#Brussels) http://t.co/3nIFnPc8Wr #BusinessMgmt #Job #Jobs #Hiring #TweetMyJobs	Tue May 19 11:00:37 +0000 2015
TMJ-BEL Mgmt. Jobs	See our latest #Vilvoorde #job and click to apply: Finance Cloud Adoption - Senior Principal Consultant - http://t.co/elkV5tWYZy #Hiring	Wed Jun 03 07:04:40 +0000 2015
Accenture in BeLux	Technical Consultant - Financial Services - Accenture: (#Brussels) http://t.co/Lw1FxjxTGl #Finance #Job #Jobs #Hiring	Fri Oct 09 11:11:17 +0000 2015
TMJ-BEL Mgmt. Jobs	See our latest #Vilvoorde #job and click to apply: Finance Cloud Adoption - Senior Principal Consultant - http://t.co/ReQb3DCeTF #Hiring	Fri Oct 16 15:26:07 +0000 2015
TMJ-NET IT PM Jobs	#ProjectMgmt #Job in #Amsterdam: Project Management Office Specialist (Finance) at Equinix https://t.co/RjsQQIrQ3e #Jobs #Hiring #CareerArc	Sun Oct 25 15:00:12 +0000 2015
Accenture in BeLux	Accenture: Finance Transformation Senior Manager (#Brussels) http://t.co/Im5eAK4OM4 #BusinessMgmt #Job #Jobs #TweetMyJobs	Mon Jan 19 12:18:58 +0000 2015
Accenture in BeLux	#BusinessMgmt #Job alert: Finance Transformation Senior Manager | Accenture | #Brussels http://t.co/Im5eAK4OM4 #Jobs	Sat Jan 31 14:44:18 +0000 2015
TMJ-BEL Mgmt. Jobs	#Brussels #BusinessMgmt #Job: Finance Transformation Senior Manager at Accenture http://t.co/1QxU1d61ht #Jobs #TweetMyJobs	Sat Feb 21 10:31:49 +0000 2015
Hilton EMEA	#Accounting #Job alert: Internship - Finance (Dutch speaking) - July 2015 | Hilton UK | #Oegstgeest http://t.co/IcIX5OsCm8 #Jobs	Tue Mar 24 15:47:30 +0000 2015
TMJ-BEL Mgmt. Jobs	Oracle #BusinessMgmt #Job: Finance Cloud Adoption - Senior Principal Consultant (#Vilvoorde) http://t.co/8F9MtxJl08 #Jobs #Hiring	Mon May 11 09:36:29 +0000 2015
Accenture in BeLux	#Finance #Job alert: Junior Finance &amp; Reporting Officer | Accenture | #Brussels http://t.co/zIh4v2hgxR #Jobs #Hiring	Tue May 12 16:45:46 +0000 2015
TMJ-BEL Mgmt. Jobs	We're #hiring! Click to apply: Finance Cloud Adoption - Senior Principal Consultant - http://t.co/elkV5tWYZy #BusinessMgmt #Vilvoorde #Job	Mon Jun 15 07:54:39 +0000 2015
4-freelancers.nl	#Projectmanagement PMO - The mission is to support the Group optimally in its finance and risk management by offe... http://t.co/athnOQQuQY	Fri Jul 17 08:22:08 +0000 2015
Accenture in BeLux	Accenture #Finance #Job: Distribution and Marketing Consultant with experience in Financial Services... (#Brussels) http://t.co/3xbAu9w2AN	Fri Aug 28 17:47:51 +0000 2015
Hilton EMEA	This #Finance #job might be a great fit for you: Cluster Director of Business Development (Hilton The Hague,... - http://t.co/KrbFhGfu6z	Wed Sep 02 09:20:20 +0000 2015
TMJ-NET Jobs	#Insurance #Job alert: Junior Consultant Finance &amp; Risk Management | Accenture | #Amsterdam http://t.co/rHyRiGdBPb #Jobs #Hiring	Tue Sep 08 14:18:08 +0000 2015
Global Jobs	If you're a #Finance professional in #TheHague, check out this #job: http://t.co/uNUp0DoDvX #Hiring	Sun Sep 13 22:33:21 +0000 2015
TMJ-BEL Mgmt. Jobs	We're #hiring! Click to apply: Finance Cloud Adoption - Senior Principal Consultant - http://t.co/0Jh4NeIf83 #BusinessMgmt #Vilvoorde #Job	Mon Sep 28 09:55:52 +0000 2015
Accenture in BeLux	This #BusinessMgmt #job might be a great fit for you: Finance Transformation Senior Manager - http://t.co/adDz71eY3l #Brussels #Hiring	Thu Oct 01 09:43:53 +0000 2015
Hilton EMEA	This #Finance #job might be a great fit for you: Cluster Director of Business Development (Hilton The Hague,... - http://t.co/Sc1DYd5jJL	Tue Oct 13 09:58:31 +0000 2015
TMJ-BEL Mgmt. Jobs	#Brussels #BusinessMgmt #Job: Finance Transformation Senior Manager at Accenture http://t.co/3nIFnPc8Wr #Jobs #Hiring #TweetMyJobs	Wed Apr 08 10:44:42 +0000 2015
TMJ-BEL Mgmt. Jobs	We're #hiring! Read about our latest #job opening here: Finance Cloud Adoption - Senior Principal Consultant - http://t.co/elkV5tWYZy	Wed Jul 15 11:54:54 +0000 2015
TMJ-BEL Mgmt. Jobs	We're #hiring! Read about our latest #job opening here: Finance Cloud Adoption - Senior Principal Consultant - http://t.co/cqEbK3pHmM	Thu Jul 30 12:48:32 +0000 2015
Accenture in BeLux	#Finance #Job alert: Distribution and Marketing Consultant with experience in Financial... | Accenture | #Brussels http://t.co/3xbAu9w2AN	Tue Aug 11 11:24:46 +0000 2015
Jobs at Equinix	We're #hiring! Click to apply: Revenue Accounting Analyst - http://t.co/Kuu5aFdBJo #Finance #Amsterdam #Job #Jobs	Thu Aug 27 21:13:02 +0000 2015
TMJ-NET Jobs	#internship alert: Afstudeerstage - Strong in FiAfstudeerstage - Strong in Finance BI... | Accenture | #Almere http://t.co/84dx3Op4mW	Sat Sep 12 06:01:05 +0000 2015
Hilton EMEA	Hilton UK: Cluster Director of Business Development (Hilton The Hague, Hilton Garden Inn... (#TheHague) http://t.co/KrbFhGfu6z #Finance	Wed Sep 16 21:19:13 +0000 2015
TMJ-NET Advert. Jobs	We're #hiring! Click to apply: (Senior) Consultant Finance &amp; Enterprise Performance – Communications, Media &amp;... - http://t.co/jluPv3KY1G	Tue Sep 29 11:18:11 +0000 2015
TMJ-NET Advert. Jobs	#Amsterdam #Marketing : Junior Consultant Finance &amp; Enterprise Performance - Communications, Media... at Accenture http://t.co/e0fnsyfs6O	Wed Sep 30 13:33:03 +0000 2015
TMJ-BEL Mgmt. Jobs	#BusinessMgmt #Job in #Vilvoorde: Finance Cloud Adoption - Senior Principal Consultant at Oracle https://t.co/ReQb3DCeTF #Jobs #Hiring	Thu Oct 29 14:56:56 +0000 2015
TMJ-NET Jobs	#Almere #internship #Job: Afstudeerstage - Strong in FiAfstudeerstage - Strong in Finance BI using... at Accenture https://t.co/84dx3Op4mW	Mon Nov 02 11:06:49 +0000 2015
TMJ-BEL Mgmt. Jobs	Can you recommend anyone for this #job? Finance Cloud Adoption - Senior Principal Consultant - https://t.co/ReQb3DCeTF #Vilvoorde #Hiring	Wed Nov 04 15:05:43 +0000 2015
Brussels DataScience	FOD finance has 15TB used for #datamining #BusinessmeetsIT By Dierk op 't Eynde http://t.co/nax9lGGtOq	Thu Feb 05 11:20:44 +0000 2015
VMware Jobs	#Utrecht #Finance #Job: License Compliance Engagement Manager at VMware http://t.co/akKF6hp1hy #salesjobs #Jobs #hiring #TweetMyJobs	Fri Mar 27 07:49:27 +0000 2015
TMJ-BEL Mgmt. Jobs	See our latest #Vilvoorde #job and click to apply: Finance Cloud Adoption - Senior Principal Consultant - http://t.co/irScVPEwcG #Hiring	Wed Jun 10 09:49:14 +0000 2015
Jobs at Equinix	Equinix: Financial Planning and Analysis Director (#Amsterdam) http://t.co/XkBON27Bfp #Finance #Job #Jobs #Hiring	Tue Aug 04 11:15:56 +0000 2015
4-freelancers.nl	#Software ontwikkeling JAVA / ADF ONTWIKKELAAR - ORGANISATIE Finance FUNCTIE Als senior ADF Developer ben je vera... http://t.co/KPaAV3tniF	Tue Sep 22 13:36:03 +0000 2015
Accenture in BeLux	If you're a #Finance professional in #Brussels, check out this #job: http://t.co/3xbAu9w2AN #Hiring	Mon Oct 05 10:29:02 +0000 2015
Hilton EMEA	#Oegstgeest #Accounting #Job: Internship - Finance (Dutch speaking) - July 2015 at Hilton UK http://t.co/IcIX5Ob0Xy #Jobs	Mon Mar 09 13:14:05 +0000 2015
TMJ-BEL Mgmt. Jobs	#BusinessMgmt #Job in #Vilvoorde: Finance Cloud Adoption - Senior Principal Consultant at Oracle http://t.co/elkV5tWYZy #Jobs #Hiring	Sat Jun 27 07:02:26 +0000 2015
TMJ-BEL Mgmt. Jobs	#Vilvoorde #BusinessMgmt #Job: Finance Cloud Adoption - Senior Principal Consultant at Oracle http://t.co/8F9MtxJl08 #Jobs #Hiring	Sat Jun 27 10:08:54 +0000 2015
Accenture in BeLux	Want to work in #Brussels? View our latest opening: http://t.co/yxqyDURTXs #Finance #Job #Jobs #Hiring	Sat Jul 18 17:31:37 +0000 2015
TMJ-BEL Mgmt. Jobs	#BusinessMgmt #Job in #Vilvoorde: Finance Cloud Adoption - Senior Principal Consultant at Oracle http://t.co/tOoJvq0POA #Jobs #Hiring	Wed Jul 22 08:08:54 +0000 2015
TMJ-NET Advert. Jobs	See our latest #Amsterdam #job and click to apply: (Senior) Consultant Finance &amp; Enterprise Performance –... - http://t.co/jluPv3KY1G	Fri Jul 24 10:42:34 +0000 2015
TMJ-BEL Mgmt. Jobs	#CareerArc #BusinessMgmt #Job alert: Finance Transformation Senior Manager | Accenture | #Brussels http://t.co/mzdhFpFPti #Jobs #Hiring	Wed Sep 02 06:00:08 +0000 2015
Hilton EMEA	#Accounting #Job alert: Internship - Finance (Dutch speaking) - January 2016 | Hilton UK | #Oegstgeest http://t.co/cq2DLSk9fF #Jobs	Thu Sep 03 12:14:23 +0000 2015
TMJ-BEL Mgmt. Jobs	Accenture: Finance Transformation Senior Manager (#Brussels) http://t.co/mzdhFpFPti #BusinessMgmt #Job #Jobs #Hiring #CareerArc	Tue Oct 13 08:27:25 +0000 2015
Accenture in BeLux	#Finance #Job in #Brussels: Finance Transformation Manager at Accenture https://t.co/aNLsamyPfq #Jobs #Hiring	Tue Nov 03 12:08:18 +0000 2015
Accenture in BeLux	#BusinessMgmt #Job alert: Finance Transformation Senior Manager | Accenture | #Brussels http://t.co/ffxLjx59f2 #Jobs	Mon Mar 02 11:56:07 +0000 2015
Hilton EMEA	Hilton UK #Accounting #Job: Internship - Finance (Dutch speaking) - July 2015 (#Oegstgeest) http://t.co/RvBQnPzXuK #Jobs	Thu Mar 05 00:18:23 +0000 2015
Hilton EMEA	#Brussels #Accounting #Job: Finance Controller/Manager at Hilton UK http://t.co/AsIyTKwWgw #Jobs #Hiring	Sat Apr 25 07:41:19 +0000 2015
TMJ-BEL Mgmt. Jobs	Finance Cloud Adoption - Senior Principal Consultant - Oracle: (#Vilvoorde) http://t.co/elkV5tWYZy #BusinessMgmt #Job #Jobs #Hiring	Wed Apr 29 15:05:57 +0000 2015
Accenture in BeLux	Check out our latest #Brussels #Job and click the link to apply: Finance Transformation Senior... - http://t.co/UixMinuPQZ #Jobs #Hiring	Fri May 29 07:49:14 +0000 2015
TMJ-BEL Mgmt. Jobs	#CareerArc #BusinessMgmt #Job alert: Finance Transformation Senior Manager | Accenture | #Brussels http://t.co/mzdhFpFPti #Jobs #Hiring	Sun Aug 16 12:00:45 +0000 2015
Accenture in BeLux	Want to work in #Brussels? View our latest opening: http://t.co/3xbAu9w2AN #Finance #Job #Jobs #Hiring	Thu Sep 03 14:59:33 +0000 2015
TMJ-BEL Mgmt. Jobs	Oracle: Finance Cloud Adoption - Senior Principal Consultant (#Vilvoorde) http://t.co/q3RY071jlJ #BusinessMgmt #Job #Jobs #Hiring	Mon Sep 28 08:04:52 +0000 2015
TMJ-BEL Mgmt. Jobs	Accenture: Finance Transformation Senior Manager (#Brussels) https://t.co/mzdhFpFPti #BusinessMgmt #Job #Jobs #Hiring #CareerArc	Tue Oct 20 13:48:15 +0000 2015
Accenture in BeLux	#Finance #Job alert: Distribution and Marketing Consultant with experience in... | Accenture | #Brussels http://t.co/EZ9AeGp4BS	Mon Apr 06 12:13:10 +0000 2015
TMJ-BEL Mgmt. Jobs	We're #hiring! Click to apply: Finance Transformation Senior Manager - http://t.co/3nIFnPc8Wr #BusinessMgmt #Brussels #Job #Jobs	Fri Jul 17 07:58:14 +0000 2015
Global Jobs	We're #hiring! Read about our latest #job opening here: Internship - Finance (Dutch speaking) - January 2016 - http://t.co/yljAaTD1Tl	Tue Aug 04 05:12:44 +0000 2015
4-freelancers.nl	#Projectmanagement IT Finance Senior PMO, BTIT8882 - Functie omschrijving BlueTrail is op zoek naar een IT Financ... http://t.co/Ritw43wpY1	Fri Aug 07 07:28:55 +0000 2015
Hilton EMEA	See our latest #Soestduinen #job and click to apply: Internship - Finance (administrative) from February 2016... - http://t.co/elCd0JvrUR	Tue Sep 22 20:12:46 +0000 2015
Hilton EMEA	#Rotterdam #Accounting #Job: Internship - Finance (from February 2016) at Hilton UK http://t.co/fBGkRp0oOb #Jobs #Hiring	Wed Sep 23 16:52:24 +0000 2015
Jobs at Equinix	See our latest #Amsterdam #job and click to apply: Revenue Accounting Analyst - http://t.co/2EpuhxpQ1G #Finance #Hiring	Wed Oct 14 23:31:55 +0000 2015
Accenture in BeLux	See our latest #Brussels #job and click to apply: Functional IT Consultant - Financial Services - https://t.co/JECjDA4ppJ #Finance #Hiring	Tue Oct 20 17:49:30 +0000 2015
Jobs at Equinix	Equinix: Revenue Accounting Analyst (#Amsterdam) https://t.co/2EpuhxpQ1G #Finance #Job #Jobs #Hiring	Sat Oct 31 03:25:47 +0000 2015
Accenture in BeLux	Accenture: Finance Transformation Senior Manager (#Brussels) http://t.co/Im5eAK4OM4 #BusinessMgmt #Job #Jobs #TweetMyJobs	Sun Jan 25 11:07:50 +0000 2015
Accenture in BeLux	Accenture: Distribution and Marketing Consultant with experience in Financial... (#Brussels) http://t.co/yxqyDUAj5U #Finance #Job #Jobs	Wed May 20 14:53:46 +0000 2015
4-freelancers.nl	#Overig Manager Accounting &amp; Finance - Voor een eindklant, in de omgeving van Utrecht, zijn wij op zoek naar een:... http://t.co/SKtPxi5j4L	Fri Aug 14 07:15:32 +0000 2015
TMJ-NET Advert. Jobs	This #Marketing #job might be a great fit for you: (Senior) Consultant Finance &amp; Enterprise Performance –... - http://t.co/jluPv3KY1G	Sun Aug 16 14:55:05 +0000 2015
TMJ-NET Jobs	We're #hiring! Read about our latest #job opening here: Consultant Finance &amp; Risk Management - http://t.co/69Udq3ha72 #Amsterdam #Insurance	Thu Aug 20 15:32:28 +0000 2015
TMJ-NET Jobs	This #Insurance #job might be a great fit for you: Junior Consultant Finance &amp; Risk Management - http://t.co/rHyRiGdBPb #Amsterdam #Hiring	Tue Sep 15 06:01:04 +0000 2015
Global Jobs	#Oegstgeest #Accounting #Job: Internship - Finance (Dutch speaking) - July 2015 at Hilton Worldwide http://t.co/tiHrtYnWPd #Jobs	Tue Feb 03 21:44:05 +0000 2015
Global Jobs	#Accounting #Job in #Oegstgeest: Internship - Finance (Dutch speaking) - July 2015 at Hilton UK http://t.co/xE9FCu13zY #Jobs	Thu Mar 05 01:22:25 +0000 2015
Accenture in BeLux	Accenture: Finance Transformation Senior Manager (#Brussels) http://t.co/ffxLjx59f2 #BusinessMgmt #Job #Jobs #TweetMyJobs	Fri Mar 20 14:17:09 +0000 2015
Accenture in BeLux	#Brussels #Finance #Job: Distribution and Marketing Consultant with experience in Financi... at Accenture http://t.co/EZ9AeGp4BS	Tue Mar 31 13:22:03 +0000 2015
Hilton EMEA	#Accounting #Job in #Oegstgeest: Internship - Finance (Dutch speaking) - July 2015 at Hilton UK http://t.co/WWAtSoLLqX #Jobs #Hiring	Sun Apr 26 07:38:42 +0000 2015
Hilton EMEA	Hilton UK #Accounting #Job: Internship - Finance (#Rotterdam) http://t.co/8qHqviAzkS #Jobs #Hiring	Thu May 14 22:40:22 +0000 2015
TMJ-BEL Mgmt. Jobs	This #BusinessMgmt #job might be a great fit for you: Finance Transformation Senior Manager - http://t.co/3nIFnPc8Wr #Brussels #Hiring	Sat Jun 06 08:54:38 +0000 2015
TMJ-BEL Mgmt. Jobs	#Vilvoorde #BusinessMgmt #Job: Finance Cloud Adoption - Senior Principal Consultant at Oracle http://t.co/dYCcXX6H63 #Jobs #Hiring	Wed Jul 01 13:49:57 +0000 2015
TMJ-NET Jobs	This #Insurance #job might be a great fit for you: Consultant Finance &amp; Risk Management - http://t.co/6jscIacFZL #Amsterdam #Hiring	Wed Jul 08 07:46:06 +0000 2015
Accenture in BeLux	We're #hiring! Read about our latest #job opening here: Finance Transformation Senior Manager - http://t.co/UixMinuPQZ #Brussels	Thu Jul 09 07:47:19 +0000 2015
Jobs at Equinix	Equinix #Finance #Job: Revenue Accountant (#Amsterdam) http://t.co/9RdtaXxyjl #Jobs #Hiring	Sun Jul 19 00:03:16 +0000 2015
TMJ-BEL Mgmt. Jobs	This #BusinessMgmt #job might be a great fit for you: Finance Cloud Adoption - Senior Principal Consultant - http://t.co/mrZWfZf4TG #Hiring	Tue Sep 15 12:37:06 +0000 2015
TMJ-BEL Mgmt. Jobs	Oracle: EMEA Finance Cloud Adoption Capability Lead (#Vilvoorde) http://t.co/4snaPrQk39 #BusinessMgmt #Job #Jobs #Hiring #CareerArc	Sat Oct 10 12:15:52 +0000 2015
Accenture in BeLux	Accenture #BusinessMgmt #Job: Finance Transformation Senior Manager (#Brussels) https://t.co/adDz71eY3l #Jobs #Hiring	Tue Oct 20 07:00:14 +0000 2015
TMJ-NET Advert. Jobs	Accenture: Junior Consultant Finance &amp; Enterprise Performance - Communications, Media &amp;... (#Amsterdam) https://t.co/e0fnsyfs6O #Marketing	Tue Oct 20 13:06:51 +0000 2015
TMJ-BEL Mgmt. Jobs	This #BusinessMgmt #job might be a great fit for you: Finance Transformation Senior Manager - https://t.co/mzdhFpFPti #Brussels #Hiring	Mon Oct 26 11:27:20 +0000 2015
Jobs at Equinix	Can you recommend anyone for this #Finance #job? http://t.co/VGhCcq9DHU #Amsterdam #Hiring	Thu Jul 09 10:19:07 +0000 2015
TMJ-NET Jobs	Accenture #internship #Job: Afstudeerstage - Strong in Finance BI (#Almere) http://t.co/qrC1YfmRSx #Jobs #Hiring #TweetMyJobs	Sun Jul 12 10:28:06 +0000 2015
TMJ-NET Jobs	This #Insurance #job might be a great fit for you: Junior Consultant Finance &amp; Risk Management - http://t.co/rHyRiGdBPb #Amsterdam #Hiring	Tue Jul 28 10:29:41 +0000 2015
Accenture in BeLux	Can you recommend anyone for this #Finance #job? http://t.co/DGZqt7zyp4 #Brussels #Hiring	Wed Sep 02 14:12:48 +0000 2015
TMJ-BEL Mgmt. Jobs	Accenture #BusinessMgmt #Job: Finance Transformation Senior Manager (#Brussels) http://t.co/mzdhFpFPti #Jobs #Hiring #CareerArc	Mon Sep 07 14:23:07 +0000 2015
Accenture in BeLux	Can you recommend anyone for this #Finance #job? http://t.co/DGZqt7zyp4 #Brussels #Hiring	Mon Sep 14 08:25:34 +0000 2015
Accenture in BeLux	If you're a #Finance professional in #Brussels, check out this #job: http://t.co/lBWt5QDofO #Hiring	Sat Oct 03 09:54:38 +0000 2015
Accenture in BeLux	Want to work in #Brussels? View our latest opening: http://t.co/DGZqt7zyp4 #Finance #Job #Jobs #Hiring	Fri Oct 09 17:23:38 +0000 2015
Jobs at Equinix	Equinix #Finance #Job: Revenue Accounting Analyst (#Amsterdam) https://t.co/2EpuhxpQ1G #Jobs #Hiring	Wed Nov 04 19:57:47 +0000 2015
TMJ-BEL Mgmt. Jobs	#BusinessMgmt #Job in #Brussels: Finance Transformation Senior Manager at Accenture http://t.co/vJvzm7pct1 #Jobs #TweetMyJobs	Fri Jan 30 07:12:06 +0000 2015
TMJ-BEL Mgmt. Jobs	#BusinessMgmt #Job in #Brussels: Finance Transformation Senior Manager at Accenture http://t.co/3nIFnPc8Wr #Jobs #hiring #TweetMyJobs	Sat Mar 28 08:40:10 +0000 2015
TMJ-BEL Mgmt. Jobs	See our latest #Vilvoorde #job and click to apply: Finance Cloud Adoption - Senior Principal Consultant - http://t.co/elkV5tWYZy #Hiring	Mon Jun 08 15:32:45 +0000 2015
TMJ-BEL Mgmt. Jobs	Finance Cloud Adoption - Senior Principal Consultant - Oracle: (#Vilvoorde) http://t.co/irScVPEwcG #BusinessMgmt #Job #Jobs #Hiring	Mon Jun 22 08:06:44 +0000 2015
TMJ-NET Jobs	Can you recommend anyone for this #job? Afstudeerstage - Strong in Finance BI - http://t.co/qrC1YfmRSx #Almere #internship #Hiring	Mon Jun 29 14:09:40 +0000 2015
TMJ-BEL Mgmt. Jobs	See our latest #Vilvoorde #job and click to apply: Finance Cloud Adoption - Senior Principal Consultant - http://t.co/cqEbK3pHmM #Hiring	Tue Aug 11 09:32:13 +0000 2015
TMJ-NET Jobs	Can you recommend anyone for this #job? Afstudeerstage - Strong in FiAfstudeerstage - Strong in Finance BI... - http://t.co/84dx3Op4mW	Wed Aug 12 10:21:41 +0000 2015
Jobs at Equinix	Want to work in #Amsterdam? View our latest opening: http://t.co/XkBON27Bfp #Finance #Job #Jobs #Hiring	Mon Sep 07 09:50:30 +0000 2015
Hilton EMEA	Cluster Director of Business Development (Hilton The Hague, Hilton Garden Inn... - Hilton UK: (#TheHague) http://t.co/Jpykm0mtX1 #Finance	Thu Sep 24 12:43:09 +0000 2015
Hilton EMEA	See our latest #Soestduinen #job and click to apply: Internship - Finance (administrative) from February 2016... - http://t.co/elCd0JvrUR	Wed Oct 07 19:23:53 +0000 2015
Jobs at Equinix	See our latest #Amsterdam #job and click to apply: Project Management Office Specialist (Finance) - http://t.co/hOrmWHjmII #ProjectMgmt	Mon Oct 12 02:29:26 +0000 2015
TMJ-NET Jobs	We're #hiring! Click to apply: Consultant Finance &amp; Risk Management - http://t.co/69Udq3ha72 #Insurance #Amsterdam #Job #Jobs #CareerArc	Sat Oct 17 06:01:18 +0000 2015
TMJ-NET Advert. Jobs	This #Marketing #job might be a great fit for you: Junior Consultant Finance &amp; Enterprise Performance -... - https://t.co/e0fnsyfs6O	Mon Oct 26 10:38:29 +0000 2015
Accenture in BeLux	Finance Transformation Senior Manager - Accenture: (#Brussels) http://t.co/ffxLjx59f2 #BusinessMgmt #Job #Jobs #TweetMyJobs	Tue Feb 24 12:54:21 +0000 2015
Accenture in BeLux	Accenture #Finance #Job: Distribution and Marketing Consultant with experience in Financia... (#Brussels) http://t.co/EZ9AeGp4BS	Sun Apr 12 14:07:24 +0000 2015
TMJ-BEL Mgmt. Jobs	#BusinessMgmt #Job in #Brussels: Finance Transformation Senior Manager at Accenture http://t.co/3nIFnPc8Wr #Jobs #Hiring #TweetMyJobs	Mon Apr 13 15:28:54 +0000 2015
TMJ-BEL Mgmt. Jobs	Can you recommend anyone for this #job? Finance Cloud Adoption - Senior Principal Consultant - http://t.co/irScVPEwcG #Vilvoorde #Hiring	Sun Jun 28 06:00:09 +0000 2015
Hilton EMEA	We're #hiring! Read about our latest #job opening here: Reservations Supervisor - http://t.co/EoN6ySifDC #Brussels #Finance	Thu Aug 13 15:01:57 +0000 2015
TMJ-BEL Mgmt. Jobs	#Brussels #BusinessMgmt #Job: Finance Transformation Senior Manager at Accenture http://t.co/mzdhFpFPti #Jobs #Hiring #CareerArc	Thu Aug 27 10:48:37 +0000 2015
TMJ-BEL Mgmt. Jobs	#Vilvoorde #BusinessMgmt #Job: Finance Cloud Adoption - Senior Principal Consultant at Oracle http://t.co/cqEbK3pHmM #Jobs #Hiring	Mon Sep 21 06:00:05 +0000 2015
Accenture in BeLux	Can you recommend anyone for this #Finance #job? http://t.co/3xbAu9w2AN #Brussels #Hiring	Mon Sep 21 09:50:40 +0000 2015
TMJ-BEL Mgmt. Jobs	#BusinessMgmt #Job alert: Finance Cloud Adoption - Senior Principal Consultant | Oracle | #Vilvoorde http://t.co/Bpzxx0W27C #Jobs #Hiring	Fri Sep 25 06:00:11 +0000 2015
TMJ-BEL Mgmt. Jobs	This #BusinessMgmt #job might be a great fit for you: Finance Transformation Senior Manager - http://t.co/mzdhFpFPti #Brussels #Hiring	Thu Oct 01 06:00:05 +0000 2015
TMJ-BEL Mgmt. Jobs	We're #hiring! Click to apply: Finance Cloud Adoption - Senior Principal Consultant - https://t.co/ReQb3DCeTF #BusinessMgmt #Vilvoorde #Job	Thu Oct 22 13:39:03 +0000 2015
TMJ-BEL Mgmt. Jobs	#Brussels #BusinessMgmt #Job: Finance Transformation Senior Manager at Accenture http://t.co/vJvzm7pct1 #Jobs #TweetMyJobs	Sun Jan 18 12:12:49 +0000 2015
TMJ-BEL Mgmt. Jobs	Finance Transformation Senior Manager - Accenture: (#Brussels) http://t.co/vJvzm7pct1 #BusinessMgmt #Job #Jobs #TweetMyJobs	Sat Jan 24 13:28:56 +0000 2015
TMJ-BEL Mgmt. Jobs	#BusinessMgmt #Job alert: Finance Cloud Adoption - Senior Principal Consultant | Oracle | #Vilvoorde http://t.co/YlzKxTfORv #Jobs #Hiring	Mon Aug 24 09:40:54 +0000 2015
TMJ-NET Jobs	We're #hiring! Click to apply: Junior Consultant Finance &amp; Risk Management - http://t.co/rHyRiGdBPb #Insurance #Amsterdam #Job #Jobs	Wed Sep 02 14:34:09 +0000 2015
Hilton EMEA	#Accounting #Job in #Brussels: Finance Controller/Manager at Hilton UK http://t.co/r9Iwf9Wr0p #Jobs #TweetMyJobs	Thu Apr 02 18:22:36 +0000 2015
TMJ-BEL Mgmt. Jobs	#BusinessMgmt #Job in #Brussels: Finance Transformation Senior Manager at Accenture http://t.co/3nIFnPc8Wr #Jobs #Hiring #TweetMyJobs	Fri Apr 03 06:00:03 +0000 2015
TMJ-BEL Mgmt. Jobs	Finance Cloud Adoption - Senior Principal Consultant - Oracle: (#Vilvoorde) http://t.co/irScVPEwcG #BusinessMgmt #Job #Jobs #Hiring	Sun May 17 13:30:48 +0000 2015
Accenture in BeLux	#Finance #Job in #Brussels: Junior Finance &amp; Reporting Officer at Accenture http://t.co/zIh4v2hgxR #Jobs #Hiring	Sun May 24 15:20:18 +0000 2015
Accenture in BeLux	#Finance #Job alert: Distribution and Marketing Consultant with experience in Financial... | Accenture | #Brussels http://t.co/yxqyDURTXs	Sun Jun 07 12:09:21 +0000 2015
TMJ-NET Jobs	#Insurance #Job alert: Junior Consultant Finance &amp; Risk Management | Accenture | #Amsterdam http://t.co/SrnOdL5wji #Jobs #Hiring	Sat Jun 27 08:32:52 +0000 2015
TMJ-NET Advert. Jobs	We're #hiring! Read about our latest #job opening here: (Senior) Consultant Finance &amp; Enterprise Performance –... - http://t.co/jluPv3KY1G	Thu Jul 30 09:26:50 +0000 2015
TMJ-NET Jobs	Accenture: Junior Consultant Finance &amp; Risk Management (#Amsterdam) http://t.co/6Sso30QN7T #Insurance #Job #Jobs #Hiring #CareerArc	Sun Sep 27 10:21:48 +0000 2015
Accenture in BeLux	#Brussels #Finance : Distribution and Marketing Consultant with experience in Financial Services... at Accenture http://t.co/kq6WhBl9PX	Sun Sep 27 10:38:21 +0000 2015
4-freelancers.nl	#Overig Finance Manager EMA Regional Delivery Centre - Voor een van onze klanten in de regio van Amsterdam zijn w... http://t.co/TuxOSd8VuT	Mon Oct 12 12:59:50 +0000 2015
Accenture in BeLux	If you're a #Finance professional in #Brussels, check out this #job: https://t.co/JECjDA4ppJ #Hiring	Mon Oct 26 14:30:08 +0000 2015
Hilton EMEA	Can you recommend anyone for this #job? Cluster Director of Business Development - https://t.co/app4glB4Tl #Brussels #Finance #Hiring	Thu Oct 29 09:23:50 +0000 2015
4-freelancers.nl	#IT Management Business Consultant | Interim | Finance - Business Consultant | Interim | Finance     Te behalen r... https://t.co/uc5iZFlsyF	Tue Nov 03 13:51:12 +0000 2015
Accenture in BeLux	#BusinessMgmt #Job alert: Finance Transformation Senior Manager | Accenture | #Brussels http://t.co/Im5eAK4OM4 #Jobs	Tue Jan 13 12:22:05 +0000 2015
Accenture in BeLux	#Brussels #Finance #Job: Distribution and Marketing Consultant with experience in Financial... at Accenture http://t.co/yxqyDURTXs #Jobs	Tue Apr 21 11:31:55 +0000 2015
TMJ-BEL Mgmt. Jobs	Finance Cloud Adoption - Senior Principal Consultant - Oracle: (#Vilvoorde) http://t.co/elkV5tWYZy #BusinessMgmt #Job #Jobs #Hiring	Fri May 22 11:53:41 +0000 2015
TMJ-BEL Mgmt. Jobs	Finance Cloud Adoption - Senior Principal Consultant - Oracle: (#Vilvoorde) http://t.co/8F9MtxJl08 #BusinessMgmt #Job #Jobs #Hiring	Fri May 22 15:25:48 +0000 2015
TMJ-BEL Mgmt. Jobs	Oracle #BusinessMgmt #Job: Finance Cloud Adoption - Senior Principal Consultant (#Vilvoorde) http://t.co/elkV5tWYZy #Jobs #Hiring	Tue Jul 21 09:13:16 +0000 2015
TMJ-NET Jobs	Accenture: Junior Consultant Finance &amp; Risk Management (#Amsterdam) http://t.co/rHyRiGdBPb #Insurance #Job #Jobs #Hiring #CareerArc	Sat Aug 15 12:33:09 +0000 2015
Accenture in BeLux	We're #hiring! Click to apply: Finance Transformation Senior Manager - http://t.co/adDz71eY3l #BusinessMgmt #Brussels #Job #Jobs	Mon Sep 07 07:00:08 +0000 2015
Hilton EMEA	This #Finance #job might be a great fit for you: Cluster Director of Business Development (Hilton The Hague,... - http://t.co/KrbFhGfu6z	Wed Sep 09 19:31:41 +0000 2015
Accenture in BeLux	Accenture: Technical Consultant - Financial Services (#Brussels) http://t.co/Lw1FxjxTGl #Finance #Job #Jobs #Hiring	Thu Oct 15 09:02:49 +0000 2015
4-freelancers.nl	#Architect / Ontwerp Infrastructuur Architect | Freelance | Finance | 3 maanden - Infrastructuur Architect | Free... https://t.co/EMyhTBKjeu	Tue Oct 20 07:30:09 +0000 2015
TMJ-BEL Mgmt. Jobs	We're #hiring! Read about our latest #job opening here: Finance Transformation Senior Manager - https://t.co/mzdhFpFPti #Brussels	Mon Nov 02 12:40:31 +0000 2015
Accenture in BeLux	Accenture #Finance #Job: Finance &amp; Reporting Officer (#Brussels) http://t.co/sKmaKav9xc #Jobs #Hiring	Sat Apr 25 10:37:21 +0000 2015
TMJ-BEL Mgmt. Jobs	#Vilvoorde #BusinessMgmt #Job: Finance Cloud Adoption - Senior Principal Consultant at Oracle http://t.co/elkV5tWYZy #Jobs #Hiring	Tue May 05 10:48:26 +0000 2015
Accenture in BeLux	If you're a #Finance professional in #Brussels, check out this #job: http://t.co/yxqyDURTXs #Hiring	Mon Jul 06 14:58:25 +0000 2015
TMJ-BEL Mgmt. Jobs	This #BusinessMgmt #job might be a great fit for you: Finance Cloud Adoption - Senior Principal Consultant - http://t.co/YlzKxTfORv #Hiring	Sun Jul 26 12:33:43 +0000 2015
Hilton EMEA	Hilton UK #Accounting #Job: Internship - Finance (Dutch speaking) - January 2016 (#Oegstgeest) http://t.co/OzqLoulrGz #Jobs #Hiring	Tue Aug 04 12:18:52 +0000 2015
TMJ-NET Jobs	Junior Consultant Finance &amp; Risk Management - Accenture: (#Amsterdam) http://t.co/rHyRiGdBPb #Insurance #Job #Jobs #Hiring #CareerArc	Sun Aug 09 13:00:28 +0000 2015
Accenture in BeLux	Accenture: Finance &amp; Reporting Officer (#Brussels) http://t.co/sKmaKav9xc #Finance #Job #Jobs #Hiring	Fri May 01 07:00:09 +0000 2015
Hilton EMEA	#Amsterdam #Finance #Job: Reservations Agent at Hilton UK http://t.co/zhdPuc3PsQ #Jobs #Hiring	Mon May 11 05:41:15 +0000 2015
Accenture in BeLux	#Finance #Job alert: Distribution and Marketing Consultant with experience in... | Accenture | #Brussels http://t.co/yxqyDURTXs #Jobs	Thu May 14 15:02:50 +0000 2015
Accenture in BeLux	#Brussels #Finance : Distribution and Marketing Consultant with experience in Financial Services... at Accenture http://t.co/yxqyDURTXs	Thu Jun 25 07:49:42 +0000 2015
Jobs at Equinix	Can you recommend anyone for this #job? Financial Planning and Analysis Director - http://t.co/XkBON27Bfp #Amsterdam #Finance #Hiring	Mon Aug 10 15:31:36 +0000 2015
TMJ-BEL Mgmt. Jobs	Finance Cloud Adoption - Senior Principal Consultant - Oracle: (#Vilvoorde) http://t.co/elkV5tWYZy #BusinessMgmt #Job #Jobs #Hiring	Mon May 11 06:00:09 +0000 2015
4-freelancers.nl	#IT Management Project Manager | Freelance | Finance | Senior - Voor de gehele vacature omschrijving zie de onder... http://t.co/8nacDNTNJe	Tue Sep 15 07:32:27 +0000 2015
Jobs at Equinix	We're #hiring! Click to apply: Project Management Office Specialist (Finance) - https://t.co/hOrmWHjmII #ProjectMgmt #Amsterdam #Job #Jobs	Mon Nov 02 14:10:24 +0000 2015
TMJ-BEL Mgmt. Jobs	Accenture: Finance Transformation Senior Manager (#Brussels) http://t.co/1QxU1d61ht #BusinessMgmt #Job #Jobs #TweetMyJobs	Fri Feb 27 09:12:50 +0000 2015
Hilton EMEA	Internship - Finance (Dutch speaking) - July 2015 - Hilton UK: (#Oegstgeest) http://t.co/WWAtSoLLqX #Accounting #Job #Jobs #Hiring	Sat Apr 11 17:28:02 +0000 2015
TMJ-BEL Mgmt. Jobs	Oracle: EMEA Finance Cloud Adoption Capability Lead (#Vilvoorde) http://t.co/xs1XnGNNgQ #BusinessMgmt #Job #Jobs #Hiring #TweetMyJobs	Fri May 01 09:36:26 +0000 2015
TMJ-BEL Mgmt. Jobs	#BusinessMgmt #Job in #Vilvoorde: Finance Cloud Adoption - Senior Principal Consultant at Oracle http://t.co/irScVPW7Bg #Jobs #Hiring	Sat May 23 11:47:00 +0000 2015
Global Jobs	We're #hiring! Read about our latest #job opening here: Internship - Finance (from February 2016) - http://t.co/nCsDZv4jp2 #Rotterdam	Mon Sep 14 21:57:23 +0000 2015
Accenture in BeLux	Join the Accenture team! See our latest #Finance #job opening here: http://t.co/3xbAu9w2AN #Brussels #Hiring	Tue Sep 15 11:57:07 +0000 2015
Accenture in BeLux	Can you recommend anyone for this #Finance #job? http://t.co/DGZqt7zyp4 #Brussels #Hiring	Sat Sep 19 16:57:58 +0000 2015
TMJ-BEL Mgmt. Jobs	We're #hiring! Read about our latest #job opening here: Finance Cloud Adoption - Senior Principal Consultant - http://t.co/zhamsTGduC	Thu Sep 24 08:18:59 +0000 2015
TMJ-NET Jobs	Can you recommend anyone for this #job? Junior Consultant Finance &amp; Risk Management - http://t.co/rHyRiGdBPb #Amsterdam #Insurance #Hiring	Mon Oct 05 06:01:07 +0000 2015
Hilton EMEA	Interested in a #Finance #job near #TheHague? This could be a great fit: https://t.co/Sc1DYd5jJL #Hiring	Tue Oct 20 21:57:30 +0000 2015
Global Jobs	Want to work in #Brussels? View our latest opening: https://t.co/9boSuObNZk #Finance #Job #Jobs #Hiring	Fri Oct 30 03:14:09 +0000 2015
Accenture in BeLux	#Brussels #BusinessMgmt #Job: Finance Transformation Senior Manager at Accenture http://t.co/UixMinMrfz #Jobs #Hiring	Tue Jun 09 17:18:30 +0000 2015
TMJ-BEL Mgmt. Jobs	#BusinessMgmt #Job in #Brussels: Finance Transformation Senior Manager at Accenture http://t.co/3nIFnPc8Wr #Jobs #Hiring #TweetMyJobs	Fri Jun 12 08:49:09 +0000 2015
TMJ-BEL Mgmt. Jobs	#BusinessMgmt #Job in #Brussels: Finance Transformation Senior Manager at Accenture http://t.co/3nIFnPc8Wr #Jobs #Hiring #TweetMyJobs	Wed Jun 17 14:54:30 +0000 2015
Accenture in BeLux	Want to work at Accenture? We're #hiring in #Brussels! Click for details: http://t.co/yxqyDURTXs #Finance #Job #Jobs	Fri Jun 19 11:08:08 +0000 2015
TMJ-BEL Mgmt. Jobs	Oracle: Finance Cloud Adoption - Senior Principal Consultant (#Vilvoorde) http://t.co/YlzKxTfORv #BusinessMgmt #Job #Jobs #Hiring	Sat Aug 01 11:34:08 +0000 2015
TMJ-NET Jobs	We're #hiring! Click to apply: Consultant Finance &amp; Risk Management - http://t.co/69Udq3ha72 #Insurance #Amsterdam #Job #Jobs #CareerArc	Fri Aug 14 14:39:01 +0000 2015
Accenture in BeLux	We're #hiring! Click to apply: Consultant with experience in Financial Services (Lux) - http://t.co/DGZqt7zyp4 #Finance #Brussels #Job	Sat Aug 22 08:27:24 +0000 2015
Accenture in BeLux	#BusinessMgmt #Job alert: Finance Transformation Senior Manager | Accenture | #Brussels http://t.co/adDz71eY3l #Jobs #Hiring	Wed Aug 26 14:11:25 +0000 2015
TMJ-NET Jobs	Accenture #Insurance #Job: Junior Consultant Finance &amp; Risk Management (#Amsterdam) http://t.co/rHyRiGdBPb #Jobs #Hiring #CareerArc	Sun Sep 20 15:48:22 +0000 2015
Hilton EMEA	#TheHague #Finance : Cluster Director of Business Development (Hilton The Hague, Hilton Garden Inn... at Hilton UK http://t.co/lwpTdtX5Qu	Fri Oct 02 20:05:16 +0000 2015
Accenture in BeLux	If you're a #Finance professional in #Brussels, check out this #job: http://t.co/JECjDA4ppJ #Hiring	Fri Oct 09 09:47:37 +0000 2015
Global Jobs	Can you recommend anyone for this #job? Internship - Finance (from February 2016) - http://t.co/obKXmIvK8U #Rotterdam #Accounting #Hiring	Tue Oct 13 20:12:44 +0000 2015
Accenture in BeLux	#Brussels #Finance #Job: Technical Consultant - Financial Services at Accenture https://t.co/Lw1FxjxTGl #Jobs #Hiring	Mon Oct 26 15:52:04 +0000 2015
Jobs at Equinix	We're #hiring! Click to apply: Project Management Office Specialist (Finance) - https://t.co/hOrmWHjmII #ProjectMgmt #Amsterdam #Job #Jobs	Wed Oct 28 21:32:30 +0000 2015
TMJ-BEL Mgmt. Jobs	Accenture: Finance Transformation Senior Manager (#Brussels) http://t.co/1QxU1d61ht #BusinessMgmt #Job #Jobs #TweetMyJobs	Tue Mar 10 14:10:18 +0000 2015
TMJ-BEL Mgmt. Jobs	Finance Transformation Senior Manager - Accenture: (#Brussels) http://t.co/3nIFnPc8Wr #BusinessMgmt #Job #Jobs #TweetMyJobs	Sun Mar 22 08:43:05 +0000 2015
Accenture in BeLux	#BusinessMgmt #Job alert: Finance Transformation Senior Manager | Accenture | #Brussels http://t.co/ffxLjx59f2 #Jobs	Tue Apr 07 12:13:36 +0000 2015
Hilton EMEA	#Accounting #Job in #Oegstgeest: Internship - Finance (Dutch speaking) - July 2015 at Hilton UK http://t.co/WtdKbEcunc #Jobs #Hiring	Wed May 06 08:24:14 +0000 2015
Jobs at Equinix	This #Finance #job might be a great fit for you: Financial Planning and Analysis Director - http://t.co/XkBON27Bfp #Amsterdam #Hiring	Fri Jul 24 01:00:55 +0000 2015
TMJ-BEL Mgmt. Jobs	We're #hiring! Read about our latest #job opening here: Finance Transformation Senior Manager - http://t.co/mzdhFpFPti #Brussels #CareerArc	Thu Jul 30 07:08:11 +0000 2015
TMJ-NET Advert. Jobs	#Amsterdam #Marketing #Job: (Senior) Consultant Finance &amp; Enterprise Performance – Communications,... at Accenture http://t.co/jluPv3KY1G	Sat Aug 22 08:21:14 +0000 2015
TMJ-NET Jobs	Accenture #Insurance #Job: Consultant Finance &amp; Risk Management (#Amsterdam) http://t.co/69Udq3ha72 #Jobs #Hiring #CareerArc	Wed Aug 26 14:48:19 +0000 2015
TMJ-NET Advert. Jobs	Can you recommend anyone for this #job? (Senior) Consultant Finance &amp; Enterprise Performance – Communications,... - http://t.co/jluPv3KY1G	Sun Sep 13 14:13:14 +0000 2015
TMJ-NET Advert. Jobs	Accenture #Marketing : (Senior) Consultant Finance &amp; Enterprise Performance – Communications, Media... (#Amsterdam) http://t.co/jluPv3KY1G	Wed Oct 14 12:22:59 +0000 2015
Accenture in BeLux	#Finance #Job alert: Finance Transformation Manager | Accenture | #Brussels http://t.co/aNLsamyPfq #Jobs #Hiring	Fri Oct 16 16:33:29 +0000 2015
Hilton EMEA	We're #hiring! Click to apply: Internship - Finance (from February 2016) - https://t.co/Z8TMxs0YeR #Accounting #Rotterdam #Job #Jobs	Wed Oct 28 08:33:23 +0000 2015
Accenture in BeLux	We're #hiring! Click to apply: Finance Transformation Manager - https://t.co/aNLsamyPfq #Finance #Brussels #Job #Jobs	Wed Oct 28 11:15:07 +0000 2015
TMJ-BEL Mgmt. Jobs	#BusinessMgmt #Job in #Brussels: Finance Transformation Senior Manager at Accenture http://t.co/1QxU1d61ht #Jobs #TweetMyJobs	Thu Mar 05 07:24:25 +0000 2015
VMware Jobs	#TweetMyJobs #Finance #Job alert: License Compliance Engagement Manager | VMware | #Utrecht http://t.co/5RYwzR3gxd #Jobs	Thu Mar 19 16:14:32 +0000 2015
TMJ-NET Jobs	#Almere #internship #Job: Afstudeerstage - Strong in Finance BI at Accenture http://t.co/qrC1YfmRSx #Jobs #Hiring #TweetMyJobs	Sat Jul 18 12:15:03 +0000 2015
TMJ-BEL Mgmt. Jobs	See our latest #Vilvoorde #job and click to apply: Finance Cloud Adoption - Senior Principal Consultant - http://t.co/8F9MtxJl08 #Hiring	Tue Jul 21 10:17:37 +0000 2015
TMJ-NET Advert. Jobs	(Senior) Consultant Finance &amp; Enterprise Performance – Communications,... - Accenture: (#Amsterdam) http://t.co/jluPv3KY1G #Marketing #Job	Mon Sep 07 11:32:10 +0000 2015
Accenture in BeLux	We're #hiring! Read about our latest #job opening here: Finance Transformation Senior Manager - http://t.co/bcsErGeNbB #Brussels	Thu Sep 24 12:12:30 +0000 2015
Accenture in BeLux	#Brussels #BusinessMgmt #Job: Finance Transformation Senior Manager at Accenture http://t.co/adDz71eY3l #Jobs #Hiring	Thu Oct 08 10:29:35 +0000 2015
Accenture in BeLux	Accenture #BusinessMgmt #Job: Finance Transformation Senior Manager (#Brussels) http://t.co/Im5eAK4OM4 #Jobs #TweetMyJobs	Sun Jan 25 11:07:45 +0000 2015
TMJ-BEL Mgmt. Jobs	#BusinessMgmt #Job alert: EMEA Finance Cloud Adoption Capability Lead | Oracle | #Vilvoorde http://t.co/xs1XnGNNgQ #Jobs #Hiring	Sun May 24 06:00:08 +0000 2015
TMJ-BEL Mgmt. Jobs	#BusinessMgmt #Job alert: Finance Cloud Adoption - Senior Principal Consultant | Oracle | #Vilvoorde http://t.co/elkV5tWYZy #Jobs #Hiring	Sun Jun 21 09:09:56 +0000 2015
TMJ-NET Jobs	Accenture #internship #Job: Afstudeerstage - Strong in Finance BI (#Almere) http://t.co/qrC1YfmRSx #Jobs #Hiring #TweetMyJobs	Sun Jul 05 14:06:08 +0000 2015
TMJ-BEL Mgmt. Jobs	Oracle: Finance Cloud Adoption - Senior Principal Consultant (#Vilvoorde) http://t.co/8F9MtxJl08 #BusinessMgmt #Job #Jobs #Hiring	Thu Jul 09 14:17:44 +0000 2015
TMJ-BEL Mgmt. Jobs	We're #hiring! Read about our latest #job opening here: Finance Cloud Adoption - Senior Principal Consultant - http://t.co/mrZWfZf4TG	Sat Aug 29 15:37:11 +0000 2015
Accenture in BeLux	We're #hiring! Click to apply: Consultant with experience in Financial Services (Lux) - http://t.co/DGZqt7zyp4 #Finance #Brussels #Job	Tue Sep 08 09:54:41 +0000 2015
Jobs at Equinix	Equinix #Finance #Job: Financial Planning and Analysis Director (#Amsterdam) http://t.co/XkBON27Bfp #Jobs #Hiring	Mon Sep 14 11:44:45 +0000 2015
Accenture in BeLux	We're #hiring! Click to apply: Finance Transformation Senior Manager - http://t.co/adDz71eY3l #BusinessMgmt #Brussels #Job #Jobs	Wed Oct 14 08:22:07 +0000 2015
Accenture in BeLux	#Brussels #Finance : Distribution and Marketing Consultant with experience in Financial Services... at Accenture https://t.co/3xbAu9w2AN	Fri Oct 23 07:40:45 +0000 2015
TMJ-BEL Mgmt. Jobs	Finance Transformation Senior Manager - Accenture: (#Brussels) http://t.co/vJvzm7pct1 #BusinessMgmt #Job #Jobs #TweetMyJobs	Thu Jan 01 14:55:08 +0000 2015
Global Jobs	Hilton UK: Internship - Finance (administrative) from September 2015 til... (#Soestduinen) http://t.co/t3cBM4gjlh #Accounting #Job	Mon Feb 23 16:09:40 +0000 2015
TMJ-BEL Mgmt. Jobs	Oracle: EMEA Finance Cloud Adoption Capability Lead (#Vilvoorde) http://t.co/xs1XnGNNgQ #BusinessMgmt #Job #Jobs #Hiring #TweetMyJobs	Wed May 06 14:25:31 +0000 2015
Hilton EMEA	This #Accounting #job might be a great fit for you: Internship - Finance (Dutch speaking) - January 2016 - http://t.co/tRY74AgNgi #Hiring	Mon Jul 27 11:43:05 +0000 2015
Accenture in BeLux	If you're a #Finance professional in #Brussels, check out this #job: http://t.co/fdldglNrc2 #Hiring	Fri Sep 25 17:00:23 +0000 2015
Accenture in BeLux	Accenture: Distribution and Marketing Consultant with experience in Financial Services... (#Brussels) http://t.co/3xbAu9w2AN #Finance #Job	Sat Oct 17 10:21:07 +0000 2015
TMJ-NET IT PM Jobs	#ProjectMgmt #Job alert: Project Management Office Specialist (Finance) | Equinix | #Amsterdam https://t.co/RjsQQIrQ3e #Jobs #Hiring	Sun Nov 01 10:30:39 +0000 2015
TMJ-BEL Mgmt. Jobs	#BusinessMgmt #Job in #Brussels: Finance Transformation Senior Manager at Accenture http://t.co/1QxU1d61ht #Jobs #TweetMyJobs	Tue Feb 10 07:05:27 +0000 2015
Accenture in BeLux	#BusinessMgmt #Job alert: Finance Transformation Senior Manager | Accenture | #Brussels http://t.co/ffxLjx59f2 #Jobs	Sun Mar 08 13:10:07 +0000 2015
Global Jobs	#Accounting #Job in #Brussels: Finance Controller/Manager at Hilton UK http://t.co/HuCyuBims3 #Jobs #Hiring	Sat Apr 25 09:09:07 +0000 2015
Hilton EMEA	#Accounting #Job alert: Internship - Finance (Dutch speaking) - July 2015 | Hilton UK | #Oegstgeest http://t.co/WtdKbEu5eK #Jobs #Hiring	Tue May 12 20:43:17 +0000 2015
Hilton EMEA	#Rotterdam #Accounting #Job: Internship - Finance at Hilton UK http://t.co/8qHqviAzkS #Jobs #Hiring	Thu May 21 19:31:05 +0000 2015
TMJ-BEL Mgmt. Jobs	#BusinessMgmt #Job in #Brussels: Finance Transformation Senior Manager at Accenture http://t.co/3nIFnPc8Wr #Jobs #Hiring #TweetMyJobs	Sun Jul 05 10:17:37 +0000 2015
TMJ-NET Jobs	Accenture #internship : Afstudeerstage - Strong in FiAfstudeerstage - Strong in Finance BI using Java... (#Almere) http://t.co/84dx3Op4mW	Tue Aug 18 10:19:31 +0000 2015
TMJ-BEL Mgmt. Jobs	Finance Cloud Adoption - Senior Principal Consultant - Oracle: (#Vilvoorde) http://t.co/YlzKxTfORv #BusinessMgmt #Job #Jobs #Hiring	Sat Aug 29 14:25:01 +0000 2015
TMJ-BEL Mgmt. Jobs	#BusinessMgmt #Job alert: Finance Cloud Adoption - Senior Principal Consultant | Oracle | #Vilvoorde http://t.co/cqEbK3pHmM #Jobs #Hiring	Wed Sep 02 12:06:44 +0000 2015
Accenture in BeLux	Consultant with experience in Financial Services (Lux) - Accenture: (#Brussels) http://t.co/DGZqt7zyp4 #Finance #Job #Jobs #Hiring	Thu Oct 15 16:32:58 +0000 2015
TMJ-NET Jobs	See our latest #Amsterdam #job and click to apply: Consultant Finance &amp; Risk Management - https://t.co/69Udq3ha72 #Insurance #Hiring	Fri Oct 23 06:01:14 +0000 2015
Hilton EMEA	Internship - Finance (administrative) from September 2015 t... - Hilton UK: (#Soestduinen) http://t.co/l4QFnHKDBO #Accounting #Job	Thu Mar 12 23:08:53 +0000 2015
Hilton EMEA	#Oegstgeest #Accounting #Job: Internship - Finance (Dutch speaking) - July 2015 at Hilton UK http://t.co/IcIX5Ob0Xy #Jobs	Tue Mar 31 23:23:27 +0000 2015
TMJ-BEL Mgmt. Jobs	Accenture: Finance Transformation Senior Manager (#Brussels) http://t.co/3nIFnPc8Wr #BusinessMgmt #Job #Jobs #Hiring #TweetMyJobs	Sat May 02 10:48:28 +0000 2015
TMJ-BEL Mgmt. Jobs	#BusinessMgmt #Job in #Vilvoorde: Finance Cloud Adoption - Senior Principal Consultant at Oracle http://t.co/irScVPEwcG #Jobs #Hiring	Wed May 06 10:48:29 +0000 2015
Hilton EMEA	We are now #Hiring for a Internship - Finance. Click here to apply: http://t.co/8qHqviAzkS #Job #Jobs #Hiring	Thu May 28 18:21:39 +0000 2015
Accenture in BeLux	#Brussels #BusinessMgmt #Job: Finance Transformation Senior Manager at Accenture http://t.co/UixMinuPQZ #Jobs #Hiring	Thu Jun 04 07:00:10 +0000 2015
Accenture in BeLux	If you're in #Finance and want to work at Accenture, check out this #job: http://t.co/yxqyDURTXs #Brussels #Hiring	Sat Jun 13 13:32:04 +0000 2015
TMJ-NET Jobs	Accenture #Insurance #Job: Consultant Finance &amp; Risk Management (#Amsterdam) http://t.co/6jscIacFZL #Jobs #Hiring #TweetMyJobs	Thu Jul 02 10:06:00 +0000 2015
TMJ-BEL Mgmt. Jobs	Oracle: Finance Cloud Adoption - Senior Principal Consultant (#Vilvoorde) http://t.co/YlzKxTfORv #BusinessMgmt #Job #Jobs #Hiring	Fri Aug 07 10:37:23 +0000 2015
TMJ-NET Jobs	We're #hiring! Click to apply: Afstudeerstage - Strong in FiAfstudeerstage - Strong in Finance BI using Java... - http://t.co/84dx3Op4mW	Sun Aug 30 10:18:44 +0000 2015
TMJ-NET Jobs	Afstudeerstage - Strong in FiAfstudeerstage - Strong in Finance BI using Java... - Accenture: (#Almere) http://t.co/84dx3Op4mW #internship	Sat Sep 05 11:46:19 +0000 2015
Jobs at Equinix	Want to work at Equinix? We're #hiring in #Amsterdam! Click for details: http://t.co/pCFjjPROfk #Finance #Job #Jobs	Thu Sep 24 22:45:42 +0000 2015
AEIDL	Nouveau label d’excellence pour le financement de la recherche à l'échelon régional: (12 octobre… http://t.co/7frOJR0mrt #aeidl #local	Mon Oct 12 13:37:07 +0000 2015
Accenture in BeLux	Finance Transformation Senior Manager - Accenture: (#Brussels) http://t.co/Im5eAK4OM4 #BusinessMgmt #Job #Jobs #TweetMyJobs	Thu Jan 01 15:21:42 +0000 2015
VMware Jobs	#Utrecht #Finance #Job: License Compliance Engagement Manager at VMware http://t.co/5RYwzR3gxd #Jobs #TweetMyJobs	Wed Feb 18 01:19:01 +0000 2015
Accenture in BeLux	#BusinessMgmt #Job in #Brussels: Finance Transformation Senior Manager at Accenture http://t.co/ffxLjx59f2 #Jobs #TweetMyJobs	Sat Mar 14 14:18:04 +0000 2015
Accenture in BeLux	#BusinessMgmt #Job alert: Finance Transformation Senior Manager | Accenture | #Brussels http://t.co/ffxLjx59f2 #Jobs	Wed Apr 01 13:09:10 +0000 2015
Accenture in BeLux	Accenture #BusinessMgmt #Job: Finance Transformation Senior Manager (#Brussels) http://t.co/UixMinuPQZ #Jobs #Hiring	Sat Apr 18 10:53:28 +0000 2015
Global Jobs	#Oegstgeest #Accounting #Job: Internship - Finance (Dutch speaking) - July 2015 at Hilton UK http://t.co/ynGJq9BO2C #Jobs #Hiring	Fri May 08 02:28:17 +0000 2015
TMJ-NET Jobs	Can you recommend anyone for this #job? Consultant Finance &amp; Risk Management - http://t.co/6jscIacFZL #Amsterdam #Insurance #Hiring	Fri Jun 26 06:01:07 +0000 2015
Hilton EMEA	Internship - Finance (Dutch speaking) - July 2015 - Hilton UK: (#Oegstgeest) http://t.co/L4yWkt7YPm #Accounting #Job #Jobs #Hiring	Sun Jul 05 13:27:23 +0000 2015
TMJ-NET Advert. Jobs	#Amsterdam #Marketing #Job: (Senior) Consultant Finance &amp; Enterprise Performance – Communications,... at Accenture http://t.co/jluPv3KY1G	Mon Oct 05 06:10:03 +0000 2015
TMJ-NET IT PM Jobs	Equinix #ProjectMgmt #Job: Project Management Office Specialist (Finance) (#Amsterdam) http://t.co/RjsQQIrQ3e #Jobs #Hiring #CareerArc	Thu Oct 08 10:59:12 +0000 2015
TMJ-NET Jobs	#Insurance #Job in #Amsterdam: Junior Consultant Finance &amp; Risk Management at Accenture http://t.co/rHyRiGdBPb #Jobs #Hiring #CareerArc	Sat Oct 17 11:35:41 +0000 2015
Accenture in BeLux	Accenture: Finance Transformation Senior Manager (#Brussels) http://t.co/UixMinuPQZ #BusinessMgmt #Job #Jobs #Hiring	Fri Apr 24 07:00:12 +0000 2015
Hilton EMEA	Hilton UK: Internship - Finance (Dutch speaking) - July 2015 (#Oegstgeest) http://t.co/WtdKbEu5eK #Accounting #Job #Jobs #Hiring	Tue May 26 05:17:12 +0000 2015
TMJ-BEL Mgmt. Jobs	We're #hiring! Read about our latest #job opening here: Finance Cloud Adoption - Senior Consultant - http://t.co/b0fcZyejwx #Vilvoorde	Wed Jul 01 11:53:09 +0000 2015
TMJ-NET Jobs	Accenture #Insurance #Job: Consultant Finance &amp; Risk Management (#Amsterdam) http://t.co/69Udq3ha72 #Jobs #Hiring #CareerArc	Mon Sep 14 10:41:39 +0000 2015
4-freelancers.nl	#Applicatiebeheer APPLICATIEBEHEERDER (SQL / ORACLE / XML) - ORGANISATIE Finance FUNCTIE De werkzaamheden bestaan... http://t.co/bxyQDvidti	Tue Sep 22 13:38:05 +0000 2015
TMJ-NET Advert. Jobs	#Marketing in #Amsterdam: (Senior) Consultant Finance &amp; Enterprise Performance – Communications,... at Accenture https://t.co/jluPv3KY1G	Mon Oct 26 07:10:10 +0000 2015
TMJ-NET Jobs	This #Insurance #job might be a great fit for you: Junior Consultant Finance &amp; Risk Management - https://t.co/rHyRiGdBPb #Amsterdam #Hiring	Sat Oct 31 09:44:49 +0000 2015
Accenture in BeLux	#BusinessMgmt #Job in #Brussels: Finance Transformation Senior Manager at Accenture http://t.co/UixMinuPQZ #Jobs #Hiring	Mon May 11 11:24:51 +0000 2015
Accenture in BeLux	Accenture: Distribution and Marketing Consultant with experience in Financial... (#Brussels) http://t.co/yxqyDURTXs #Finance #Job #Jobs	Tue May 26 13:37:19 +0000 2015
Accenture in BeLux	Finance Transformation Senior Manager - Accenture: (#Brussels) http://t.co/UixMinuPQZ #BusinessMgmt #Job #Jobs #Hiring	Sat Jun 27 11:05:08 +0000 2015
Accenture in BeLux	We're #hiring! Click to apply: Finance Transformation Senior Manager - http://t.co/adDz71eY3l #BusinessMgmt #Brussels #Job #Jobs	Sat Sep 12 17:40:28 +0000 2015
Jobs at Equinix	Can you recommend anyone for this #Finance #job? http://t.co/Kuu5aFdBJo #Amsterdam #Hiring	Fri Sep 18 03:23:20 +0000 2015
TMJ-BEL Mgmt. Jobs	See our latest #Vilvoorde #job and click to apply: Finance Cloud Adoption - Senior Principal Consultant - http://t.co/EQi8zzyxos #Hiring	Thu Sep 24 14:21:28 +0000 2015
Jobs at Equinix	#ProjectMgmt #Job alert: Project Management Office Specialist (Finance) | Equinix | #Amsterdam http://t.co/hOrmWHjmII #Jobs #Hiring	Tue Oct 06 00:47:33 +0000 2015
Hilton EMEA	#Soestduinen #Accounting #Job: Internship - Finance (administrative) from February 2016 till July 2016 at Hilton UK http://t.co/fvPUe5xt6G	Sat Oct 17 11:27:47 +0000 2015
Hilton EMEA	#TweetMyJobs #Finance #Job alert: Reservations Agent | Hilton UK | #Amsterdam http://t.co/HadBXSBR7m #Jobs #Hiring	Sat Apr 11 13:34:53 +0000 2015
Hilton EMEA	Hilton UK #Finance #Job: Reservations Agent (#Amsterdam) http://t.co/HadBXSBR7m #Jobs #Hiring	Sat Apr 25 18:59:35 +0000 2015
TMJ-NET Jobs	We're #hiring! Click to apply: Junior Consultant Finance &amp; Risk Management - http://t.co/SrnOdL5wji #Insurance #Amsterdam #Job #Jobs	Tue Jul 21 13:19:37 +0000 2015
Jobs at Equinix	#Finance #Job alert: Revenue Accounting Analyst | Equinix | #Amsterdam http://t.co/Kuu5aFdBJo #Jobs #Hiring	Thu Aug 13 15:31:37 +0000 2015
Jobs at Equinix	Join the Equinix team! See our latest #Finance #job opening here: http://t.co/Kuu5aFdBJo #Amsterdam #Hiring	Fri Sep 04 00:31:20 +0000 2015
4-freelancers.nl	#Projectmanagement SAP Top Finance Projectcoördinator, 24 u p/w, BTIT9107 - BlueTrail is op zoek naar een SAP Top... http://t.co/VvPgLSNaR3	Fri Sep 11 09:19:28 +0000 2015
TMJ-BEL Mgmt. Jobs	EMEA Finance Cloud Adoption Capability Lead - Oracle: (#Vilvoorde) http://t.co/Lxyf0i6LAh #BusinessMgmt #Job #Jobs #Hiring #CareerArc	Tue Sep 15 11:31:36 +0000 2015
TMJ-NET Jobs	Accenture #internship : Afstudeerstage - Strong in FiAfstudeerstage - Strong in Finance BI using Java... (#Almere) http://t.co/84dx3Op4mW	Wed Sep 23 14:39:50 +0000 2015
Jobs at Equinix	Interested in a #Finance #job near #Amsterdam? This could be a great fit: https://t.co/rRrTNnZxzv #Hiring	Sun Nov 01 08:25:27 +0000 2015
Accenture in BeLux	Accenture: Finance Transformation Senior Manager (#Brussels) http://t.co/UixMinuPQZ #BusinessMgmt #Job #Jobs #Hiring	Sun May 17 07:53:46 +0000 2015
TMJ-BEL Mgmt. Jobs	#BusinessMgmt #Job in #Vilvoorde: Finance Cloud Adoption - Senior Principal Consultant at Oracle http://t.co/irScVPEwcG #Jobs #Hiring	Thu Jun 04 12:47:29 +0000 2015
TMJ-BEL Mgmt. Jobs	#Vilvoorde #BusinessMgmt #Job: Finance Cloud Adoption - Senior Principal Consultant at Oracle http://t.co/8F9MtxJl08 #Jobs #Hiring	Tue Jun 09 07:54:47 +0000 2015
Jobs at Equinix	If you're a #Finance professional in #Amsterdam, check out this #job: http://t.co/5ZmnbtlRRr #Hiring	Sun Jul 26 01:57:32 +0000 2015
Accenture in BeLux	See our latest #Brussels #job and click to apply: Finance Transformation Senior Manager - http://t.co/adDz71eY3l #BusinessMgmt #Hiring	Sun Jul 26 14:54:40 +0000 2015
TMJ-BEL Mgmt. Jobs	Accenture: Finance Transformation Senior Manager (#Brussels) http://t.co/mzdhFpFPti #BusinessMgmt #Job #Jobs #Hiring #CareerArc	Wed Aug 05 07:06:58 +0000 2015
TMJ-NET Advert. Jobs	This #Marketing #job might be a great fit for you: (Senior) Consultant Finance &amp; Enterprise Performance –... - http://t.co/jluPv3KY1G	Wed Aug 05 14:36:19 +0000 2015
Jobs at Equinix	Can you recommend anyone for this #job? Revenue Accounting Analyst - https://t.co/2EpuhxpQ1G #Amsterdam #Finance #Hiring	Wed Oct 21 09:50:49 +0000 2015
Accenture in BeLux	This #Finance #job might be a great fit for you: Distribution and Marketing Consultant with experience in... - https://t.co/3xbAu9w2AN	Wed Oct 28 16:55:06 +0000 2015
Hilton EMEA	#Accounting #Job alert: Internship - Finance (Dutch speaking) - July 2015 | Hilton UK | #Oegstgeest http://t.co/IcIX5Ob0Xy #Jobs	Tue Mar 17 00:25:57 +0000 2015
Accenture in BeLux	#BusinessMgmt #Job alert: Finance Transformation Senior Manager | Accenture | #Brussels http://t.co/ffxLjx59f2 #Jobs	Thu Mar 26 13:39:26 +0000 2015
TMJ-BEL Mgmt. Jobs	Oracle: EMEA Finance Cloud Adoption Capability Lead (#Vilvoorde) http://t.co/xs1XnGNNgQ #BusinessMgmt #Job #Jobs #Hiring #TweetMyJobs	Tue May 12 09:36:35 +0000 2015
TMJ-BEL Mgmt. Jobs	#Vilvoorde #BusinessMgmt #Job: Finance Cloud Adoption - Senior Principal Consultant at Oracle http://t.co/8F9MtxJl08 #Jobs #Hiring	Mon Jun 15 10:46:31 +0000 2015
TMJ-NET Jobs	#Amsterdam #Insurance #Job: Junior Consultant Finance &amp; Risk Management at Accenture http://t.co/rHyRiGdBPb #Jobs #Hiring #CareerArc	Mon Aug 03 11:21:29 +0000 2015
TMJ-BEL Mgmt. Jobs	Oracle: Finance Cloud Adoption - Senior Principal Consultant (#Vilvoorde) http://t.co/cqEbK3pHmM #BusinessMgmt #Job #Jobs #Hiring	Mon Aug 17 07:12:11 +0000 2015
Accenture in BeLux	#Finance in #Brussels: Distribution and Marketing Consultant with experience in Financial Services... at Accenture http://t.co/3xbAu9w2AN	Mon Aug 17 12:05:26 +0000 2015
TMJ-NET IT PM Jobs	#ProjectMgmt #Job alert: Project Management Office Specialist (Finance) | Equinix | #Amsterdam http://t.co/RjsQQIrQ3e #Jobs #Hiring	Fri Oct 02 12:59:06 +0000 2015
Jobs at Equinix	Revenue Accounting Analyst - Equinix: (#Amsterdam) https://t.co/2EpuhxpQ1G #Finance #Job #Jobs #Hiring	Mon Oct 26 11:16:18 +0000 2015
TMJ-NET Jobs	See our latest #Amsterdam #job and click to apply: Consultant Finance &amp; Risk Management - https://t.co/69Udq3ha72 #Insurance #Hiring	Fri Oct 30 12:26:53 +0000 2015
