STEM techniek(coach)	“@metrobelgie: De Block wil meer mobiele gezondheidszorg http://t.co/xh9bMnWzGL” #STEM #jobs needed for #mobile #healthcare #apps @CoderDojo	Sun Mar 15 18:00:23 +0000 2015
HTSR UTwente	Werken als docent? @UTwenteHTSR @utwente zie onze #vacature http://t.co/S7ISK2JZBt #epidemiologie #medicaltechnologyassessment	Fri Jun 26 11:36:32 +0000 2015
Sippy van Akker	RT @NLSLMN: "@Kaypeter: Wie komt ons team versterken? Senior Corporate Recruiter #vacature #Zoetermeer #FMCG #Medical #vast https://t.co/WO…	Tue Jan 06 12:25:11 +0000 2015
digitalejobs	RT @mbajobs_health: Business #strategy #director: Wolters Kluwer, Hudson, OH. http://t.co/XRlrRCaF16 #MBA #jobs #Healthcare	Sun Apr 12 11:21:01 +0000 2015
Jan Bernhart	RT @Kaypeter: Wie o wie komt ons groeiende team versterken? Senior Corporate Recruiter #vacature #Zoetermeer #FMCG #Medical #vast https://t…	Mon Jan 05 15:04:17 +0000 2015
Joël Meijer	RT @Kaypeter: Wie o wie komt ons groeiende team versterken? Senior Corporate Recruiter #vacature #Zoetermeer #FMCG #Medical #vast https://t…	Mon Jan 05 20:22:24 +0000 2015
ikbeninterim.nl	RT @hansslobbe: k zk n fntstsch leuke tdgnd nw bn mt lk cllgs, t lfst ldnggvnd #vacature #beschikbaar #salesmanagement #healthcare #farmace…	Fri Mar 06 06:44:24 +0000 2015
Rolf Egberink	RT @UTwenteHTSR: Werken als docent? @UTwenteHTSR @utwente zie onze #vacature http://t.co/S7ISK2JZBt #epidemiologie #medicaltechnologyassess…	Fri Jun 26 18:16:49 +0000 2015
Tesla Duo Group	★ NEW JOB ★ #werk SUPERVISOR GLOBAL REGULATORY AFFAIRS (M/V) https://t.co/rsP9ROZ0G6 ☜ bekijk details #jobs #pharmaceutical Geel #Belgie	Wed Aug 05 18:28:45 +0000 2015
vacatures Megajobs	#zoektwerk #vacature Manager Product Process Development bij Abbott #Groningen #engineering #processdev #healthcare  http://t.co/DE5CbPTaSM	Thu Aug 27 10:15:03 +0000 2015
Linda Roosens	RT @filipbaessens: #vacature #sales #medical onze collega's van @XPEpharmaS zoeken een #representative voor de regio #kortrijk http://t.co/…	Mon May 04 12:59:42 +0000 2015
Vacatureshare	#Vacature Manager Product Process Development bij Abbott #Groningen #vacatures #processdev #healthcare #engineering http://t.co/bWo4MVWt2J	Tue Aug 04 14:18:12 +0000 2015
RonaldEvers	#NSR is op zoek naar 2 Account Managers #Healthcare ( #vacature #ict #sales #zorg #nextstep ). Ligt uw achtergrond i…http://standaarden.en	Wed Sep 30 18:48:14 +0000 2015
Jobs Enschede	#Docent/Onderzoeker: #Medical Sensing &amp; Stimulation nodig! #jobs https://t.co/Ki6pLyPAxc https://t.co/iCr6AjYIpp	Sat Oct 31 09:45:06 +0000 2015
Joyce 	RT @Kaypeter: Wie o wie komt ons groeiende team versterken? Senior Corporate Recruiter #vacature #Zoetermeer #FMCG #Medical #vast https://t…	Mon Jan 05 14:27:54 +0000 2015
Eve	RT @Kaypeter: Wie o wie komt ons groeiende team versterken? Senior Corporate Recruiter #vacature #Zoetermeer #FMCG #Medical #vast https://t…	Mon Jan 05 16:15:31 +0000 2015
Eddy Lezer	RT @Kaypeter: Wie o wie komt ons groeiende team versterken? Senior Corporate Recruiter #vacature #Zoetermeer #FMCG #Medical #vast https://t…	Tue Jan 06 04:14:32 +0000 2015
Jobs Leiden	Solliciteer nu om voor Ajilon te werken, als #Medical #/ Scientific Senior Writer in #Leiden #jobs  http://t.co/Wop7WDIvZ7	Thu Oct 01 05:15:37 +0000 2015
Healthcare Jobs	#healthcare #jobs Occupational Therapist / OT 13 Week Temp. Assign. IN/OP Setting http://t.co/0G3Ii8wWML	Thu Jan 15 01:33:10 +0000 2015
Pieter	Werkgever gezocht! Nu nog project van nog 1 mnd, beschikbaar vanaf 1 sept. #ziekenhuis #zorginstelling #wondzorg #medicaldevice #vacature	Thu Aug 06 13:04:18 +0000 2015
Jobs Rotterdam	Solliciteer nu om voor Real Staffing Group te werken, als #ProductSpecialist #Medical Devices in #Rotterdam #jobs  http://t.co/UkAzSc4zwX	Mon Sep 07 23:24:51 +0000 2015
Anita Janse	#vacature: #officemanager #medical scientific society in #Amsterdam. Iets voor jou? #secretaresse #officemanager http://t.co/L0qltW6b1t	Thu Oct 15 07:27:10 +0000 2015
Fiona Stoop ✨	RT @Janse_A: #vacature: #officemanager #medical scientific society in #Amsterdam. Iets voor jou? #secretaresse #officemanager http://t.co/L…	Thu Oct 15 07:28:17 +0000 2015
karify	We zoeken een #DevOps Engineer voor @karify. Word deel van een hecht dev-team. #vacature #jobs #healthcare #utrecht http://t.co/BkxcKntDPJ	Tue Jul 07 11:31:45 +0000 2015
Jobs Nuremberg	Scherer Ingenieure sucht jemanden als #Systemingenieur #Healthcare (m/w) in #Nuremberg #jobs http://t.co/rpG8BOb5AY	Mon Aug 03 00:52:24 +0000 2015
Vacatureshare	#zoektwerk #vacature Manager Product Process Development bij Abbott #Groningen #engineering #processdev #healthcare  http://t.co/bWo4MVWt2J	Mon Aug 10 07:05:45 +0000 2015
uktemps : jobs	#healthcare #jobs Exeter - Healthcare Assistant full Time: Our Community Healthcare Assistants are als... http://t.co/QNlz4UDOgx #Exeter	Tue Mar 17 20:15:19 +0000 2015
Vacaturestream.nl	RT @vacatures_nr1: #Vacature Manager Product Process Development bij Abbott #Groningen #vacatures #processdev #healthcare #engineering http…	Fri Jul 31 09:22:57 +0000 2015
RonaldEvers	#NSR is op zoek naar 2 Account Managers #Healthcare ( #vacature #ict #sales #zorg #nextstep ). Ligt uw achtergrond o…https://t.co/doiQpxqoo7	Thu Sep 24 12:55:30 +0000 2015
Kay Goedhardt	Wie o wie komt ons groeiende team versterken? Senior Corporate Recruiter #vacature #Zoetermeer #FMCG #Medical #vast https://t.co/oyNTmNKRYH	Mon Jan 05 14:27:30 +0000 2015
Medical Jobs	#medical #jobs Occupational Therapist / OT 13 Week Temp. Assign. IN/OP Setting http://t.co/Lz0jDDsirM	Thu Jan 15 01:33:23 +0000 2015
Ramon van de Werken	@NLzoektwerk een zeer mooie #job opportunity. Morgen ochtend eerst deze #medical #vacature eens voor de 2x #screenen http://t.co/5WLunIAuTZ	Wed Feb 18 22:30:52 +0000 2015
i³ groep	Om de groei in ons #Healthcare team het hoofd te bieden zoeken wij een presales Vendor Neutral Archive http://t.co/gnE9chyPZv #VNA #vacature	Tue Jun 02 11:23:41 +0000 2015
Annelies Veldman	RT @UTwenteHTSR: Werken als docent? @UTwenteHTSR @utwente zie onze #vacature http://t.co/S7ISK2JZBt #epidemiologie #medicaltechnologyassess…	Sat Jul 04 17:34:21 +0000 2015
Patty Robins	#DADAConsultancy is #hiring!! #Pharmacovigilance #vacature #medical Spread the word please. https://t.co/WZj8cc9JiR	Sat Sep 05 20:57:02 +0000 2015
Marijuana	http://t.co/BdgAbaXY9w #vacature: #officemanager #medical scientific society in #Amsterdam. Iets voor jou? #secretaresse #officemanager …	Thu Oct 15 07:29:59 +0000 2015
Marijuana	http://t.co/BdgAbaXY9w RT Janse_A: #vacature: #officemanager #medical scientific society in #Amsterdam. Iets voor jou? #secretaresse #off…	Thu Oct 15 07:30:14 +0000 2015
Jobs Rotterdam	Real Staffing Group is op zoek naar #ProductSpecialist #Medical Devices in #Rotterdam, solliciteer nu! #jobs http://t.co/8DIugG54jP	Thu Sep 03 22:24:55 +0000 2015
Jan Willem Elffers	RT @DesireePaalvast: Leiders van de Toekomst (Bedrijfsleider in Opleiding) To have a significant impact on #healthcare #vacature  Zie http:…	Wed Oct 07 16:29:40 +0000 2015
Jobs Utrecht (Stad)	Celgene Corporation is op zoek naar #Medical #Information Specialist Job in #Utrecht(Stad), solliciteer nu! #jobs https://t.co/zOseg8IOc1	Tue Oct 27 14:50:21 +0000 2015
vacatures Megajobs	#Vacature Manager Product Process Development bij Abbott #Groningen #productdev #processdev #healthcare #engineering http://t.co/DE5CbPTaSM	Thu Aug 06 09:53:39 +0000 2015
Healthcare Jobs	#healthcare #jobs Occupational Therapist / OT 13 Week Temp. Assign. IN/OP Setting http://t.co/RxFPTpPTKp	Thu Jan 15 01:33:07 +0000 2015
FindMyDreamJob	#jobs #healthcare #medicine EXPERIENCED REGISTERED GENERAL NURSE REQUIRED LICHFIELD £12.00 per hou http://t.co/TFdouulsc5	Wed Apr 01 11:35:55 +0000 2015
Vacatureshare	#zoektwerk #vacature Manager Product Process Development bij Abbott #groningen #processdev #healthcare #engineering http://t.co/bWo4MVWt2J	Fri Aug 07 09:20:27 +0000 2015
Jobs Utrecht	Nieuw #job beschikbaar bij Match Recruitment in #Utrecht - #Farma, #Medical Device &amp; Diagnostics #jobs http://t.co/UPRlmF8hvo	Wed Sep 16 10:48:00 +0000 2015
Jobs Leiden	Randstad is op zoek naar kandidaten! #Technician #Pharmaceutical Development in #Leiden, solliciteer nu! #jobs http://t.co/XMwyoeBmh9	Sat Sep 19 12:06:00 +0000 2015
TianaGreve-Mollet	RT @Pieter650: Werkgever gezocht! Nu nog project van 3 mnd #ziekenhuis #zorginstelling #wondzorg #jouwbaan #medicaldevice #vacatures	Mon Jun 15 17:44:30 +0000 2015
Jobs Köln	antwerpes ag sucht jemanden als #Trainee #Medical Advising (m/w) in #Köln #jobs #stelle https://t.co/HgbqxYwGJv https://t.co/gN9vcjxV3F	Thu Oct 29 22:36:39 +0000 2015
Jobs Leiden	Hays is op zoek naar #Technician #Pharmaceutical Development in #Leiden, solliciteer nu! #jobs https://t.co/dNkavtUld5	Sun Nov 01 20:34:00 +0000 2015
Bertrand Prinsen	RT @Kaypeter: Wie o wie komt ons groeiende team versterken? Senior Corporate Recruiter #vacature #Zoetermeer #FMCG #Medical #vast https://t…	Mon Jan 05 18:00:48 +0000 2015
Inge, Tjitske, Jiska	RT @KimHuijing: Gelezen in de nieuwsbrief van @BitsChips Vacatures bij @ictrecruiters http://t.co/TlwlQfhdxu #healthcare #vacatures #highte…	Sat Apr 04 06:49:17 +0000 2015
vacatures Megajobs	#zoektwerk #vacature Manager Product Process Development bij Abbott #Groningen #engineering #processdev #healthcare  http://t.co/DE5CbPTaSM	Sat Aug 08 10:12:11 +0000 2015
Filip Baessens	#vacature #sales #medical onze collega's van @XPEpharmaS zoeken een #representative voor de regio #kortrijk http://t.co/Ij14dPomBg	Mon May 04 12:42:53 +0000 2015
Jobs Leiden	Ajilon is op zoek naar #Medical #/ Scientific Senior Writer, solliciteer nu! (#Leiden) #jobs http://t.co/Wop7WDIvZ7	Fri Sep 25 02:49:00 +0000 2015
Jeroen de Bruijn	#vacatures bij DTZ Zadelhoff: #makelaar #taxateur #taxateur herbouwwaarde #gebruikersadvisering #Healthcare http://t.co/IN15ztlYuF	Wed Jan 14 07:15:06 +0000 2015
Patricia v.d. Meer	RT @Janse_A: #vacature: #officemanager #medical scientific society in #Amsterdam. Iets voor jou? #secretaresse #officemanager http://t.co/L…	Fri Oct 16 00:35:20 +0000 2015
Martijn Schmidt	RT @Kaypeter: Wie o wie komt ons groeiende team versterken? Senior Corporate Recruiter #vacature #Zoetermeer #FMCG #Medical #vast https://t…	Mon Jan 05 14:49:45 +0000 2015
vacatures Megajobs	#Vacature Manager Product Process Development bij Abbott #Groningen #vacatures #processdev #healthcare #engineering http://t.co/DE5CbPTaSM	Mon Aug 03 08:01:18 +0000 2015
Daan Huisman	#vacature voor een senior #accountmanager #healthcare #klanten bij een #datacenter #solutions specialist regio #030 http://t.co/ABJmmjMHBU	Tue Sep 08 09:01:55 +0000 2015
Jobs Groningen	#Medical #Research Associate (verpleegkundige of doktersassistente) voor 32-40 uur per week nodig! #jobs http://t.co/Q7kDmppptt	Fri Sep 18 00:21:02 +0000 2015
Resource Manager	10 jaar werkervaring: #vacature Packaging Engineer #pharmaceutical #verpakkingstechnoloog #Noord-Brabant http://t.co/CayqsWr3fF	Tue Jan 06 09:20:00 +0000 2015
Jobs Amsterdam	Check dit #job: #Medical #Scientist Hepatitis bij Gilead in #Amsterdam #jobs http://t.co/J8CsuvnQOO	Wed Aug 19 14:47:11 +0000 2015
Pieter	@Pieter650: Werkgever gezocht! Nu nog project van 3 mnd #ziekenhuis #zorginstelling #wondzorg #jouwbaan #medicaldevice #vacatures	Fri Jun 26 05:30:24 +0000 2015
Arthur V (蓝驴)	RT @UTwenteHTSR: Werken als docent? @UTwenteHTSR @utwente zie onze #vacature http://t.co/S7ISK2JZBt #epidemiologie #medicaltechnologyassess…	Fri Jun 26 17:37:32 +0000 2015
Thijs Hoekzema	RT @Kaypeter: Wie o wie komt ons groeiende team versterken? Senior Corporate Recruiter #vacature #Zoetermeer #FMCG #Medical #vast https://t…	Wed Jan 07 09:28:32 +0000 2015
Hans Slobbe	k zk n fntstsch leuke tdgnd nw bn mt lk cllgs, t lfst ldnggvnd #vacature #beschikbaar #salesmanagement #healthcare #farmaceutisch	Thu Mar 05 09:07:54 +0000 2015
Hudson Netherlands	Voor de regio N-O NL zoeken wij een #accountmanager, voor onze klant in de #healthcare sector. http://t.co/RlqOPNbzMS. #vacature #baan	Thu Jun 25 09:50:29 +0000 2015
Astrid van Nuus	RT @Janse_A: #vacature: #officemanager #medical scientific society in #Amsterdam. Iets voor jou? #secretaresse #officemanager http://t.co/L…	Thu Oct 15 07:31:21 +0000 2015
Anne Besselink	RT @Kaypeter: Wie o wie komt ons groeiende team versterken? Senior Corporate Recruiter #vacature #Zoetermeer #FMCG #Medical #vast https://t…	Tue Jan 06 12:31:22 +0000 2015
Vacatureshare	#zoektwerk #vacature Manager Product Process Development bij Abbott #Groningen #engineering #processdev #healthcare  http://t.co/bWo4MVWt2J	Thu Aug 13 17:30:05 +0000 2015
vacatures Megajobs	zoektwerk #vacature Manager Product Process Development bij Abbott #Groningen #engineering #processdev #healthcare  http://t.co/DE5CbPBzuc	Sun Aug 23 10:09:43 +0000 2015
Barend Treep	RT @Kaypeter: Wie o wie komt ons groeiende team versterken? Senior Corporate Recruiter #vacature #Zoetermeer #FMCG #Medical #vast https://t…	Mon Jan 05 20:56:15 +0000 2015
RonaldEvers	#NSR zoekt 2 Account Managers #Healthcare. Next step naar het informatie management domein! #vacature #ict #sales #nextstep #zorg	Fri Jul 31 09:46:08 +0000 2015
vacatures Megajobs	#zoektwerk #vacature Manager Product Process Development bij Abbott #Groningen #engineering #processdev #healthcare  http://t.co/DE5CbPTaSM	Fri Aug 21 07:07:38 +0000 2015
Mirjam Houthoff	RT @Kaypeter: Wie o wie komt ons groeiende team versterken? Senior Corporate Recruiter #vacature #Zoetermeer #FMCG #Medical #vast https://t…	Tue Jan 06 16:44:09 +0000 2015
Pieter	Werkgever gezocht! Nu nog project van 3 mnd #ziekenhuis #zorginstelling #wondzorg #jouwbaan #medicaldevice #vacatures	Sun Jun 14 20:41:42 +0000 2015
IPPZ 	We zoeken een #DevOps Engineer voor @karify. Word deel van een hecht dev-team. #vacature #jobs #healthcare #utrecht http://t.co/qYFY41jFFy	Tue Jul 07 11:31:45 +0000 2015
Jobs Leiden	Hays is op zoek naar #Technician #Pharmaceutical Development in #Leiden #jobs https://t.co/ZOpr5AgtIy	Wed Oct 21 21:02:31 +0000 2015
Enrico Heidelberg	RT @Kaypeter: Wie o wie komt ons groeiende team versterken? Senior Corporate Recruiter #vacature #Zoetermeer #FMCG #Medical #vast https://t…	Tue Jan 06 16:53:09 +0000 2015
vacatures Megajobs	#zoektwerk #vacature Manager Product Process Development bij Abbott #Groningen #engineering #processdev #healthcare  http://t.co/DE5CbPTaSM	Thu Aug 27 19:24:11 +0000 2015
Jonathan Baldi®	RT @Kaypeter: Wie o wie komt ons groeiende team versterken? Senior Corporate Recruiter #vacature #Zoetermeer #FMCG #Medical #vast https://t…	Mon Jan 05 15:15:28 +0000 2015
Jobs Leiden	Nieuw #job beschikbaar bij Randstad in #Leiden - #Technician #Pharmaceutical Development #jobs http://t.co/XMwyoeBmh9	Thu Sep 17 05:50:20 +0000 2015
Saskia Schmidt	RT @Kaypeter: Wie o wie komt ons groeiende team versterken? Senior Corporate Recruiter #vacature #Zoetermeer #FMCG #Medical #vast https://t…	Mon Jan 05 20:13:48 +0000 2015
Emile Evertsen	RT @Kaypeter: Wie o wie komt ons groeiende team versterken? Senior Corporate Recruiter #vacature #Zoetermeer #FMCG #Medical #vast https://t…	Tue Jan 06 12:28:12 +0000 2015
Esther van Aalst	RT @Kaypeter: Wie o wie komt ons groeiende team versterken? Senior Corporate Recruiter #vacature #Zoetermeer #FMCG #Medical #vast https://t…	Tue Jan 06 12:29:07 +0000 2015
Jurjan Adriaansens	RT @JdeBruijn2404: #vacatures bij DTZ Zadelhoff: #makelaar #taxateur #taxateur herbouwwaarde #gebruikersadvisering #Healthcare http://t.co/…	Wed Jan 14 07:29:07 +0000 2015
Herakles Group	Wij zoeken een Regional Medical Advisor voor een van onze opdrachtgevers in de omgeving van Regio Noord/West. #vacature #farma #Medical	Mon Sep 28 10:48:02 +0000 2015
Techn. Geneeskunde	RT @UTwenteHTSR: Werken als docent? @UTwenteHTSR @utwente zie onze #vacature http://t.co/S7ISK2JZBt #epidemiologie #medicaltechnologyassess…	Fri Jun 26 17:21:16 +0000 2015
RonaldEvers	#NSR is op zoek naar 2 Account Managers #Healthcare ( #vacature #ict #sales #zorg #nextstep ). Ligt uw achtergrond o…https://t.co/f4DjbJvARC	Thu Oct 08 14:06:04 +0000 2015
vacatures Megajobs	#Vacature Manager Product Process Development bij Abbott #Groningen #vacatures #processdev #healthcare #engineering http://t.co/n4o3hNbxu8	Fri Jul 31 09:22:48 +0000 2015
Vacatureshare	RT @vacatures_nr1: #Vacature Manager Product Process Development bij Abbott #Groningen #vacatures #processdev #healthcare #engineering http…	Fri Jul 31 09:22:57 +0000 2015
Jobs Leiden	Randstad is op zoek naar kandidaten! #Technician #Pharmaceutical Development in #Leiden, solliciteer nu! #jobs http://t.co/XMwyoeBmh9	Sat Sep 19 04:20:58 +0000 2015
Maarten IJzerman	RT @UTwenteHTSR: Werken als docent? @UTwenteHTSR @utwente zie onze #vacature http://t.co/S7ISK2JZBt #epidemiologie #medicaltechnologyassess…	Sat Jun 27 12:28:16 +0000 2015
Jobs Amsterdam	LoveSteve is op zoek naar #Pharmaceutical #Sales Representative, solliciteer nu! (#Amsterdam) #jobs http://t.co/dr4kFJ9LhO	Fri Sep 18 23:03:06 +0000 2015
Bianca Jagt	RT @Kaypeter: Wie o wie komt ons groeiende team versterken? Senior Corporate Recruiter #vacature #Zoetermeer #FMCG #Medical #vast https://t…	Mon Jan 05 14:30:18 +0000 2015
Susan	RT @Kaypeter: Wie o wie komt ons groeiende team versterken? Senior Corporate Recruiter #vacature #Zoetermeer #FMCG #Medical #vast https://t…	Mon Jan 05 14:35:19 +0000 2015
Karolien@Zendkracht	Pauze en straks weer volop op zoek naar #sales #director #heerlen #healthcare #vacatures #limburg http://t.co/xwXvL8Drr2	Thu Apr 09 10:40:54 +0000 2015
Baudi Heidanus	RT @Kaypeter: Wie o wie komt ons groeiende team versterken? Senior Corporate Recruiter #vacature #Zoetermeer #FMCG #Medical #vast https://t…	Mon Jan 05 15:46:48 +0000 2015
Ramon van de Werken	@VeldeGroep #vacature #synergyhealth #accountmanager Leuke functie in de #healthcare  (match) http://t.co/0cnA2Xkro3	Fri Feb 27 16:41:08 +0000 2015
HealthcareJob.nl	Nieuwe #vacature: #Medical Scientist #farma http://t.co/FoBp5TBee8	Wed Apr 22 14:22:49 +0000 2015
Hans Slobbe	Worden farma kandidaten ook gevonden via twitter? Of alleen via LinkedIn? #recruiters #vacatures #pharmaceutical #salesmanagement	Wed Feb 25 07:54:36 +0000 2015
Han Knooren	RT @Mlmrothengatter: #vacature #devops engineer #unix bij PinkRoccade #Healthcare http://t.co/AQjoweuyuu	Mon Apr 13 14:02:04 +0000 2015
Kim Huijing	Gelezen in de nieuwsbrief van @BitsChips Vacatures bij @ictrecruiters http://t.co/TlwlQfhdxu #healthcare #vacatures #hightech	Thu Apr 02 14:08:31 +0000 2015
Healthcare Chennai	Check out this #job: #Medical #Coding Executives at Achievers Spot in #Chennai #jobs http://t.co/tx0UV0p63K	Sun Sep 13 05:18:27 +0000 2015
Jobs Leiden	Nieuw #job beschikbaar bij Hays in #Leiden! #Technician #Pharmaceutical Development #jobs http://t.co/ok3iiCi27d	Wed Sep 30 18:46:45 +0000 2015
Jobs Leiden	YACHT is op zoek naar #Medical #/ Regulatory Writer in #Leiden, solliciteer nu! #jobs http://t.co/1Yh2H1doTI	Sun Oct 18 18:16:17 +0000 2015
Niels Lieman	"@Kaypeter: Wie komt ons team versterken? Senior Corporate Recruiter #vacature #Zoetermeer #FMCG #Medical #vast https://t.co/WOSybhGn1w"	Tue Jan 06 12:20:44 +0000 2015
Petra de Graaf	RT @KimHuijing: Gelezen in de nieuwsbrief van @BitsChips Vacatures bij @ictrecruiters http://t.co/TlwlQfhdxu #healthcare #vacatures #highte…	Sun Apr 05 17:06:09 +0000 2015
Jobs Amsterdam	Solliciteer nu om voor Gilead te werken, als #Medical #Scientist HIV in #Amsterdam #jobs  http://t.co/3rlAectDfu	Fri Sep 25 23:01:48 +0000 2015
Desirée Paalvast	Leiders van de Toekomst (Bedrijfsleider in Opleiding) To have a significant impact on #healthcare #vacature  Zie http://t.co/d8ncdp5JF1	Wed Oct 07 11:23:55 +0000 2015
Koos Wurzer	RT @Kaypeter: Wie o wie komt ons groeiende team versterken? Senior Corporate Recruiter #vacature #Zoetermeer #FMCG #Medical #vast https://t…	Mon Jan 05 14:30:06 +0000 2015
Larren	RT @Kaypeter: Wie o wie komt ons groeiende team versterken? Senior Corporate Recruiter #vacature #Zoetermeer #FMCG #Medical #vast https://t…	Mon Jan 05 20:10:15 +0000 2015
XDES VACATURE	10 jaar werkervaring: #vacature Packaging Engineer #pharmaceutical #verpakkingstechnoloog #Noord-Brabant http://t.co/yr5R4X8otF	Tue Jan 06 09:20:02 +0000 2015
Novicum 	Nieuwe #vacature Marketing Specialist http://t.co/QIwv3Qa2uO #zorg #retail #healthcare #Amsterdam  #Amstelveen #noordholland #werk #novicum	Tue Jan 13 15:24:55 +0000 2015
Jobs Leiden	Ajilon is op zoek naar kandidaten! #Medical #/ Scientific Senior Writer in #Leiden, solliciteer nu! #jobs http://t.co/Wop7WDIvZ7	Mon Sep 21 16:49:54 +0000 2015
Jobs Leiden	Nieuw #job beschikbaar bij Global bio-technical company in #Leiden - #Medical #/ Scientific Writer - Senior #jobs http://t.co/O2nvcAgOXD	Mon Sep 28 23:30:04 +0000 2015
Rob van Elburg	RT @Kaypeter: Wie o wie komt ons groeiende team versterken? Senior Corporate Recruiter #vacature #Zoetermeer #FMCG #Medical #vast https://t…	Mon Jan 05 20:14:22 +0000 2015
Velde Groep	RT @RamonWerken: @VeldeGroep #vacature #synergyhealth #accountmanager Leuke functie in de #healthcare  (match) http://t.co/0cnA2Xkro3	Wed Mar 11 08:40:09 +0000 2015
Ellen	RT @Zendkracht_: Pauze en straks weer volop op zoek naar #sales #director #heerlen #healthcare #vacatures #limburg http://t.co/xwXvL8Drr2	Thu Apr 09 13:19:33 +0000 2015
Jobs Leiden	Ajilon is op zoek naar #Medical #/ Scientific Senior Writer in #Leiden #jobs http://t.co/Wop7WDIvZ7	Sun Sep 20 19:08:16 +0000 2015
Herakles Group	Nieuwe #vacature #medicaldevices Junior Product Manager #master #science #PhD https://t.co/uewtytPQR3	Thu Oct 29 11:53:21 +0000 2015
Yael O'Callaghan	RT @Kaypeter: Wie o wie komt ons groeiende team versterken? Senior Corporate Recruiter #vacature #Zoetermeer #FMCG #Medical #vast https://t…	Tue Jan 06 16:24:00 +0000 2015
Petra Pupping	RT @Kaypeter: Wie o wie komt ons groeiende team versterken? Senior Corporate Recruiter #vacature #Zoetermeer #FMCG #Medical #vast https://t…	Tue Jan 06 20:55:18 +0000 2015
Marloes Rothengatter	#vacature #devops engineer #unix bij PinkRoccade #Healthcare http://t.co/AQjoweuyuu	Thu Apr 09 07:30:09 +0000 2015
Carola	RT @Janse_A: #vacature: #officemanager #medical scientific society in #Amsterdam. Iets voor jou? #secretaresse #officemanager http://t.co/L…	Thu Oct 15 08:15:34 +0000 2015
Marein Verkerk	RT @Kaypeter: Wie o wie komt ons groeiende team versterken? Senior Corporate Recruiter #vacature #Zoetermeer #FMCG #Medical #vast https://t…	Tue Jan 06 11:58:22 +0000 2015
Maykel Korndewal	RT @Kaypeter: Wie o wie komt ons groeiende team versterken? Senior Corporate Recruiter #vacature #Zoetermeer #FMCG #Medical #vast https://t…	Wed Jan 07 06:49:23 +0000 2015
Erik Op de Beeck	#Vacatures #Defensie voor #zelfstandigen: http://t.co/fV734TDSUu #BelgianDefence #MedicalComponent #Belgium #Reserve	Thu Jul 02 23:59:56 +0000 2015
Jobs Leiden	Nieuw #job beschikbaar bij Ajilon in #Leiden - #Medical #/ Scientific Senior Writer #jobs http://t.co/Wop7WDIvZ7	Tue Sep 22 15:35:21 +0000 2015
Jobs Leiden	Hays is op zoek naar #Technician #Pharmaceutical Development, solliciteer nu! (#Leiden) #jobs http://t.co/Rhrhs9YZUA	Sun Oct 04 16:54:10 +0000 2015
Thomas Fabrie	RT @Kaypeter: Wie o wie komt ons groeiende team versterken? Senior Corporate Recruiter #vacature #Zoetermeer #FMCG #Medical #vast https://t…	Mon Jan 05 14:29:43 +0000 2015
Carine Doggen	RT @UTwenteHTSR: Werken als docent? @UTwenteHTSR @utwente zie onze #vacature http://t.co/S7ISK2JZBt #epidemiologie #medicaltechnologyassess…	Fri Jun 26 12:10:36 +0000 2015
Jobs Amsterdam	Real Staffing Group is op zoek naar #Pharmaceutical #Troubleshooter (GMP) in  #jobs http://t.co/yYmngvcXxZ http://t.co/oyfvDbZP7B	Thu Sep 03 18:35:07 +0000 2015
Sippy Zwalua	RT @Janse_A: #vacature: #officemanager #medical scientific society in #Amsterdam. Iets voor jou? #secretaresse #officemanager http://t.co/L…	Thu Oct 15 09:46:43 +0000 2015
