Lenneke de Wit MCC	RT @Attendatwork: We are hiring! Veel #hospitality #vacatures bij vijfsterrenhotels in Amsterdam. Kijk op www.werkenbijattend of hospitalit‚Ä¶	Thu Mar 19 07:21:41 +0000 2015
HotelloTOP	#vacature Servicecenter 4Hospitality zoekt een Operationeel Manager | http://t.co/ZDBmoGX0Bb #hospitality #netwerk	Wed Apr 29 10:14:37 +0000 2015
EW Vacatures	Heb jij de #hospitality factor? Beschik je over hbo niveau en een diploma #facility management? Kijk op http://t.co/xPA5D83ihu #vacatures	Fri Jan 30 11:30:35 +0000 2015
Backstay Hostel+Bar	VACATURE bij Backstay Hostel: Operations supervisor #jobs #hospitality #gent http://t.co/E1WLywErJb #jobofyourlife http://t.co/Ai9xOlfVAm	Tue Sep 08 06:35:49 +0000 2015
cynthia symons	Op zoek naar een Sparqling Coffee Specialist in Utrecht voor 16 uur per week. #commercieel #flexibel #hospitality #vacature #Nespresso	Fri Mar 20 08:39:42 +0000 2015
Vacature Arnhem	#Vacature: @Gulvooru is op zoek naar een technische #host, omgeving #Arnhem: http://t.co/QV0UL8RuG9 #hospitality ... https://t.co/MA4vSmIr3v	Tue Jul 07 08:49:24 +0000 2015
Remko 	RT @peperengoud: We kunnen nog steeds mooie, slimme dames en heren gebruiken #hospitality #vacature #werk #evenement Meld je aan, wellicht ‚Ä¶	Wed Aug 19 20:20:51 +0000 2015
EW Vacatures	EW Facility Services is op dinsdag 10 november aanwezig op de #participatiemarkt @dehallenadam Komt u ook ? @APM020 #hospitality #jobs #werk	Tue Nov 03 10:22:55 +0000 2015
Miranda Brinksma	@ReceptionisteNL nog een Top office coordinator nodig? #jouwbaan #vacature Ik ken er nog 1. #hospitality in het bloed heeft :D	Tue Feb 24 12:32:16 +0000 2015
CLC-VECTA	Ter ondersteuning van het team zoekt @RAI_Amsterdam een gastvrije Medewerker #Hospitality http://t.co/0gRiqe4szg #vacature #gastvrij	Mon Oct 12 10:14:03 +0000 2015
Clara & Kornuiten	Per mrt/april op zoek naar een #gastheer / #gastvrouw met ervaring en passie voor #gastronomie ! #bediening #hospitality #wadden #vacature	Thu Feb 19 13:24:05 +0000 2015
Marvin Pranger	RT @HotelloTOP: #vacature Servicecenter 4Hospitality zoekt een Operationeel Manager | http://t.co/ZDBmoGX0Bb #hospitality #netwerk	Wed Apr 29 10:14:57 +0000 2015
Lex Jansen	RT @Huijb074: Heb jij het gastvrijheidsgevoel waar wij naar op zoek zijn en woon je in #amsterdam?   #hospitality #vacature @hutten http://‚Ä¶	Tue Jun 02 15:14:10 +0000 2015
Hospitality Interim 	RT @MarithHI: #vacature #hospitality co√∂rdinator; Maak jij werk van evenementen en gastvrij ontvangst bij advocatenkantoor in A'dam?http://‚Ä¶	Mon Jun 15 11:38:54 +0000 2015
Floris	Wij zijn op zoek! ~~&gt; Front office medewerker @starlodgehotels Utrecht http://t.co/QW5fxTtZNd #vacatures #hotel #hospitality #horeca	Thu Sep 03 04:53:58 +0000 2015
high profile Events	NIEUWE #vacature #EventJobs - http://t.co/FN5mE3DArz @SpiritHosting #job #jouwbaan Recruiter #hospitality #Schiphol http://t.co/X8AJKpAgiT	Thu Sep 03 14:27:59 +0000 2015
CSU	Scherp op #hospitality en een goed #salaris? #Solliciteer dan op onze #vacature medewerker #housekeeping #Amsterdam. http://t.co/OtJr9tRgNS	Fri Apr 24 09:21:51 +0000 2015
Jack Fijneman	RT @Huijb074: @Hutten_NL weer heel veel veel nieuwe #vacatures op http://t.co/ly1UA81o3o    #horeca #hospitality #koks #bedrijfscatering #s‚Ä¶	Sat May 23 10:57:21 +0000 2015
yesss	Nieuwe #vacature uit de #food. Van Megen Recruitment is op zoek naar een #account &amp; #hospitality #manager http://t.co/SJcujvkDbJ	Thu Jul 16 12:13:52 +0000 2015
Community4business	RT @BORN2BRAND: Werken of stage bij CityHub. Check snel de #vacatures voor een #droombaan bij dit unieke concept #hotel #hospitality https:‚Ä¶	Tue Sep 08 20:59:05 +0000 2015
Charles van Goch	RT @HotelloTOP: #vacature Servicecenter 4Hospitality zoekt een Operationeel Manager | http://t.co/ZDBmoGX0Bb #hospitality #netwerk	Wed Apr 29 10:32:05 +0000 2015
John Wilkes	RT @HotelloTOP: #vacature Servicecenter 4Hospitality zoekt een Operationeel Manager | http://t.co/ZDBmoGX0Bb #hospitality #netwerk	Wed Apr 29 13:52:16 +0000 2015
Jolande de Waal	RT @Attendatwork: Vacature! Word jij onze Business Manager Horeca? http://t.co/KKCb1YMz3i #vacature #horecavacature #hospitality #werkenbij‚Ä¶	Fri Jul 17 09:30:16 +0000 2015
Marcel	RT @Erwin038: Per direct op zoek naar een leuke, uitdagende job! #horeca #hospitality #facilitair #vacature RT please	Mon Sep 07 13:27:09 +0000 2015
Jobs Amsterdam	#Stagiair(e) #Hospitality Amsterdam gezocht in #Amsterdam bij Randstad Hospitality. Solliciteer nu! #jobs https://t.co/3YKQimjF4w	Sun Nov 01 21:17:45 +0000 2015
Eva Bottelier	RT @gertjanahles: Ik heb nog 40 uur ofzo is de aanbieding voor het leukste bedrijf met een #vacature #hospitality #management. Dus #tweetme‚Ä¶	Wed Jan 14 15:51:36 +0000 2015
Rene Nijhuis	RT @ReneeHofman: Het is weer maandag, en we hebben heel veel leuke #hospitality #vacatures! https://t.co/hvFjRKpDoT	Mon Apr 13 11:22:25 +0000 2015
Marith 	#vacature #hospitality co√∂rdinator; Maak jij werk van evenementen en gastvrij ontvangst bij advocatenkantoor in A'dam?http://t.co/OFTBTaaHMw	Fri Jun 12 13:32:27 +0000 2015
Ica Smets-Lucas	RT @MirjamLoenen: Fulltime #vacature #starter 1-3 jr ervaring #hbo #hospitality #hotelschool #facility #fm #facilitair #amsterdam bel mij o‚Ä¶	Sun Oct 04 18:17:09 +0000 2015
Kees Kamsteeg	Ervaring als #manager #directeur in #hospitality #zorgsector ? Mooie #vacature http://t.co/wBLXPMBRX5 #comfortzone http://t.co/GlWktHYVVY	Tue Jan 20 12:45:29 +0000 2015
Jim Korteweg	RT @HotelloTOP: #vacature Servicecenter 4Hospitality zoekt een Operationeel Manager | http://t.co/ZDBmoGX0Bb #hospitality #netwerk	Sat May 02 09:24:14 +0000 2015
Bob Hutten	RT @Huijb074: Heb jij het gastvrijheidsgevoel waar wij naar op zoek zijn en woon je in #amsterdam?   #hospitality #vacature @hutten http://‚Ä¶	Tue Jun 02 11:49:51 +0000 2015
Spirit Hosting 	Gezocht: Gastvrouw/Receptionistes voor een bank in #Amsterdam #vacature #hospitality #gastvrouw #amsterdam #receptie http://t.co/824fPaOUtH	Fri Jul 03 07:49:47 +0000 2015
Peper & Goud	We kunnen nog steeds mooie, slimme dames en heren gebruiken #hospitality #vacature #werk #evenement Meld je aan, wellicht zoeken we jou!	Wed Aug 19 19:49:44 +0000 2015
Jobs Amsterdam	Nieuw #job beschikbaar bij Amsterdam Music Dome Exploitatie BV in #Amsterdam! #Stagiaire #Hospitality #jobs http://t.co/IXxioEwh75	Tue Sep 08 18:32:34 +0000 2015
cynthia symons	Op zoek naar #ervaren #receptionistes in #Utrecht voor diverse opdrachtgevers. #gastvrij #hospitality #flexibel  #vacature #Sparq	Wed Jan 28 14:34:06 +0000 2015
MamaWerkt	Mooie #vacature bij MST in Enschede #floormanager #hospitality #mamawerkt #solliciteren... http://t.co/bS2sc4tuAL	Fri Mar 20 13:57:49 +0000 2015
Alfa-college	#Vacature #docent/coach #Hospitality voor Alfa-college #Hardenberg. Meer info op http://t.co/22jTAEZq4q	Mon Jun 08 06:26:26 +0000 2015
Remko 	RT @peperengoud: Peper &amp; Goud zoekt... jou? #hospitality #horeca #werk #freelance #vacature #evenementen #modellenwerk #hostess https://t.c‚Ä¶	Sat Sep 12 20:53:03 +0000 2015
MikeSalesWorldwide	If I don't have any job opportunity soon, I take a bag and I'm going to discover the world! #world #Hospitality #jobs #sales #marketing üåç	Wed Sep 23 08:24:14 +0000 2015
Joris de Schepper	RT @AAFM_nl: #Vacature: @Gulvooru is op zoek naar een technische #host, omgeving #Arnhem: http://t.co/tFBqaUtMN5 #hospitality #ADG http://t‚Ä¶	Tue Jul 07 10:10:17 +0000 2015
Ton Leemans	RT @Huijb074: Heb jij het gastvrijheidsgevoel waar wij naar op zoek zijn en woon je in #amsterdam?   #hospitality #vacature @hutten http://‚Ä¶	Tue Jun 02 14:09:09 +0000 2015
Carry Mensen	#Vacature - Chef-kok (grote keuken) voor een Indiaas restaurant in Hengelo http://t.co/9MoDo2jzYr via @randstadnl #hospitality #horeca	Mon Feb 16 17:08:57 +0000 2015
Lisanne Schuurman	Wie-o-wie is/ kent die #ervaren #receptioniste uit #Barneveld #Veenendaal #Ede #Wageningen #SPARQ #vacature #hospitality ? Dan zoek ik jou üîé	Tue Apr 14 18:27:15 +0000 2015
Hospitality Interim 	#vacature #facilitair manager; Maak werk van #hospitality bij zakelijke dienstverlener in Utrecht. Meer info op http://t.co/Hun7Df8JhF	Thu Jul 02 11:26:02 +0000 2015
Erwin aka Switch038	Per direct op zoek naar een leuke, uitdagende job! #horeca #hospitality #facilitair #vacature RT please	Mon Sep 07 13:23:59 +0000 2015
Jobs Amsterdam	#Stagiaire #Hospitality nodig! #jobs http://t.co/IXxioEwh75	Sat Sep 12 10:00:49 +0000 2015
DUE Trattoria&Grill	#werkenineenhotel https://t.co/ihqwd6NgAi #hospitality #vacature	Mon Nov 02 10:18:34 +0000 2015
Pascal Verheugd	RT @Huijb074: Heb jij het gastvrijheidsgevoel waar wij naar op zoek zijn en woon je in #amsterdam?   #hospitality #vacature @hutten http://‚Ä¶	Tue Jun 02 22:24:38 +0000 2015
Martin's Hotels	Gebeten door #hospitality ? Hou je van gastvrijheid binnen een familiale werkomgeving? Bekijk dan deze #vacatures http://t.co/5KAUrI9pYo	Wed Jun 10 10:20:12 +0000 2015
HospoTourismJobs	#hospitality #jobs Hospitality Assistant: VIC-Preston, Great Career Growth Casual Hours / 15-25 hrs a week Ons... http://t.co/ZDByZxWoH9	Tue Mar 17 06:02:12 +0000 2015
Ward Kolman	RT @CSUcleaning: Scherp op #hospitality en een goed #salaris? #Solliciteer dan op onze #vacature medewerker #housekeeping #Amsterdam. http:‚Ä¶	Fri Apr 24 09:24:38 +0000 2015
Marcel Sangers	RT @lisanschuurman: #vacature: op zoek naar een #oproep #receptionist in #Eerbeek voor de vakantieperiode! #hospitality #SPARQ	Fri Apr 24 18:57:21 +0000 2015
Raymond	RT @Erwin038: Per direct op zoek naar een leuke, uitdagende job! #horeca #hospitality #facilitair #vacature RT please	Mon Sep 07 13:34:45 +0000 2015
Lisanne Schuurman	Op korte termijn op zoek naar #Receptionistes uit #Beilen #Hospitality #SPARQ #Flexibel #Vacature	Tue Feb 17 07:04:29 +0000 2015
Lisanne Schuurman	#vacature: op zoek naar een #oproep #receptionist in #Eerbeek voor de vakantieperiode! #hospitality #SPARQ	Fri Apr 24 18:25:45 +0000 2015
Werken bij Saxion	#Saxion #Directeur #Hospitality #Business #School met passie voor #onderwijs en #onderzoek  http://t.co/KakJrE1PfQ #vacatures	Fri May 01 12:30:46 +0000 2015
Pascal Verheugd	RT @Huijb074: @Hutten_NL weer heel veel veel nieuwe #vacatures op http://t.co/ly1UA81o3o    #horeca #hospitality #koks #bedrijfscatering #s‚Ä¶	Fri May 22 13:43:07 +0000 2015
Hutten	RT @Huijb074: Heb jij het gastvrijheidsgevoel waar wij naar op zoek zijn en woon je in #amsterdam?   #hospitality #vacature @hutten http://‚Ä¶	Tue Jun 02 11:49:51 +0000 2015
bouwens&	Ben jij verliefd op service, vriendelijk en flexibel? Bekijk onze #hospitality vacatures: http://t.co/81Z0TaGCkF #vacature #banen #werk	Tue Aug 18 11:01:23 +0000 2015
Jobs Amsterdam	Check dit #job: #Stagiair(e) #Hospitality Amsterdam bij Randstad Hospitality in #Amsterdam #jobs https://t.co/3YKQimjF4w	Mon Oct 19 22:48:22 +0000 2015
Lotte van den Berg	RT @HospitalityIS: #vacature #hospitality co√∂rdinator; Maak jij werk van #gastvrije ontvangst op gerenommeerd advocatenkantoor? Kijk op htt‚Ä¶	Mon May 18 08:47:09 +0000 2015
Maarten Rooyackers	RT @Huijb074: @Hutten_NL weer heel veel veel nieuwe #vacatures op http://t.co/ly1UA81o3o    #horeca #hospitality #koks #bedrijfscatering #s‚Ä¶	Sat May 23 11:20:58 +0000 2015
Vondel Hotels	Wij zijn opzoek naar een HR manager! Interesse? Kijk op http://t.co/S43POn6KOf #vacature #HR #nieuwebaan #hospitality #career #vondelhotels	Tue Oct 06 11:11:13 +0000 2015
Frans Huijbregts	@Hutten_NL weer heel veel veel nieuwe #vacatures op http://t.co/ly1UA81o3o    #horeca #hospitality #koks #bedrijfscatering #stage	Fri May 22 13:27:11 +0000 2015
Raoul Bandell	RT @bouwensen: Ben jij verliefd op service, vriendelijk en flexibel? Bekijk onze #hospitality vacatures: http://t.co/81Z0TaGCkF #vacature #‚Ä¶	Tue Aug 18 14:14:01 +0000 2015
Annemarie Driessen	RT @Huijb074: Heb jij het gastvrijheidsgevoel waar wij naar op zoek zijn en woon je in #amsterdam?   #hospitality #vacature @hutten http://‚Ä¶	Tue Jun 02 11:49:51 +0000 2015
Faciliance	RT @MirjamLoenen: Fulltime #vacature #starter 1-3 jr ervaring #hbo #hospitality #hotelschool #facility #fm #facilitair #amsterdam bel mij o‚Ä¶	Wed Oct 07 07:05:49 +0000 2015
Michel Veldman	RT @Attendatwork: We are hiring! Veel #hospitality #vacatures bij vijfsterrenhotels in Amsterdam. Kijk op www.werkenbijattend of hospitalit‚Ä¶	Wed Mar 25 19:32:34 +0000 2015
Attend	Vacature! Word jij onze Business Manager Horeca? http://t.co/KKCb1YMz3i #vacature #horecavacature #hospitality #werkenbijattend	Thu Jul 16 08:08:03 +0000 2015
KNMT	De KNMT zoekt een ervaren projectleider voor haar Congresbureau http://t.co/8FGYGMx2X5 #vacature #Nieuwegein #Utrecht #hospitality #events	Fri Oct 16 07:06:54 +0000 2015
Laura Rebergen	RT @lisanschuurman: Op korte termijn op zoek naar #Receptionistes uit #Beilen #Hospitality #SPARQ #Flexibel #Vacature	Tue Feb 17 07:13:52 +0000 2015
Julia Bos	RT @Attendatwork: Vacature! Word jij onze Business Manager Horeca? http://t.co/KKCb1YMz3i #vacature #horecavacature #hospitality #werkenbij‚Ä¶	Thu Jul 16 08:09:15 +0000 2015
Peper & Goud	Meer info vind je hier: https://t.co/mf4cXV98X8 #vacature #hospitality #nieuwconcept #plsRT	Mon Aug 17 19:48:13 +0000 2015
Fanny Nagelmaeker	RT @Attendatwork: Vacature! Word jij onze Business Manager Horeca? http://t.co/KKCb1YMz3i #vacature #horecavacature #hospitality #werkenbij‚Ä¶	Thu Jul 16 08:08:39 +0000 2015
Werken bij Saxion	(#Hoofd)#Docent/#onderzoeker #Facility #Management met affiniteit voor #hospitality #business http://t.co/egBD39zRnm #vacatures	Fri Apr 10 09:23:01 +0000 2015
Martijn	RT @HotelloTOP: #vacature Servicecenter 4Hospitality zoekt een Operationeel Manager | http://t.co/ZDBmoGX0Bb #hospitality #netwerk	Wed Apr 29 10:19:39 +0000 2015
AAFM	#Vacature: @Gulvooru is op zoek naar een technische #host, omgeving #Arnhem: http://t.co/tFBqaUtMN5 #hospitality #ADG http://t.co/ck8prjl8Ul	Tue Jul 07 08:48:09 +0000 2015
Tamara Tijdink	RT @peperengoud: We kunnen nog steeds mooie, slimme dames en heren gebruiken #hospitality #vacature #werk #evenement Meld je aan, wellicht ‚Ä¶	Wed Aug 19 20:13:19 +0000 2015
Michel Kolenbrander	Werken of stage bij CityHub. Check snel de #vacatures voor een #droombaan bij dit unieke concept #hotel #hospitality https://t.co/XdbbyGfNCs	Tue Sep 08 20:09:23 +0000 2015
Mirjam Loenen	Fulltime #vacature #starter 1-3 jr ervaring #hbo #hospitality #hotelschool #facility #fm #facilitair #amsterdam bel mij op 06-23941975	Sun Oct 04 18:04:12 +0000 2015
Joke Maria	RT @MarvinPranger: Wie o wie begeeft zich graag in een breed werkveld √âN wil mijn nieuwe collega worden? #vacature #hospitality https://t.c‚Ä¶	Sun Apr 26 10:23:11 +0000 2015
Zuiver Arbeidsrecht	RT @Mama_Werkt: Mooie #vacature bij MST in Enschede #floormanager #hospitality #mamawerkt #solliciteren... http://t.co/bS2sc4tuAL	Fri Mar 20 14:11:17 +0000 2015
Renee Hofman	Het is weer maandag, en we hebben heel veel leuke #hospitality #vacatures! https://t.co/hvFjRKpDoT	Mon Apr 13 08:19:22 +0000 2015
MA in hospitality	#vacature #restaurant  #Hospitality op zoek naar een bedrijfsleider die aandelen kan krijgen bij goede prestatie http://t.co/D5ziUnJ2nO	Tue May 26 13:33:43 +0000 2015
Fanny Nagelmaeker	RT @Attendatwork: We are hiring! Veel #hospitality #vacatures bij vijfsterrenhotels in Amsterdam. Kijk op www.werkenbijattend of hospitalit‚Ä¶	Tue Mar 17 07:33:06 +0000 2015
Sanne	RT @HospitalityIS: #vacature #hospitality co√∂rdinator; Maak jij werk van #gastvrije ontvangst op gerenommeerd advocatenkantoor? Kijk op htt‚Ä¶	Mon May 18 18:50:07 +0000 2015
Mitchel Van Baar	RT @lisanschuurman: Op korte termijn op zoek naar #Receptionistes uit #Beilen #Hospitality #SPARQ #Flexibel #Vacature	Tue Feb 17 08:21:25 +0000 2015
Columbus Trophy	RT @HotelloTOP: #vacature Servicecenter 4Hospitality zoekt een Operationeel Manager | http://t.co/ZDBmoGX0Bb #hospitality #netwerk	Wed Apr 29 10:32:24 +0000 2015
Werken bij Saxion	#Saxion #Directeur #Hospitality #Business #School met een #passie voor #onderwijs en #onderzoek  http://t.co/KakJrE1PfQ  #vacatures	Fri May 01 12:46:10 +0000 2015
Spirit Hosting 	Gezocht: Gastvrouw / Receptioniste bij een bekende bank in #Rotterdam! #vacature #gastvrouw #hospitality Klik hier: http://t.co/824fPaOUtH	Fri Jul 03 07:52:18 +0000 2015
Jeanine van der Veen	RT @Attendatwork: We are hiring! Veel #hospitality #vacatures bij vijfsterrenhotels in Amsterdam. Kijk op www.werkenbijattend of hospitalit‚Ä¶	Mon Mar 16 20:31:44 +0000 2015
Hospitality Interim 	#vacature #hospitality co√∂rdinator; Maak jij werk van #gastvrije ontvangst op gerenommeerd advocatenkantoor? Kijk op http://t.co/Q62KNRuyYb	Mon May 18 07:44:17 +0000 2015
Erwin aka Switch038	Vanaf oktober op zoek naar een nieuwe job! Wie weet er wat? RT please #vacature #horeca #facilitair #catering #fulltime #hospitality #Zwolle	Mon Sep 14 18:17:20 +0000 2015
Bianca Jagt	Leuke #Vacature: Ten Kate Racing B.V. zoekt #hospitality medewerker (m/v) | http://t.co/dDVEvQxO0D: http://t.co/OPzrB934YP	Fri Mar 06 09:20:50 +0000 2015
Olav Derks	RT @ReneeHofman: Het is weer maandag, en we hebben heel veel leuke #hospitality #vacatures! https://t.co/hvFjRKpDoT	Mon Apr 13 16:22:34 +0000 2015
VanMegen Recruitment	Nieuwe #vacature uit de #food. Van Megen Recruitment is op zoek naar een #account &amp; #hospitality #manager http://t.co/70FlrxGvEc	Thu Jul 16 12:13:05 +0000 2015
Peper & Goud	De eerste aanmeldingen stromen binnen, leuk! Ook interesse? Meer info vind je hier https://t.co/mf4cXV98X8 #hospitality #vacature #exclusief	Wed Aug 12 21:06:03 +0000 2015
bouwens&	Solliciteren op √©√©n van onze #hospitality #vacatures? Bij ons kan het via WhatsApp! http://t.co/ImqVPDE95J #banen #werken #jobs	Tue Sep 01 18:04:20 +0000 2015
Sanne	RT @MarithHI: #vacature #hospitality co√∂rdinator; Maak jij werk van evenementen en gastvrij ontvangst bij advocatenkantoor in A'dam?http://‚Ä¶	Sat Jun 13 09:53:20 +0000 2015
maren	RT @VondelHotels: Wij zijn opzoek naar een HR manager! Interesse? Kijk op http://t.co/S43POn6KOf #vacature #HR #nieuwebaan #hospitality #ca‚Ä¶	Tue Oct 06 18:59:53 +0000 2015
Werken bij Saxion	#Hospitality #Business #School zoekt een #Docent #Mondelinge #Communicatie (#Nederlands en #Engels) http://t.co/TkPApxXTcS  #vacatures	Fri May 29 09:56:47 +0000 2015
Lisanne Schuurman	Leuke voor de vrijdagmiddag: #Vacature #Receptionist #Gastvrouw #Hardenberg #JouBaan #Representatief #Hospitality ‚òïÔ∏è	Fri Jun 05 15:20:10 +0000 2015
Tamara Tijdink	RT @peperengoud: Peper &amp; Goud zoekt... jou? #hospitality #horeca #werk #freelance #vacature #evenementen #modellenwerk #hostess https://t.c‚Ä¶	Sat Sep 12 20:56:40 +0000 2015
Lysette van Zijl	https://t.co/ArJQ8heHoc  uitdagende #vacature voor  #junior #project #manager in #Amsterdam. Combinatie van #bouw en #hospitality rt is fijn	Wed Nov 04 09:28:52 +0000 2015
Frans Huijbregts	Heb jij het gastvrijheidsgevoel waar wij naar op zoek zijn en woon je in #amsterdam?   #hospitality #vacature @hutten http://t.co/LiRq5TTBx5	Tue Jun 02 11:00:10 +0000 2015
OKIDOKEY	We zijn op zoek naar #flexibele #oproepkrachten! #vacature #denhaag #hospitality #okidokey #bijbaan! Voor meer info: http://t.co/ZfL4gJHiyA	Fri Aug 07 07:38:11 +0000 2015
HotelloTOP	HotelloJOB, d√© ontmoetingsplek voor Hotello's en Werkgevers - #hotello #vacatures #hospitality http://t.co/G0XHz7Ldh4 http://t.co/hE80m56qSV	Wed Jan 21 14:14:56 +0000 2015
EMCup	RT @HotelloTOP: #vacature Servicecenter 4Hospitality zoekt een Operationeel Manager | http://t.co/ZDBmoGX0Bb #hospitality #netwerk	Wed Apr 29 10:32:59 +0000 2015
Lotte van den Berg	RT @MarithHI: #vacature #hospitality co√∂rdinator; Maak jij werk van evenementen en gastvrij ontvangst bij advocatenkantoor in A'dam?http://‚Ä¶	Fri Jun 12 18:36:26 +0000 2015
Jolande de Waal	RT @Attendatwork: Vacature! Word jij onze Business Manager Horeca? http://t.co/KKCb1YMz3i #vacature #horecavacature #hospitality #werkenbij‚Ä¶	Fri Jul 17 09:30:51 +0000 2015
Lisanne Schuurman	Voor nieuwe klant in #Zwolle vanaf #september op zoek naar een #co√∂rdinator voor de #receptie #hospitality #flexibiliteit #vacature #SPARQ	Wed Jul 22 15:53:25 +0000 2015
Peper & Goud	Peper &amp; Goud zoekt... jou? #hospitality #horeca #werk #freelance #vacature #evenementen #modellenwerk #hostess https://t.co/GQvjHXSxzm	Sat Sep 12 20:51:30 +0000 2015
Lysette van Zijl	https://t.co/ArJQ8heHoc uitdagende #vacature voor  #junior #project #manager in #Amsterdam. Combinatie van #bouw en #hospitality rt is fijn	Thu Oct 29 10:49:01 +0000 2015
cynthia symons	Op zoek naar #flexibele #receptionistes voor diverse opdrachtgevers in midden Nederland. #oproep #vacature #hospitality #Sparq	Wed Feb 11 19:50:02 +0000 2015
Conceptfabriek	RT @backstayhostels: VACATURE bij Backstay Hostel: Operations supervisor #jobs #hospitality #gent http://t.co/E1WLywErJb #jobofyourlife htt‚Ä¶	Tue Sep 08 06:36:42 +0000 2015
Ervaren Talent	RT @CLCVECTA: Ter ondersteuning van het team zoekt @RAI_Amsterdam een gastvrije Medewerker #Hospitality http://t.co/0gRiqe4szg #vacature #g‚Ä¶	Tue Oct 13 10:29:10 +0000 2015
