Bouwkunde Eindhoven	Philips is op zoek naar #Manufacturing #Technology Engineer in #Eindhoven #jobs http://t.co/Qke3Eu0rU6 http://t.co/nQvzUExSpr	Fri Sep 18 02:23:33 +0000 2015
Susanne Linda	RT @JeroenUSG: #Vacature #Electronics #Engineer #Zuidholland #Manufacturing meer info? jeroen.snip@usgengineering.nl http://t.co/49qM0dW3Hy	Fri Jan 23 12:11:34 +0000 2015
Cast UK Limited	Supply Chain Planner (S&amp;OP), Crewe, £40k - 45k/year #job #jobs #hiring #ManufacturingJobs http://t.co/fXLhsiLVbE	Wed Apr 01 10:16:21 +0000 2015
Orgalime	#jobs #vacancy #orgalime Join the team - deadline 20 July - http://t.co/MTocshiJuq Have #manufacturingatheart	Wed Jul 08 14:26:45 +0000 2015
Canada Jobs	#Manufacturing Engineering Co-op (May 2015, 4 months) Job #jobs http://t.co/gz3TGDA3pX #: GE - Markham, ON - : ... http://t.co/8IQhKO2r7n	Wed Mar 18 06:00:38 +0000 2015
Jobs Leiden	#Manufacturing #Supervisor Operations Job nodig! #jobs https://t.co/kjCexE2Rv5 https://t.co/ZRWR9bO9Hd	Mon Nov 02 01:23:17 +0000 2015
Jobs Amersfoort	Check dit #job: #Manufacturing #Engineer bij LMH Engineering in #Amersfoort #jobs http://t.co/usmfcakeHp http://t.co/TL7LbT1e3n	Tue Sep 29 06:52:08 +0000 2015
Bouwkunde Eindhoven	Check dit #job: #Manufacturing #Technology Engineer bij Philips in #Eindhoven #jobs http://t.co/ncAh3In2q7 http://t.co/zHC86jwKz0	Sat Oct 03 19:41:48 +0000 2015
Bouwkunde Eindhoven	#(Jr.) #Manufacturing Engineer nodig! #jobs http://t.co/lDTsWwO4E9 http://t.co/EnmqrLHMt9	Thu Sep 24 12:43:12 +0000 2015
Bouwkunde Eindhoven	Philips is op zoek naar #Manufacturing #Technology Engineer in #Eindhoven, solliciteer nu! #jobs http://t.co/1PTLDzvHxp	Fri Oct 02 15:11:53 +0000 2015
ManufacturingJobs	#manufacturing #jobs Production Worker/ Machine Op: NSW-Erskine, Opportunity to work at a large building manfu... http://t.co/wHIXckkXZk	Thu Jan 15 05:15:18 +0000 2015
greenami & da silva	Made in USA!? | Don’t kid yourself—#US #manufacturing #jobs are never really 'coming back' from #China | #economy | http://t.co/zo2oaHV4u4	Wed Jan 21 08:09:02 +0000 2015
Jobs Amersfoort	#Manufacturing #Engineer gezocht in #Amersfoort bij LMH Engineering. Solliciteer nu! #jobs https://t.co/rEFKxv9G0k https://t.co/gBImksoC1m	Wed Oct 21 08:33:08 +0000 2015
R&R Technologies LLC	NeuvooBouEindh: #(Jr.) #Manufacturing Engineer nodig! #jobs http://t.co/MjIGkTz7ZG http://t.co/NiEKtUX273	Thu Sep 24 12:44:37 +0000 2015
Jobs Zwolle	#Manufacturing #Engineer, Brink Towing Systems B.V. nodig! #jobs https://t.co/WVO8jX2Mdx. https://t.co/vR2XMTfBeR	Fri Oct 23 22:04:24 +0000 2015
Jobs Amersfoort	#Manufacturing #Engineer Veenendaal Procesoptimalisatie nodig! #jobs https://t.co/tNc1Ov80JI	Sun Oct 25 03:32:10 +0000 2015
Bouwkunde Eindhoven	Solliciteer nu om voor Philips te werken, als #Manufacturing #Technology Engineer in #Eindhoven #jobs  http://t.co/Lu49cvFxir	Tue Sep 29 08:27:58 +0000 2015
Jobs Zwolle	Brink Towing Systems B.V. is op zoek naar #Manufacturing #Engineer, Brink Towing Systems B.V. in #Staphorst #jobs http://t.co/WVO8jX2Mdx.	Thu Oct 15 06:47:27 +0000 2015
Jobs Amsterdam	Johnson &amp; Johnson is op zoek naar #Manufacturing #Supervisor in #Amsterdam #jobs http://t.co/rtobcRVta3	Fri Sep 11 06:19:13 +0000 2015
Bouwkunde Eindhoven	Check dit #job: #Manufacturing #Technology Engineer bij Philips in #Eindhoven #jobs http://t.co/heGn39JU22 http://t.co/RpOabze2tB	Tue Sep 29 04:35:55 +0000 2015
Bouwkunde Eindhoven	VDL Groep is op zoek naar #Manufacturing #Engineer Systems, solliciteer nu! (#Eindhoven) #jobs http://t.co/kCEcvzz5br	Mon Oct 05 01:47:17 +0000 2015
Jeroen	#Vacature #Electronics #Engineer #Zuidholland #Manufacturing meer info? jeroen.snip@usgengineering.nl http://t.co/49qM0dW3Hy	Fri Jan 23 09:00:46 +0000 2015
Bouwkunde Eindhoven	Philips is op zoek naar #Manufacturing #Technology Engineer in #Eindhoven #jobs http://t.co/ncAh3In2q7 http://t.co/GtxofvjPgM	Wed Oct 07 20:47:49 +0000 2015
Jobs Amersfoort	LMH Engineering is op zoek naar kandidaten! #Manufacturing #Engineer in #Amersfoort, solliciteer nu! #jobs http://t.co/usmfcakeHp	Sun Oct 04 01:32:05 +0000 2015
Bouwkunde Eindhoven	#Manufacturing #Technology Engineer nodig! #jobs http://t.co/BgasQxQcTA	Wed Oct 07 18:57:04 +0000 2015
Manufacturing jobs	#jobs4u #jobs Manufacturing Electrical Engineering Co-op (Summer/Fall 2015) - Bellevue, [Bellev... http://t.co/AH6cdDOTo2 #manufacturing	Tue Jan 13 00:39:55 +0000 2015
Bouwkunde Eindhoven	Solliciteer nu om voor Philips te werken, als #Manufacturing #Technology Engineer in #Eindhoven #jobs  http://t.co/ZdfpoYIYTm	Sun Sep 27 17:15:08 +0000 2015
Jobs Leiden	Check dit #job: #Sr #Manufacturing Associate bij Janssen Biologics B.V. in #Leiden #jobs http://t.co/2o6gmZAYZZ http://t.co/i8b6RIaaMT	Sat Sep 26 15:12:42 +0000 2015
Jobs Würzburg	Brunel sucht jemanden als #Manufacturing #Engineer (Ingenieur/Diplom/Master/Bachelor) in #Würzburg #jobs #stelle http://t.co/EBzpaL6yKj	Thu Sep 17 07:30:13 +0000 2015
Jobs Leiden	Johnson &amp; Johnson is op zoek naar #Manufacturing #Supervisor in #Leiden #jobs https://t.co/GCrp9lKG17	Mon Oct 19 22:15:58 +0000 2015
Jobs Amersfoort	continu is op zoek naar #Manufacturing #Engineer in #Amersfoort, solliciteer nu! #jobs http://t.co/YJpiWyL2eG	Sun Sep 27 21:30:12 +0000 2015
Orgalime	Come and join the #Orgalime team where we all have #manufacturingatheart! #jobs #opportunity http://t.co/MTocshiJuq	Fri Jul 10 07:29:25 +0000 2015
Jobs Enschede	Check dit #job: #Manufacturing #Engineer Verspaning bij Yer in #Enschede #jobs https://t.co/tRYHevqq6i https://t.co/SKwogpN0hq	Sat Oct 31 06:48:47 +0000 2015
Bouwkunde Eindhoven	Check dit #job: #Manufacturing #Technology Engineer bij Philips in #Eindhoven #jobs http://t.co/UodnVDSivU http://t.co/3turufSKZM	Sat Sep 19 14:22:44 +0000 2015
Jobs Amersfoort	#Manufacturing #Engineer gezocht in #Amersfoort bij LMH Engineering. Solliciteer nu! #jobs http://t.co/usmfcakeHp	Sat Sep 26 13:46:09 +0000 2015
Jobs Leiden	#Manufacturing #Supervisor gezocht in #Leiden bij Johnson &amp; Johnson. Solliciteer nu! #jobs http://t.co/GCrp9lKG17 http://t.co/M6bLMm6sDn	Tue Oct 06 16:51:24 +0000 2015
Tjellens 	#jouwbaan zit er ook bij! #Manufacturing #Engineer gezocht voor Benchmark Almelo http://t.co/5jcmsbUQez #vacature http://t.co/CMYysd6Gak	Tue Feb 24 18:49:18 +0000 2015
Jobs Leiden	Solliciteer nu om voor Janssen Biologics B.V. te werken, als #Sr #Manufacturing Associate in #Leiden #jobs  http://t.co/2o6gmZAYZZ	Fri Oct 02 01:16:31 +0000 2015
Bouwkunde Eindhoven	Philips is op zoek naar #Manufacturing #Technology Engineer in #Eindhoven, solliciteer nu! #jobs http://t.co/zGEPnlOXdl	Mon Oct 05 11:19:34 +0000 2015
Jobs Utrecht	HSpro is op zoek naar #Manufacturing #Engineer in #Utrecht, solliciteer nu! #jobs http://t.co/pf9J5X2rtz	Sun Aug 30 08:17:21 +0000 2015
Jobs Amersfoort	LMH Engineering is op zoek naar #Manufacturing #Engineer, solliciteer nu! (#Amersfoort) #jobs http://t.co/usmfcakeHp	Fri Oct 02 11:23:30 +0000 2015
Jobs Zwolle	Solliciteer nu om voor YACHT te werken, als #Manufacturing #Engineer in #Staphorst #jobs  https://t.co/wEUmIEJ88f	Fri Oct 30 22:00:14 +0000 2015
Jobs Leiden	Janssen Biologics B.V. is op zoek naar kandidaten! #Sr #Manufacturing Associate in #Leiden, solliciteer nu! #jobs http://t.co/2o6gmZAYZZ	Tue Sep 29 04:17:54 +0000 2015
Jobs Zwolle	Brink Towing Systems B.V. is op zoek naar #Manufacturing #Engineer in #Staphorst #jobs https://t.co/Xi8KzyDA99	Thu Oct 22 18:02:00 +0000 2015
Engineering München	Gintec GmbH, sucht jemanden als #[GIJ-1666] #Manufacturing Engineer (w/m) in #München #jobs #stelle https://t.co/KJmIa9qxa8	Sun Oct 25 04:04:38 +0000 2015
Jobs Leiden	#Manufacturing #Supervisor Operations Job gezocht in #Leiden bij Johnson &amp; Johnson. Solliciteer nu! #jobs http://t.co/kjCexE2Rv5	Thu Oct 15 06:02:33 +0000 2015
Jobs Amersfoort	Nieuw #job beschikbaar bij continu in #Amersfoort - #Manufacturing #Engineer #jobs https://t.co/6sLrSc2tPr	Wed Oct 28 02:15:17 +0000 2015
