TMJ-NET Energy Jobs	Drilling Applications Engineer Netherlands - Baker Hughes: ( #VELSENNOORD ) http://t.co/vV7BqfpoBK #Energy #Job #Jobs #TweetMyJobs	Fri Feb 07 07:00:49 +0000 2014
TMJ-NET Energy Jobs	Baker Hughes: Drilling Applications Engineer Netherlands ( #VELSENNOORD ) http://t.co/vV7BqfpoBK #Energy #Job #Jobs #TweetMyJobs	Thu Feb 13 16:01:04 +0000 2014
TMJ-NET Energy Jobs	Drilling Applications Engineer Netherlands - Baker Hughes: ( #VELSENNOORD ) http://t.co/vV7BqfHxPS #Energy #Job #Jobs #TweetMyJobs	Thu Apr 03 07:00:56 +0000 2014
Jobs at Baker Hughes	#LINDSAY , OK #Energy #Job: Field Specialist ALS - Lindsay, OK at Baker Hughes http://t.co/69wFif0Mje #Jobs #TweetMyJobs	Tue Apr 15 18:48:09 +0000 2014
Jobs at Baker Hughes	#Energy #Job in #VELSENNOORD Drilling Applications Engineer (m/f) at Baker Hughes http://t.co/rynKrHrEbu #Jobs #TweetMyJobs	Fri Apr 18 21:47:11 +0000 2014
TMJ-NET Energy Jobs	#TweetMyJobs #Energy #Job alert: Operations Manager - Pressure Pumping | Baker Hughes | #EMMEN http://t.co/LpijLRIHlh #Jobs	Sat Jul 19 07:05:21 +0000 2014
Jobs at Baker Hughes	#DENHELDER #Sales #Job: Technical Sales Support Manager - Wireline Systems North at Baker Hughes http://t.co/9jySmnhdys #Jobs	Wed Aug 27 05:48:07 +0000 2014
TMJ-NET Engin. Jobs	#Engineering #Job in #DENHELDER: Field Engineer - Wireline Services at Baker Hughes http://t.co/wEgRtuM9Uk #Jobs #TweetMyJobs	Thu Sep 18 14:51:44 +0000 2014
TMJ-NET Engin. Jobs	Geoscientist Domain Tester - Baker Hughes: (#DELFT) http://t.co/71Xq7lYFwh #GeneralScience #Job #Jobs #TweetMyJobs	Sun Oct 19 07:27:31 +0000 2014
Jobs at Baker Hughes	Geoscientist Domain Tester - Baker Hughes: (#DELFT) http://t.co/A31L4bSLI7 #GeneralScience #Job #Jobs #TweetMyJobs	Thu Dec 04 21:30:06 +0000 2014
TMJ-NET Energy Jobs	#Energy #Job in #VELSENNOORD Drilling Applications Engineer Netherlands at Baker Hughes http://t.co/vV7BqfHxPS #Jobs #TweetMyJobs	Wed Apr 30 16:51:26 +0000 2014
Jobs at Baker Hughes	#VELSENNOORD #Energy #Job: Drilling Applications Engineer Netherlands at Baker Hughes http://t.co/76WFAyOt1E #Jobs #TweetMyJobs	Tue Jun 10 01:30:06 +0000 2014
TMJ-NET Energy Jobs	#VELSENNOORD #Energy #Job: Drilling Applications Engineer Netherlands at Baker Hughes http://t.co/vV7BqfHxPS #Jobs #TweetMyJobs	Sun Jul 06 07:05:43 +0000 2014
Jobs at Baker Hughes	#VELSENNOORD #Energy #Job: Technical Sales Engineer - Artificial Lift Systems at Baker Hughes http://t.co/g275M7XN7W #Jobs	Tue Sep 16 17:07:33 +0000 2014
Jobs at Baker Hughes	#GeneralScience #Job in #DELFT: Geoscientist Domain Tester at Baker Hughes http://t.co/WZtHFUgjV0 #Jobs #TweetMyJobs	Sat Sep 27 09:57:11 +0000 2014
TMJ-NET Engin. Jobs	Baker Hughes #GeneralScience #Job: Geoscientist Domain Tester (#DELFT) http://t.co/71Xq7lYFwh #Jobs #TweetMyJobs	Wed Nov 05 11:36:20 +0000 2014
TMJ-NET Engin. Jobs	Baker Hughes: Geoscientist Domain Tester (#DELFT) http://t.co/xYADJjQhuG #GeneralScience #Job #Jobs #TweetMyJobs	Fri Nov 21 13:46:51 +0000 2014
Jobs at Baker Hughes	Field Specialist - Intelligent Production Sys... - Baker Hughes: (#VELSENNOORD, Noord-Holland) http://t.co/6Pm7rxk0vx #Energy #Job	Thu Dec 18 18:55:23 +0000 2014
TMJ-NET Energy Jobs	Baker Hughes: Drilling Applications Engineer Netherlands ( #VELSENNOORD ) http://t.co/vV7BqfpoBK #Energy #Job #Jobs #TweetMyJobs	Fri Jan 03 07:00:38 +0000 2014
Jobs at Baker Hughes	Baker Hughes: Field Specialist - Tubulars ( #VELSENNOORD ) http://t.co/ZekFrYFsNJ #Energy #Job #Jobs #TweetMyJobs	Fri Jan 03 18:47:36 +0000 2014
Jobs at Baker Hughes	Baker Hughes #SkilledTrade #Job: Maintenance Engineer - Wireline Systems ( #DENHELDER ) http://t.co/qXNFKGlOxr #Jobs #TweetMyJobs	Sun Feb 09 16:27:04 +0000 2014
Jobs at Baker Hughes	Baker Hughes: Technical Sales Support Manager - Wireline Systems North ( #DENHELDER ) http://t.co/7K30dsESsM #Sales #Job #Jobs	Thu Mar 20 15:28:58 +0000 2014
TMJ-NET Energy Jobs	#Energy #Job in #VELSENNOORD Drilling Applications Engineer (m/f) at Baker Hughes http://t.co/BtaLXpjbmp #Jobs #TweetMyJobs	Tue Apr 15 07:00:46 +0000 2014
Jobs at Baker Hughes	Baker Hughes: Drilling Applications Engineer Netherlands ( #VELSENNOORD ) http://t.co/tf8qQOwotQ #Energy #Job #Jobs #TweetMyJobs	Mon May 12 16:47:10 +0000 2014
Jobs at Baker Hughes	Baker Hughes #Energy #Job: Drilling Applications Engineer (m/f) (#VELSENNOORD) http://t.co/EpLlBW97nk #Jobs #TweetMyJobs	Wed Jul 02 21:42:41 +0000 2014
TMJ-NET Energy Jobs	Operations Manager - Pressure Pumping - Baker Hughes: (#EMMEN) http://t.co/NdAzfD9Wgi #Energy #Job #Jobs #TweetMyJobs	Tue Jul 15 07:05:27 +0000 2014
Jobs at Baker Hughes	Baker Hughes #Engineering #Job: Field Engineer - Wireline Services (#DENHELDER) http://t.co/rkryF6OnOo #Jobs #TweetMyJobs	Thu Aug 28 21:13:19 +0000 2014
TMJ-NET Engin. Jobs	Baker Hughes #Engineering #Job: Field Engineer - Wireline Services (#DENHELDER) http://t.co/wEgRtuM9Uk #Jobs #TweetMyJobs	Sun Aug 31 07:05:28 +0000 2014
TMJ-NET Energy Jobs	Baker Hughes #Energy #Job: Field Specialist - Intelligent Production Systems (#VELSENNOORD) http://t.co/zD2qxA2nJd #Jobs	Tue Sep 30 07:05:28 +0000 2014
TMJ-NET Energy Jobs	#Energy #Job in #VELSENNOORD: Field Specialist - Intelligent Production Systems at Baker Hughes http://t.co/zD2qxA2nJd #Jobs	Sat Oct 04 07:07:25 +0000 2014
TMJ-NET Energy Jobs	Baker Hughes: Technical Sales Engineer - Artificial Lift Systems (#VELSENNOORD) http://t.co/AoBijsfjif #Energy #Job #Jobs	Sat Oct 18 07:13:46 +0000 2014
TMJ-NET Energy Jobs	#VELSENNOORD #Energy #Job: Technical Sales Engineer - Artificial Lift Systems at Baker Hughes http://t.co/AoBijsfjif #Jobs	Sun Oct 19 07:13:55 +0000 2014
TMJ-NET Energy Jobs	#TweetMyJobs #Energy #Job alert: Export Specialist | Baker Hughes | #VELSENNOORD http://t.co/pg4QC8355R #Jobs	Tue Dec 09 07:41:26 +0000 2014
TMJ-NET Energy Jobs	#Energy #Job in #EINDHOVEN, Noord-Brabant: Field Service Coordinator at Baker Hughes http://t.co/YfxHmcanld #Jobs #TweetMyJobs	Fri Dec 12 07:42:38 +0000 2014
TMJ-NET Energy Jobs	Baker Hughes: Drilling Applications Engineer Netherlands ( #VELSENNOORD ) http://t.co/vV7BqfpoBK #Energy #Job #Jobs #TweetMyJobs	Thu Feb 20 07:00:41 +0000 2014
TMJ-NET Energy Jobs	Baker Hughes: Drilling Applications Engineer (m/f) ( #VELSENNOORD ) http://t.co/BtaLXpjbmp #Energy #Job #Jobs #TweetMyJobs	Sun Apr 20 07:00:42 +0000 2014
TMJ-NET Energy Jobs	Directional Driller - Baker Hughes: (#VELSENNOORD) http://t.co/XjzEoOuRvX #Energy #Job #Jobs #TweetMyJobs	Thu Jul 24 07:05:31 +0000 2014
TMJ-NET IT Jobs	Baker Hughes #IT #Job: Geoscientist - Technical Support (#DELFT) http://t.co/ezalsEMmN4 #Jobs #TweetMyJobs	Sun Aug 31 10:31:53 +0000 2014
Jobs at Baker Hughes	Baker Hughes: Field Specialist - Intelligent Production Systems (#VELSENNOORD) http://t.co/6Pm7rwtd7l #Energy #Job #Jobs	Mon Sep 01 23:36:29 +0000 2014
Jobs at Baker Hughes	Baker Hughes: Operations Manager - Pressure Pumping (#EMMEN) http://t.co/0xFra6zKpi #Energy #Job #Jobs #TweetMyJobs	Sat Sep 20 12:50:42 +0000 2014
TMJ-NET IT Jobs	Geoscientist - Technical Support - Baker Hughes: (#DELFT) http://t.co/ezalsEMmN4 #IT #Job #Jobs #TweetMyJobs	Wed Sep 24 11:04:53 +0000 2014
TMJ-NET Energy Jobs	#Energy #Job in #VELSENNOORD: Technical Sales Engineer - Artificial Lift Systems at Baker Hughes http://t.co/AoBijsfjif #Jobs	Fri Oct 03 07:06:51 +0000 2014
TMJ-NET Energy Jobs	#Energy #Job in #VELSENNOORD: Technical Sales Engineer - Artificial Lift Systems at Baker Hughes http://t.co/AoBijsfjif #Jobs	Sat Oct 11 07:11:00 +0000 2014
Jobs at Baker Hughes	#Energy #Job in #LINDSAY , OK: Field Specialist ALS - Lindsay, OK at Baker Hughes http://t.co/69wFif0Mje #Jobs #TweetMyJobs	Fri Apr 04 21:27:40 +0000 2014
Jobs at Baker Hughes	#Energy #Job in #VELSENNOORD: Directional Driller at Baker Hughes http://t.co/GCyqgS4Kdo #Jobs #TweetMyJobs	Mon Jul 28 18:10:11 +0000 2014
TMJ-NET Engin. Jobs	Baker Hughes #GeneralScience #Job: Geoscientist Domain Tester (#DELFT) http://t.co/xYADJjQhuG #Jobs #TweetMyJobs	Thu Dec 04 13:07:44 +0000 2014
Jobs at Baker Hughes	Baker Hughes: Wireline Field Engineers &amp; Field Operators - Continental Europe ( #DENHELDER ) http://t.co/nznM3Vqnut #Energy #Job	Fri Jan 03 17:07:15 +0000 2014
Jobs at Baker Hughes	Baker Hughes: COMPOSITES TECHNICAL SPECIALST (North American Region) - Hou... ( #HOUSTON , TX) http://t.co/3lojhIELlv #Energy #Job	Sun Mar 23 22:07:03 +0000 2014
Jobs at Baker Hughes	Baker Hughes: Maintenance Engineer - Wireline Systems ( #DENHELDER ) http://t.co/YLdwor3bSd #SkilledTrade #Job #Jobs #TweetMyJobs	Fri Apr 18 17:47:54 +0000 2014
Jobs at Baker Hughes	Direct Sales Executive - Wireline - EARC - Baker Hughes: ( #VELSENNOORD ) http://t.co/XJ34RPxL3E #Sales #Job #Jobs #TweetMyJobs	Tue Jun 17 18:40:38 +0000 2014
Jobs at Baker Hughes	Technical Sales Support Manager - Wireline Systems North - Baker Hughes: (#DENHELDER) http://t.co/9jySmnzmMA #Sales #Job #Jobs	Tue Jul 22 12:20:44 +0000 2014
TMJ-NET Engin. Jobs	Baker Hughes #GeneralScience #Job: Geoscientist Domain Tester (#DELFT) http://t.co/71Xq7lYFwh #Jobs #TweetMyJobs	Sun Sep 14 15:39:10 +0000 2014
TMJ-NET Energy Jobs	Baker Hughes: Wireline Field Engineers &amp; Field Operators - Continental Europe ( #DENHELDER ) http://t.co/PFOhmBV8eN #Energy #Job	Fri Jan 03 07:00:40 +0000 2014
TMJ-NET Energy Jobs	#DENHELDER #Energy #Job: Field Operator - Wireline Systems at Baker Hughes http://t.co/xNAUTV0cbc #Jobs #TweetMyJobs	Mon Feb 03 07:00:39 +0000 2014
Jobs at Baker Hughes	#SkilledTrade #Job in #DENHELDER Maintenance Engineer - Wireline Systems at Baker Hughes http://t.co/qXNFKGlOxr #Jobs	Sat Feb 22 17:47:27 +0000 2014
Jobs at Baker Hughes	Baker Hughes: Electro-mechanical Technician - Wireline Systems ( #DENHELDER ) http://t.co/LAKm8RtQ2w #SkilledTrade #Job #Jobs	Fri Mar 21 18:07:37 +0000 2014
Jobs at Baker Hughes	#SkilledTrade #Job in #DENHELDER Maintenance Engineer - Wireline Systems at Baker Hughes http://t.co/YLdwor3bSd #Jobs	Fri Mar 21 18:27:24 +0000 2014
TMJ-NET Energy Jobs	Drilling Applications Engineer (m/f) - Baker Hughes: (#VELSENNOORD) http://t.co/BtaLXpjbmp #Energy #Job #Jobs #TweetMyJobs	Mon Jul 28 07:05:34 +0000 2014
TMJ-NET Energy Jobs	#Energy #Job in #VELSENNOORD: Directional Driller at Baker Hughes http://t.co/XjzEoOuRvX #Jobs #TweetMyJobs	Fri Aug 15 07:05:19 +0000 2014
Jobs at Baker Hughes	#VELSENNOORD #Energy #Job: Field Specialist - Intelligent Production Systems at Baker Hughes http://t.co/6Pm7rwtd7l #Jobs	Fri Oct 03 03:23:19 +0000 2014
TMJ-NET Energy Jobs	Field Specialist - Intelligent Production Systems - Baker Hughes: (#VELSENNOORD) http://t.co/zD2qxA2nJd #Energy #Job #Jobs	Mon Oct 06 07:08:32 +0000 2014
Jobs at Baker Hughes	Field Specialist - Intelligent Production Systems - Baker Hughes: (#VELSENNOORD) http://t.co/6Pm7rwtd7l #Energy #Job #Jobs	Sat Oct 11 23:09:19 +0000 2014
TMJ-NET Engin. Jobs	Baker Hughes: Geoscientist Domain Tester (#DELFT) http://t.co/71Xq7lYFwh #GeneralScience #Job #Jobs #TweetMyJobs	Thu Oct 30 15:08:47 +0000 2014
Jobs at Baker Hughes	#DENHELDER #SkilledTrade #Job: Electro-mechanical Technician - Wireline Systems at Baker Hughes http://t.co/LAKm8RtQ2w #Jobs	Fri Feb 28 22:07:49 +0000 2014
TMJ-NET Energy Jobs	#Energy #Job alert: Drilling Applications Engineer Netherlands | Baker Hughes | #VELSENNOORD http://t.co/vV7BqfHxPS #Jobs	Thu Mar 27 07:00:57 +0000 2014
TMJ-NET Energy Jobs	#Energy #Job in #VELSENNOORD Drilling Applications Engineer Netherlands at Baker Hughes http://t.co/vV7BqfHxPS #Jobs #TweetMyJobs	Sat May 24 16:11:26 +0000 2014
Jobs at Baker Hughes	Drilling Applications Engineer Netherlands - Baker Hughes: ( #VELSENNOORD ) http://t.co/76WFAyOt1E #Energy #Job #Jobs #TweetMyJobs	Sun Jun 15 21:25:08 +0000 2014
Jobs at Baker Hughes	#EMMEN #Energy #Job: Operations Manager - Pressure Pumping at Baker Hughes http://t.co/0xFra6iHni #Jobs #TweetMyJobs	Thu Jul 10 18:14:35 +0000 2014
Jobs at Baker Hughes	Drilling Applications Engineer (m/f) - Baker Hughes: (#VELSENNOORD) http://t.co/EpLlBW97nk #Energy #Job #Jobs #TweetMyJobs	Tue Jul 15 10:51:35 +0000 2014
Jobs at Baker Hughes	Baker Hughes #SkilledTrade #Job: Maintenance Engineer - Wireline Systems (#DENHELDER) http://t.co/0zDwI40XJb #Jobs #TweetMyJobs	Sun Jul 27 01:20:56 +0000 2014
TMJ-NET Energy Jobs	Baker Hughes: Operations Manager - Pressure Pumping (#EMMEN) http://t.co/NdAzfD9Wgi #Energy #Job #Jobs #TweetMyJobs	Mon Aug 04 07:05:18 +0000 2014
Jobs at Baker Hughes	Baker Hughes: Field Specialist - Intelligent Production Systems (#VELSENNOORD) http://t.co/6Pm7rwtd7l #Energy #Job #Jobs	Sun Sep 14 01:07:42 +0000 2014
Jobs at Baker Hughes	#TweetMyJobs #IT #Job alert: Geoscientist - Technical Support | Baker Hughes | #DELFT http://t.co/G0kZvoHLuR #Jobs	Thu Sep 18 22:36:44 +0000 2014
Jobs at Baker Hughes	Baker Hughes #GeneralScience #Job: Drilling and Completions Fluids R&amp;D Scientist - Hou... ( #HOUSTON , TX) http://t.co/Iev308ppBY	Mon Jan 20 00:46:40 +0000 2014
TMJ-NET Energy Jobs	Baker Hughes: Drilling Applications Engineer (m/f) ( #VELSENNOORD ) http://t.co/BtaLXpjbmp #Energy #Job #Jobs #TweetMyJobs	Sat Apr 19 10:20:45 +0000 2014
TMJ-NET Energy Jobs	#Energy #Job in #VELSENNOORD Drilling Applications Engineer Netherlands at Baker Hughes http://t.co/vV7BqfHxPS #Jobs #TweetMyJobs	Mon Jun 09 07:05:30 +0000 2014
TMJ-NET Energy Jobs	Baker Hughes: Drilling Applications Engineer Netherlands ( #VELSENNOORD ) http://t.co/vV7BqfHxPS #Energy #Job #Jobs #TweetMyJobs	Sun Jun 15 07:05:35 +0000 2014
TMJ-NET Energy Jobs	#Energy #Job alert: Drilling Applications Engineer Netherlands | Baker Hughes | #VELSENNOORD http://t.co/vV7BqfHxPS #Jobs	Sat Jun 21 07:05:32 +0000 2014
TMJ-NET Energy Jobs	#Energy #Job in #EMMEN: Operations Manager - Pressure Pumping at Baker Hughes http://t.co/NdAzfD9Wgi #Jobs #TweetMyJobs	Thu Jul 31 07:05:30 +0000 2014
Jobs at Baker Hughes	Baker Hughes: Technical Sales Support Manager - Wireline Systems North (#DENHELDER) http://t.co/9jySmnhdys #Sales #Job #Jobs	Mon Sep 08 05:40:36 +0000 2014
Jobs at Baker Hughes	#DELFT #IT #Job: Geoscientist - Technical Support at Baker Hughes http://t.co/G0kZvoHLuR #Jobs #TweetMyJobs	Fri Sep 12 19:07:01 +0000 2014
Jobs at Baker Hughes	#VELSENNOORD #Energy #Job: Technical Sales Engineer - Artificial Lift Systems at Baker Hughes http://t.co/g275M7XN7W #Jobs	Tue Oct 14 11:54:47 +0000 2014
TMJ-NET Energy Jobs	Export Specialist - Baker Hughes: (#VELSENNOORD) http://t.co/pg4QC8355R #Energy #Job #Jobs #TweetMyJobs	Thu Nov 27 07:35:21 +0000 2014
Jobs at Baker Hughes	#Energy #Job in #VELSENNOORD Drilling Applications Engineer Netherlands at Baker Hughes http://t.co/tf8qQOeffI #Jobs #TweetMyJobs	Fri Feb 07 16:48:30 +0000 2014
Jobs at Baker Hughes	#Sales #Job in #DENHELDER Technical Sales Support Manager - Wireline Systems North at Baker Hughes http://t.co/9jySmnzmMA #Jobs	Mon Jun 09 15:50:33 +0000 2014
Jobs at Baker Hughes	#TweetMyJobs #Energy #Job alert: Operations Manager - Pressure Pumping | Baker Hughes | #EMMEN http://t.co/0xFra6iHni #Jobs	Thu Aug 21 03:22:45 +0000 2014
TMJ-NET Energy Jobs	#Energy #Job alert: Technical Sales Engineer - Artificial Lift Systems | Baker Hughes | #VELSENNOORD http://t.co/AoBijsfjif	Fri Sep 26 07:05:31 +0000 2014
TMJ-NET Engin. Jobs	Geoscientist Domain Tester - Baker Hughes: (#DELFT) http://t.co/71Xq7lYFwh #GeneralScience #Job #Jobs #TweetMyJobs	Thu Oct 02 10:44:18 +0000 2014
TMJ-NET IT Jobs	Baker Hughes #IT #Job: Geoscientist - Technical Support (#DELFT) http://t.co/oRyPGiotMK #Jobs #TweetMyJobs	Fri Oct 03 07:05:18 +0000 2014
TMJ-NET Energy Jobs	#TweetMyJobs #Energy #Job alert: Export Specialist | Baker Hughes | #VELSENNOORD http://t.co/pg4QC8355R #Jobs	Sat Dec 06 07:40:34 +0000 2014
Jobs at Baker Hughes	Baker Hughes #GeneralScience #Job: Drilling and Completions Fluids R&amp;D Scientist - Hou... ( #HOUSTON , TX) http://t.co/Iev308ppBY	Thu Jan 02 03:47:01 +0000 2014
TMJ-NET Energy Jobs	#Energy #Job in #DENHELDER Field Operator - Wireline Systems at Baker Hughes http://t.co/5gB5RPjyot #Jobs #TweetMyJobs	Tue Feb 11 07:00:44 +0000 2014
TMJ-NET Energy Jobs	#Energy #Job alert: Drilling Applications Engineer Netherlands | Baker Hughes | #VELSENNOORD http://t.co/Qd6aTql1Ov #Jobs	Thu Apr 10 07:00:51 +0000 2014
TMJ-NET Energy Jobs	Baker Hughes #Energy #Job: Drilling Applications Engineer (m/f) ( #VELSENNOORD ) http://t.co/BtaLXpjbmp #Jobs #TweetMyJobs	Sun May 25 07:00:49 +0000 2014
Jobs at Baker Hughes	Baker Hughes: Direct Sales Executive - Drilling Systems - EARC ( #VELSENNOORD ) http://t.co/V1uO8HtcKm #Sales #Job #Jobs	Tue Jun 17 10:17:59 +0000 2014
TMJ-NET Energy Jobs	Drilling Applications Engineer (m/f) - Baker Hughes: (#VELSENNOORD) http://t.co/BtaLXpjbmp #Energy #Job #Jobs #TweetMyJobs	Tue Jul 01 07:05:29 +0000 2014
Jobs at Baker Hughes	#Sales #Job alert: Technical Sales Support Manager - Wireline Systems North | Baker Hughes | #DENHELDER http://t.co/9jySmnzmMA	Fri Jul 04 17:59:44 +0000 2014
TMJ-NET Energy Jobs	Baker Hughes #Energy #Job: Operations Manager - Pressure Pumping (#EMMEN) http://t.co/NdAzfD9Wgi #Jobs #TweetMyJobs	Wed Aug 20 07:05:34 +0000 2014
TMJ-NET Energy Jobs	Baker Hughes #Energy #Job: Operations Manager - Pressure Pumping (#EMMEN) http://t.co/NdAzfDqZii #Jobs #TweetMyJobs	Mon Sep 01 07:05:26 +0000 2014
Jobs at Baker Hughes	Baker Hughes: Technical Sales Engineer - Artificial Lift Systems (#VELSENNOORD) http://t.co/g275M7XN7W #Energy #Job #Jobs	Wed Sep 10 15:28:40 +0000 2014
Jobs at Baker Hughes	#Energy #Job alert: Technical Sales Engineer - Artificial Lift Systems | Baker Hughes | #VELSENNOORD http://t.co/g275M7XN7W	Mon Sep 22 12:53:42 +0000 2014
Jobs at Baker Hughes	#TweetMyJobs #Energy #Job alert: LWD Engineers | Baker Hughes | #VELSENNOORD http://t.co/OxBhzPFUqH #Jobs	Fri Sep 26 01:48:59 +0000 2014
Jobs at Baker Hughes	Baker Hughes: Geoscientist Domain Tester (#DELFT) http://t.co/WZtHFUgjV0 #GeneralScience #Job #Jobs #TweetMyJobs	Sun Oct 12 18:21:02 +0000 2014
Jobs at Baker Hughes	Baker Hughes #SkilledTrade #Job: Mechanical Technician - Wireline Systems (#DENHELDER, Noord-Holland) http://t.co/2P9q792x27	Sat Dec 20 04:01:04 +0000 2014
Jobs at Baker Hughes	#HOUSTON , TX #GeneralScience #Job: Drilling and Completions Fluids R&amp;D Scientist - Hou... at Baker Hughes http://t.co/On1LOkeLnr	Sun Jan 19 23:06:42 +0000 2014
Jobs at Baker Hughes	#Energy #Job alert: Drilling Applications Engineer Netherlands | Baker Hughes | #VELSENNOORD http://t.co/76WFAyOt1E #Jobs	Tue Jul 22 17:35:18 +0000 2014
TMJ-NET Energy Jobs	Baker Hughes #Energy #Job: Field Specialist - Intelligent Production Systems (#VELSENNOORD) http://t.co/zD2qxA2nJd #Jobs	Tue Sep 02 07:05:10 +0000 2014
TMJ-NET Energy Jobs	#TweetMyJobs #Energy #Job alert: Export Specialist | Baker Hughes | #VELSENNOORD, Noord-Holland http://t.co/pg4QC8355R #Jobs	Wed Dec 17 07:43:40 +0000 2014
Jobs at Baker Hughes	#Energy #Job in #DENHELDER Field Operator - Wireline Systems at Baker Hughes http://t.co/Dkxan05XQc #Jobs #TweetMyJobs	Mon Jan 13 16:26:42 +0000 2014
TMJ-NET Energy Jobs	#Energy #Job alert: Drilling Applications Engineer Netherlands | Baker Hughes | #VELSENNOORD http://t.co/vV7BqfHxPS #Jobs	Thu Mar 20 07:00:49 +0000 2014
Jobs at Baker Hughes	#Energy #Job in #VELSENNOORD Drilling Applications Engineer Netherlands at Baker Hughes http://t.co/tf8qQOwotQ #Jobs #TweetMyJobs	Thu Mar 27 15:10:29 +0000 2014
Jobs at Baker Hughes	Baker Hughes #SupplyChain #Job: Electro-Mechanical Technician - Wireline Systems (#DENHELDER) http://t.co/P5Ms75uVy5 #Jobs	Wed Jun 25 10:30:01 +0000 2014
Jobs at Baker Hughes	#SupplyChain #Job in #DENHELDER: Electro-Mechanical Technician - Wireline Systems at Baker Hughes http://t.co/P5Ms75uVy5 #Jobs	Sun Jul 13 12:33:07 +0000 2014
Jobs at Baker Hughes	#DENHELDER #SupplyChain #Job: Electro-Mechanical Technician - Wireline Systems at Baker Hughes http://t.co/P5Ms75uVy5 #Jobs	Fri Jul 25 15:15:33 +0000 2014
TMJ-NET Energy Jobs	Operations Manager - Pressure Pumping - Baker Hughes: (#EMMEN) http://t.co/NdAzfDqZii #Energy #Job #Jobs #TweetMyJobs	Sun Aug 24 07:06:34 +0000 2014
TMJ-NET Engin. Jobs	#DENHELDER #Engineering #Job: Field Engineer - Wireline Services at Baker Hughes http://t.co/wEgRtuM9Uk #Jobs #TweetMyJobs	Fri Aug 29 08:51:35 +0000 2014
TMJ-NET Energy Jobs	Technical Sales Engineer - Artificial Lift Systems - Baker Hughes: (#VELSENNOORD) http://t.co/AoBijsfjif #Energy #Job #Jobs	Wed Sep 17 07:05:18 +0000 2014
TMJ-NET Energy Jobs	#Energy #Job in #EMMEN: Operations Manager - Pressure Pumping at Baker Hughes http://t.co/NdAzfDqZii #Jobs #TweetMyJobs	Sun Sep 21 07:05:34 +0000 2014
TMJ-NET Energy Jobs	Baker Hughes: LWD Engineers (#VELSENNOORD) http://t.co/C1fkzF9Rwd #Energy #Job #Jobs #TweetMyJobs	Thu Sep 25 07:05:10 +0000 2014
Jobs at Baker Hughes	#DELFT #IT #Job: Geoscientist - Technical Support at Baker Hughes http://t.co/kfGToX70kg #Jobs #TweetMyJobs	Thu Oct 02 19:27:35 +0000 2014
Jobs at Baker Hughes	Baker Hughes: Technical Sales Engineer - Artificial Lift Systems (#VELSENNOORD) http://t.co/g275M7XN7W #Energy #Job #Jobs	Sun Oct 05 21:14:10 +0000 2014
Jobs at Baker Hughes	Baker Hughes #GeneralScience #Job: Drilling and Completions Fluids R&amp;D Scientist - Hou... ( #HOUSTON , TX) http://t.co/Iev308ppBY	Wed Jan 08 02:47:14 +0000 2014
Jobs at Baker Hughes	#TweetMyJobs #Energy #Job alert: Field Specialist ALS - Lindsay, OK | Baker Hughes | #LINDSAY , OK http://t.co/69wFif0Mje #Jobs	Sat Apr 19 21:07:07 +0000 2014
TMJ-NET Energy Jobs	Drilling Applications Engineer (m/f) - Baker Hughes: ( #VELSENNOORD ) http://t.co/BtaLXpjbmp #Energy #Job #Jobs #TweetMyJobs	Mon Jun 16 07:05:27 +0000 2014
TMJ-NET Energy Jobs	Drilling Applications Engineer Netherlands - Baker Hughes: (#VELSENNOORD) http://t.co/vV7BqfHxPS #Energy #Job #Jobs #TweetMyJobs	Thu Jul 17 07:05:30 +0000 2014
TMJ-NET Energy Jobs	Directional Driller - Baker Hughes: (#VELSENNOORD) http://t.co/XjzEoOuRvX #Energy #Job #Jobs #TweetMyJobs	Thu Aug 07 07:05:37 +0000 2014
TMJ-NET IT Jobs	Baker Hughes #IT #Job: Geoscientist - Technical Support (#DELFT) http://t.co/ezalsEMmN4 #Jobs #TweetMyJobs	Sat Sep 06 11:17:20 +0000 2014
TMJ-NET Energy Jobs	#Energy #Job alert: Technical Sales Engineer - Artificial Lift Systems | Baker Hughes | #VELSENNOORD http://t.co/AoBijsfjif	Tue Sep 09 07:05:10 +0000 2014
TMJ-NET Engin. Jobs	#TweetMyJobs #GeneralScience #Job alert: Geoscientist Domain Tester | Baker Hughes | #DELFT http://t.co/71Xq7lYFwh #Jobs	Wed Oct 08 07:05:35 +0000 2014
Jobs at Baker Hughes	Baker Hughes #IT #Job: Geoscientist - Technical Support (#DELFT) http://t.co/kfGToX70kg #Jobs #TweetMyJobs	Sat Oct 11 11:20:11 +0000 2014
TMJ-NET IT Jobs	#IT #Job in #DELFT: Geoscientist - Technical Support at Baker Hughes http://t.co/oRyPGiotMK #Jobs #TweetMyJobs	Mon Oct 27 09:10:47 +0000 2014
TMJ-NET Energy Jobs	#Energy #Job in #VELSENNOORD: Export Specialist at Baker Hughes http://t.co/pg4QC8355R #Jobs #TweetMyJobs	Fri Dec 05 07:40:07 +0000 2014
TMJ-NET Energy Jobs	#Energy #Job alert: Field Specialist - Intelligent Produc... | Baker Hughes | #VELSENNOORD, Noord-Holland http://t.co/zD2qxAjYRh	Sun Dec 28 07:05:20 +0000 2014
TMJ-NET Energy Jobs	#TweetMyJobs #Energy #Job alert: Field Operator - Wireline Systems | Baker Hughes | #DENHELDER http://t.co/xNAUTV0cbc #Jobs	Mon Jan 13 16:20:36 +0000 2014
TMJ-NET Energy Jobs	Drilling Applications Engineer (m/f) - Baker Hughes: (#VELSENNOORD) http://t.co/BtaLXpjbmp #Energy #Job #Jobs #TweetMyJobs	Tue Jul 22 07:05:56 +0000 2014
Jobs at Baker Hughes	#EMMEN #Energy #Job: Operations Manager - Pressure Pumping at Baker Hughes http://t.co/0xFra6iHni #Jobs #TweetMyJobs	Sun Aug 03 10:54:17 +0000 2014
TMJ-NET Energy Jobs	Baker Hughes #Energy #Job: LWD Engineers (#VELSENNOORD) http://t.co/C1fkzESOud #Jobs #TweetMyJobs	Sun Aug 10 07:05:27 +0000 2014
Jobs at Baker Hughes	Baker Hughes: Geoscientist - Technical Support (#DELFT) http://t.co/xRKImkU7WC #IT #Job #Jobs #TweetMyJobs	Mon Aug 18 23:57:35 +0000 2014
TMJ-NET IT Jobs	#IT #Job in #DELFT: Geoscientist - Technical Support at Baker Hughes http://t.co/ezalsEMmN4 #Jobs #TweetMyJobs	Thu Sep 18 10:38:21 +0000 2014
TMJ-NET Energy Jobs	Baker Hughes: Field Specialist - Intelligent Production Systems (#VELSENNOORD) http://t.co/zD2qxA2nJd #Energy #Job #Jobs	Wed Oct 08 07:09:36 +0000 2014
TMJ-NET Engin. Jobs	#GeneralScience #Job in #DELFT: Geoscientist Domain Tester at Baker Hughes http://t.co/71Xq7lYFwh #Jobs #TweetMyJobs	Mon Oct 13 11:17:51 +0000 2014
TMJ-NET Energy Jobs	#Energy #Job alert: Field Specialist - Intelligent Produc... | Baker Hughes | #VELSENNOORD, Noord-Holland http://t.co/zD2qxAjYRh	Thu Dec 25 07:05:38 +0000 2014
Jobs at Baker Hughes	#DENHELDER #Energy #Job: Field Operator - Wireline Systems at Baker Hughes http://t.co/Dkxan05XQc #Jobs #TweetMyJobs	Mon Jan 20 12:07:34 +0000 2014
Jobs at Baker Hughes	#HOUSTON , TX #GeneralScience #Job: Drilling and Completions Fluids R&amp;D Scientist - Hou... at Baker Hughes http://t.co/Iev308ppBY	Sun Jan 26 00:26:47 +0000 2014
Jobs at Baker Hughes	Baker Hughes #Sales #Job: Technical Sales Support Manager - Wireline Systems North ( #DENHELDER ) http://t.co/7K30dsESsM #Jobs	Thu May 15 15:19:14 +0000 2014
Jobs at Baker Hughes	Direct Sales Executive - Drilling Systems - EARC - Baker Hughes: ( #VELSENNOORD ) http://t.co/a3h3McMe1E #Sales #Job #Jobs	Thu May 15 17:28:36 +0000 2014
Jobs at Baker Hughes	#VELSENNOORD #Energy #Job: Drilling Applications Engineer (m/f) at Baker Hughes http://t.co/EpLlBW97nk #Jobs #TweetMyJobs	Fri Jun 20 18:17:34 +0000 2014
TMJ-NET Energy Jobs	Baker Hughes: Operations Manager - Pressure Pumping (#EMMEN) http://t.co/NdAzfD9Wgi #Energy #Job #Jobs #TweetMyJobs	Fri Jul 11 07:19:57 +0000 2014
Jobs at Baker Hughes	Baker Hughes: LWD Engineers (#VELSENNOORD) http://t.co/OxBhzPoRoH #Energy #Job #Jobs #TweetMyJobs	Sun Aug 03 18:33:13 +0000 2014
TMJ-NET IT Jobs	#DELFT #IT #Job: Geoscientist - Technical Support at Baker Hughes http://t.co/ezalsF4w1c #Jobs #TweetMyJobs	Tue Aug 19 07:05:13 +0000 2014
TMJ-NET Energy Jobs	Baker Hughes #Energy #Job: Operations Manager - Pressure Pumping (#EMMEN) http://t.co/NdAzfDqZii #Jobs #TweetMyJobs	Fri Aug 29 07:05:28 +0000 2014
Jobs at Baker Hughes	#VELSENNOORD #Energy #Job: Drilling Applications Engineer (m/f) at Baker Hughes http://t.co/rynKrHrEbu #Jobs #TweetMyJobs	Sun Apr 20 17:26:53 +0000 2014
Jobs at Baker Hughes	#Sales #Job in #DENHELDER Technical Sales Support Manager - Wireline Systems North at Baker Hughes http://t.co/7K30dsESsM #Jobs	Thu May 01 15:14:21 +0000 2014
TMJ-NET Energy Jobs	#VELSENNOORD #Energy #Job: Drilling Applications Engineer Netherlands at Baker Hughes http://t.co/vV7BqfHxPS #Jobs #TweetMyJobs	Tue May 06 16:43:20 +0000 2014
Jobs at Baker Hughes	#DENHELDER #Sales #Job: Technical Sales Support Manager - Wireline Systems North at Baker Hughes http://t.co/9jySmnzmMA #Jobs	Tue Jun 03 20:06:53 +0000 2014
Jobs at Baker Hughes	#DENHELDER #SupplyChain #Job: Electro-Mechanical Technician - Wireline Systems at Baker Hughes http://t.co/P5Ms75uVy5 #Jobs	Mon Jul 07 17:13:44 +0000 2014
TMJ-NET Engin. Jobs	#TweetMyJobs #GeneralScience #Job alert: Geoscientist Domain Tester | Baker Hughes | #DELFT http://t.co/71Xq7lYFwh #Jobs	Fri Sep 26 10:26:26 +0000 2014
TMJ-NET Energy Jobs	Baker Hughes #Energy #Job: Technical Sales Engineer - Artificial Lift Systems (#VELSENNOORD) http://t.co/AoBijsfjif #Jobs	Thu Oct 09 07:10:04 +0000 2014
TMJ-NET Energy Jobs	Baker Hughes #Energy #Job: Field Specialist - Intelligent Production Systems (#VELSENNOORD, Noord-Holland) http://t.co/zD2qxAjYRh	Mon Dec 22 07:05:19 +0000 2014
TMJ-NET Energy Jobs	#Energy #Job in #VELSENNOORD Drilling Applications Engineer Netherlands at Baker Hughes http://t.co/vV7BqfHxPS #Jobs #TweetMyJobs	Thu Mar 06 07:00:50 +0000 2014
Jobs at Baker Hughes	#VELSENNOORD #Sales #Job: Direct Sales Executive - Wireline - EARC at Baker Hughes http://t.co/XJ34RPxL3E #Jobs #TweetMyJobs	Thu Jun 05 15:52:44 +0000 2014
TMJ-NET Energy Jobs	#VELSENNOORD #Energy #Job: Drilling Applications Engineer Netherlands at Baker Hughes http://t.co/vV7BqfHxPS #Jobs #TweetMyJobs	Thu Jul 03 16:52:29 +0000 2014
TMJ-NET Energy Jobs	#Energy #Job in #VELSENNOORD: Field Specialist - Intelligent Production Systems at Baker Hughes http://t.co/zD2qxA2nJd #Jobs	Thu Sep 18 07:05:37 +0000 2014
TMJ-NET Energy Jobs	#Energy #Job alert: Field Specialist - Intelligent Production Systems | Baker Hughes | #VELSENNOORD http://t.co/zD2qxA2nJd #Jobs	Thu Oct 16 07:13:03 +0000 2014
Jobs at Baker Hughes	#VELSENNOORD, Noord-Holland #Energy #Job: Field Specialist - Intelligent Production Sys... at Baker Hughes http://t.co/6Pm7rxk0vx	Fri Dec 26 05:42:25 +0000 2014
Jobs at Baker Hughes	#DENHELDER, Noord-Holland #SkilledTrade #Job: Electro-mechanical Technician - Wireline ... at Baker Hughes http://t.co/8XSnCRP929	Sat Dec 27 14:50:45 +0000 2014
Jobs at Baker Hughes	Baker Hughes #Energy #Job: Drilling Applications Engineer Netherlands ( #VELSENNOORD ) http://t.co/tf8qQOeffI #Jobs #TweetMyJobs	Fri Jan 03 12:47:05 +0000 2014
Jobs at Baker Hughes	Baker Hughes #Energy #Job: FIELD SPECIALIST IV - ALS ( #ALBASRAH ) http://t.co/1xWrfKhznY #Jobs #TweetMyJobs	Wed Jan 08 13:47:58 +0000 2014
Jobs at Baker Hughes	#VELSENNOORD #Energy #Job: Field Specialist - Tubulars at Baker Hughes http://t.co/ZekFrYFsNJ #Jobs #TweetMyJobs	Fri Jan 10 17:08:07 +0000 2014
TMJ-NET Energy Jobs	Baker Hughes #Energy #Job: Field Operator - Wireline Systems ( #DENHELDER ) http://t.co/xNAUTV0cbc #Jobs #TweetMyJobs	Mon Jan 13 16:10:36 +0000 2014
Jobs at Baker Hughes	Baker Hughes #SkilledTrade #Job: Electro-mechanical Technician - Wireline Systems ( #DENHELDER ) http://t.co/LAKm8RtQ2w #Jobs	Fri Mar 28 17:47:49 +0000 2014
TMJ-NET Energy Jobs	#TweetMyJobs #Energy #Job alert: Drilling Applications Engineer (m/f) | Baker Hughes | #VELSENNOORD http://t.co/BtaLXpjbmp #Jobs	Fri Jul 18 07:05:22 +0000 2014
TMJ-NET Energy Jobs	Baker Hughes: Directional Driller (#VELSENNOORD) http://t.co/XjzEoOuRvX #Energy #Job #Jobs #TweetMyJobs	Thu Jul 24 07:05:31 +0000 2014
Jobs at Baker Hughes	#Sales #Job alert: Technical Sales Support Manager - Wireline Systems North | Baker Hughes | #DENHELDER http://t.co/9jySmnzmMA	Sat Aug 09 05:47:48 +0000 2014
Jobs at Baker Hughes	#Energy #Job in #VELSENNOORD: LWD Engineers at Baker Hughes http://t.co/OxBhzPFUqH #Jobs #TweetMyJobs	Fri Sep 19 17:07:40 +0000 2014
TMJ-NET Energy Jobs	#Energy #Job alert: Field Specialist - Intelligent Production Systems | Baker Hughes | #VELSENNOORD http://t.co/zD2qxA2nJd #Jobs	Fri Oct 10 07:10:33 +0000 2014
TMJ-NET Energy Jobs	#Energy #Job alert: Technical Sales Engineer - Artificial Lift Systems | Baker Hughes | #VELSENNOORD http://t.co/AoBijsfjif	Mon Oct 20 07:14:06 +0000 2014
TMJ-NET IT Jobs	Baker Hughes #IT #Job: Geoscientist - Technical Support (#DELFT) http://t.co/oRyPGiotMK #Jobs #TweetMyJobs	Tue Oct 21 08:22:03 +0000 2014
Jobs at Baker Hughes	Maintenance Engineer - Wireline Systems - Baker Hughes: ( #DENHELDER ) http://t.co/0hAP61Wmbm #SkilledTrade #Job #Jobs	Fri May 09 16:29:18 +0000 2014
TMJ-NET Energy Jobs	Baker Hughes #Energy #Job: Drilling Applications Engineer (m/f) ( #VELSENNOORD ) http://t.co/BtaLXpjbmp #Jobs #TweetMyJobs	Fri Jun 13 07:05:24 +0000 2014
Jobs at Baker Hughes	#Sales #Job alert: Technical Sales Support Manager - Wireline Systems North | Baker Hughes | #DENHELDER http://t.co/9jySmnzmMA	Sat Jun 21 16:25:31 +0000 2014
Jobs at Baker Hughes	#Sales #Job alert: Technical Sales Support Manager - Wireline Systems North | Baker Hughes | #DENHELDER http://t.co/9jySmnzmMA	Fri Jun 27 19:49:23 +0000 2014
TMJ-NET Energy Jobs	#TweetMyJobs #Energy #Job alert: LWD Engineers | Baker Hughes | #VELSENNOORD http://t.co/C1fkzESOud #Jobs	Tue Jul 29 07:05:23 +0000 2014
Jobs at Baker Hughes	Technical Sales Support Manager - Wireline Systems North - Baker Hughes: (#DENHELDER) http://t.co/9jySmnzmMA #Sales #Job #Jobs	Sun Aug 03 11:23:03 +0000 2014
Jobs at Baker Hughes	#TweetMyJobs #Energy #Job alert: LWD Engineers | Baker Hughes | #VELSENNOORD http://t.co/OxBhzPoRoH #Jobs	Sat Aug 09 15:23:03 +0000 2014
TMJ-NET Energy Jobs	Baker Hughes: LWD Engineers (#VELSENNOORD) http://t.co/C1fkzESOud #Energy #Job #Jobs #TweetMyJobs	Thu Aug 14 07:05:23 +0000 2014
Jobs at Baker Hughes	Baker Hughes #Engineering #Job: Field Engineer - Wireline Services (#DENHELDER) http://t.co/rkryF6OnOo #Jobs #TweetMyJobs	Fri Sep 05 21:18:59 +0000 2014
TMJ-NET Energy Jobs	#Energy #Job in #VELSENNOORD: Field Specialist - Intelligent Production Systems at Baker Hughes http://t.co/zD2qxA2nJd #Jobs	Sat Sep 06 07:05:32 +0000 2014
TMJ-NET Energy Jobs	#Energy #Job in #VELSENNOORD: Technical Sales Engineer - Artificial Lift Systems at Baker Hughes http://t.co/AoBijsfjif #Jobs	Mon Sep 22 07:05:34 +0000 2014
TMJ-NET Energy Jobs	Field Specialist - Intelligent Production Systems - Baker Hughes: (#VELSENNOORD) http://t.co/zD2qxA2nJd #Energy #Job #Jobs	Sun Oct 12 07:11:30 +0000 2014
TMJ-NET Energy Jobs	#TweetMyJobs #Energy #Job alert: Export Specialist | Baker Hughes | #VELSENNOORD http://t.co/pg4QC8355R #Jobs	Thu Dec 04 07:39:38 +0000 2014
TMJ-NET Energy Jobs	Baker Hughes: Export Specialist (#VELSENNOORD) http://t.co/pg4QC8355R #Energy #Job #Jobs #TweetMyJobs	Wed Dec 10 07:41:44 +0000 2014
Jobs at Baker Hughes	Baker Hughes #Energy #Job: Drilling Applications Engineer Netherlands ( #VELSENNOORD ) http://t.co/tf8qQOeffI #Jobs #TweetMyJobs	Fri Jan 24 12:47:18 +0000 2014
TMJ-NET Energy Jobs	#DENHELDER #Energy #Job: Field Operator - Wireline Systems at Baker Hughes http://t.co/xNAUTV0cbc #Jobs #TweetMyJobs	Mon Jan 27 07:00:36 +0000 2014
Jobs at Baker Hughes	#Sales #Job in #DENHELDER Technical Sales Support Manager - Wireline Systems North at Baker Hughes http://t.co/7K30dsESsM #Jobs	Thu Mar 06 16:28:08 +0000 2014
TMJ-NET Energy Jobs	#Energy #Job in #VELSENNOORD Drilling Applications Engineer Netherlands at Baker Hughes http://t.co/vV7BqfHxPS #Jobs #TweetMyJobs	Sat May 31 07:05:24 +0000 2014
Jobs at Baker Hughes	Technical Sales Support Manager - Wireline Systems North - Baker Hughes: (#DENHELDER) http://t.co/9jySmnzmMA #Sales #Job #Jobs	Mon Jul 28 10:00:45 +0000 2014
TMJ-NET Energy Jobs	#VELSENNOORD #Energy #Job: Technical Sales Engineer - Artificial Lift Systems at Baker Hughes http://t.co/AoBijsfjif #Jobs	Sat Sep 13 07:05:22 +0000 2014
TMJ-NET Energy Jobs	Technical Sales Engineer - Artificial Lift Systems - Baker Hughes: (#VELSENNOORD) http://t.co/AoBijsfjif #Energy #Job #Jobs	Fri Oct 17 07:13:15 +0000 2014
TMJ-NET Energy Jobs	#Energy #Job alert: Field Specialist - Intelligent Produc... | Baker Hughes | #VELSENNOORD, Noord-Holland http://t.co/zD2qxAjYRh	Fri Dec 19 07:18:20 +0000 2014
Jobs at Baker Hughes	#TweetMyJobs #Energy #Job alert: Export Specialist | Baker Hughes | #VELSENNOORD, Noord-Holland http://t.co/gIZg2GlGEC #Jobs	Wed Dec 24 05:15:54 +0000 2014
Jobs at Baker Hughes	#TweetMyJobs #Energy #Job alert: Field Operator - Wireline Systems | Baker Hughes | #DENHELDER http://t.co/Dkxan05XQc #Jobs	Mon Jan 13 16:46:52 +0000 2014
TMJ-NET Energy Jobs	#DENHELDER #Energy #Job: Field Operator - Wireline Systems at Baker Hughes http://t.co/5gB5RPjyot #Jobs #TweetMyJobs	Tue Feb 04 07:00:33 +0000 2014
TMJ-NET Energy Jobs	Drilling Applications Engineer (m/f) - Baker Hughes: ( #VELSENNOORD ) http://t.co/BtaLXpjbmp #Energy #Job #Jobs #TweetMyJobs	Fri Apr 18 07:00:44 +0000 2014
Jobs at Baker Hughes	Baker Hughes: Direct Sales Executive - Wireline - EARC ( #VELSENNOORD ) http://t.co/ZqD7tWHx4n #Sales #Job #Jobs #TweetMyJobs	Thu May 22 16:48:19 +0000 2014
TMJ-NET Energy Jobs	Baker Hughes: Drilling Applications Engineer (m/f) ( #VELSENNOORD ) http://t.co/BtaLXpjbmp #Energy #Job #Jobs #TweetMyJobs	Wed Jun 04 07:05:34 +0000 2014
Jobs at Baker Hughes	Baker Hughes #SupplyChain #Job: Electro-Mechanical Technician - Wireline Systems ( #DENHELDER ) http://t.co/P5Ms75uVy5 #Jobs	Fri Jun 06 23:09:53 +0000 2014
Jobs at Baker Hughes	Baker Hughes: Drilling Applications Engineer Netherlands (#VELSENNOORD) http://t.co/76WFAyOt1E #Energy #Job #Jobs #TweetMyJobs	Sat Jun 28 02:50:52 +0000 2014
Jobs at Baker Hughes	Directional Driller - Baker Hughes: (#VELSENNOORD) http://t.co/GCyqgS4Kdo #Energy #Job #Jobs #TweetMyJobs	Tue Jul 22 21:26:21 +0000 2014
Jobs at Baker Hughes	#EMMEN #Energy #Job: Operations Manager - Pressure Pumping at Baker Hughes http://t.co/0xFra6iHni #Jobs #TweetMyJobs	Sat Aug 09 05:19:11 +0000 2014
TMJ-NET Energy Jobs	Operations Manager - Pressure Pumping - Baker Hughes: (#EMMEN) http://t.co/NdAzfD9Wgi #Energy #Job #Jobs #TweetMyJobs	Sat Aug 16 07:05:24 +0000 2014
Jobs at Baker Hughes	Baker Hughes #Energy #Job: Field Specialist - Intelligent Production Systems (#VELSENNOORD) http://t.co/6Pm7rwtd7l #Jobs	Sat Sep 20 04:24:36 +0000 2014
TMJ-NET Energy Jobs	#Energy #Job in #VELSENNOORD: Technical Sales Engineer - Artificial Lift Systems at Baker Hughes http://t.co/AoBijsfjif #Jobs	Mon Oct 13 07:11:45 +0000 2014
TMJ-NET Energy Jobs	Technical Sales Engineer - Artificial Lift Systems - Baker Hughes: (#VELSENNOORD) http://t.co/AoBijsfjif #Energy #Job #Jobs	Wed Oct 15 07:12:31 +0000 2014
TMJ-NET Energy Jobs	#Energy #Job in #VELSENNOORD: Export Specialist at Baker Hughes http://t.co/pg4QC8355R #Jobs #TweetMyJobs	Wed Dec 03 07:39:00 +0000 2014
TMJ-NET Energy Jobs	#DENHELDER #Energy #Job: Wireline Field Engineers &amp; Field Operators - Continental Europe at Baker Hughes http://t.co/PFOhmBV8eN	Fri Jan 10 07:00:43 +0000 2014
Jobs at Baker Hughes	Baker Hughes #Energy #Job: Field Operator - Wireline Systems ( #DENHELDER ) http://t.co/Dkxan05XQc #Jobs #TweetMyJobs	Mon Jan 13 16:07:17 +0000 2014
AEIDL	Workshop on #territorial #development, #sustainable #energy, #climate #change and #quality of #life at #aeidl conf. http://t.co/eDHs6pqM5D	Thu Feb 20 09:28:47 +0000 2014
Jobs at Baker Hughes	#DENHELDER #SkilledTrade #Job: Electro-mechanical Technician - Wireline Systems at Baker Hughes http://t.co/LAKm8RtQ2w #Jobs	Sat Feb 22 17:47:27 +0000 2014
Jobs at Baker Hughes	Baker Hughes: Maintenance Engineer - Wireline Systems ( #DENHELDER ) http://t.co/YLdwor3bSd #SkilledTrade #Job #Jobs #TweetMyJobs	Fri Mar 14 18:27:18 +0000 2014
Jobs at Baker Hughes	Baker Hughes #Energy #Job: LWD Engineers (#VELSENNOORD) http://t.co/OxBhzPoRoH #Jobs #TweetMyJobs	Tue Jul 22 20:56:53 +0000 2014
TMJ-NET Energy Jobs	Baker Hughes #Energy #Job: Field Specialist - Intelligent Production Systems (#VELSENNOORD) http://t.co/zD2qxA2nJd #Jobs	Sat Sep 27 07:05:18 +0000 2014
TMJ-NET Energy Jobs	LWD Engineers - Baker Hughes: (#VELSENNOORD) http://t.co/C1fkzF9Rwd #Energy #Job #Jobs #TweetMyJobs	Sun Sep 28 07:05:25 +0000 2014
TMJ-NET Energy Jobs	#VELSENNOORD #Energy #Job: Export Specialist at Baker Hughes http://t.co/pg4QC8355R #Jobs #TweetMyJobs	Fri Nov 28 07:35:50 +0000 2014
TMJ-NET Energy Jobs	Baker Hughes #Energy #Job: Export Specialist (#VELSENNOORD) http://t.co/pg4QC8355R #Jobs #TweetMyJobs	Mon Dec 08 07:41:07 +0000 2014
Jobs at Baker Hughes	Baker Hughes: Technical Sales Support Manager - Wireline Systems North ( #DENHELDER ) http://t.co/75HRqn0I8q #Sales #Job #Jobs	Thu Feb 20 18:47:23 +0000 2014
Jobs at Baker Hughes	Baker Hughes: Technical Sales Support Manager - Wireline Systems North ( #DENHELDER ) http://t.co/7K30dsESsM #Sales #Job #Jobs	Thu Feb 27 16:28:21 +0000 2014
Jobs at Baker Hughes	Baker Hughes: Drilling Applications Engineer Netherlands ( #VELSENNOORD ) http://t.co/tf8qQOwotQ #Energy #Job #Jobs #TweetMyJobs	Wed Apr 30 17:07:48 +0000 2014
TMJ-NET Energy Jobs	Drilling Applications Engineer (m/f) - Baker Hughes: ( #VELSENNOORD ) http://t.co/BtaLXpjbmp #Energy #Job #Jobs #TweetMyJobs	Sun Jun 01 07:05:31 +0000 2014
TMJ-NET IT Jobs	#TweetMyJobs #IT #Job alert: Geoscientist - Technical Support | Baker Hughes | #DELFT http://t.co/ezalsEMmN4 #Jobs	Mon Aug 25 07:05:36 +0000 2014
Jobs at Baker Hughes	#EMMEN #Energy #Job: Operations Manager - Pressure Pumping at Baker Hughes http://t.co/0xFra6zKpi #Jobs #TweetMyJobs	Sun Sep 14 10:17:33 +0000 2014
TMJ-NET Energy Jobs	#Energy #Job alert: Technical Sales Engineer - Artificial Lift Systems | Baker Hughes | #VELSENNOORD http://t.co/AoBijsfjif	Tue Oct 21 07:14:36 +0000 2014
TMJ-NET Energy Jobs	Baker Hughes #Energy #Job: Drilling Applications Engineer Netherlands ( #VELSENNOORD ) http://t.co/vV7BqfHxPS #Jobs #TweetMyJobs	Thu Mar 13 07:00:47 +0000 2014
Jobs at Baker Hughes	#VELSENNOORD #Energy #Job: Drilling Applications Engineer (m/f) at Baker Hughes http://t.co/rynKrHrEbu #Jobs #TweetMyJobs	Tue Apr 15 17:28:06 +0000 2014
Jobs at Baker Hughes	Baker Hughes: Technical Sales Support Manager - Wireline Systems North ( #DENHELDER ) http://t.co/7K30dsESsM #Sales #Job #Jobs	Thu Apr 24 15:10:33 +0000 2014
TMJ-NET Energy Jobs	Baker Hughes #Energy #Job: Drilling Applications Engineer (m/f) ( #VELSENNOORD ) http://t.co/BtaLXpjbmp #Jobs #TweetMyJobs	Sun May 18 07:00:46 +0000 2014
TMJ-NET Energy Jobs	Drilling Applications Engineer (m/f) - Baker Hughes: ( #VELSENNOORD ) http://t.co/BtaLXpjbmp #Energy #Job #Jobs #TweetMyJobs	Tue Jun 10 07:05:09 +0000 2014
TMJ-NET Energy Jobs	Baker Hughes #Energy #Job: Operations Manager - Pressure Pumping (#EMMEN) http://t.co/NdAzfD9Wgi #Jobs #TweetMyJobs	Tue Aug 12 07:05:13 +0000 2014
TMJ-NET Energy Jobs	#VELSENNOORD #Energy #Job: Technical Sales Engineer - Artificial Lift Systems at Baker Hughes http://t.co/AoBijsfjif #Jobs	Tue Oct 07 07:09:08 +0000 2014
TMJ-NET Engin. Jobs	#DELFT #GeneralScience #Job: Geoscientist Domain Tester at Baker Hughes http://t.co/71Xq7lYFwh #Jobs #TweetMyJobs	Fri Oct 24 15:41:19 +0000 2014
TMJ-NET Engin. Jobs	#TweetMyJobs #GeneralScience #Job alert: Geoscientist Domain Tester | Baker Hughes | #DELFT http://t.co/xYADJjQhuG #Jobs	Fri Nov 28 07:05:22 +0000 2014
Jobs at Baker Hughes	#ALBASRAH #Energy #Job: FIELD OPER I - ALS-FIELD B at Baker Hughes http://t.co/IASdvgOh6v #Jobs #TweetMyJobs	Tue Jan 14 15:08:05 +0000 2014
TMJ-NET Energy Jobs	Drilling Applications Engineer Netherlands - Baker Hughes: ( #VELSENNOORD ) http://t.co/vV7BqfpoBK #Energy #Job #Jobs #TweetMyJobs	Fri Jan 31 07:00:43 +0000 2014
Jobs at Baker Hughes	#HOUSTON , TX #GeneralScience #Job: Drilling and Completions Fluids R&amp;D Scientist - Hou... at Baker Hughes http://t.co/On1LOkeLnr	Fri Jan 31 21:27:04 +0000 2014
Jobs at Baker Hughes	#Energy #Job in #DENHELDER Field Operator - Wireline Systems at Baker Hughes http://t.co/EpwBgbposM #Jobs #TweetMyJobs	Tue Feb 04 12:27:31 +0000 2014
Jobs at Baker Hughes	Baker Hughes: Drilling Applications Engineer Netherlands ( #VELSENNOORD ) http://t.co/tf8qQOeffI #Energy #Job #Jobs #TweetMyJobs	Thu Feb 20 16:10:17 +0000 2014
TMJ-NET Energy Jobs	#VELSENNOORD #Energy #Job: Drilling Applications Engineer Netherlands at Baker Hughes http://t.co/vV7BqfHxPS #Jobs #TweetMyJobs	Thu Feb 27 07:00:45 +0000 2014
Jobs at Baker Hughes	#Energy #Job in #VELSENNOORD Drilling Applications Engineer Netherlands at Baker Hughes http://t.co/tf8qQOwotQ #Jobs #TweetMyJobs	Thu Apr 10 15:09:08 +0000 2014
TMJ-NET Energy Jobs	#TweetMyJobs #Energy #Job alert: Drilling Applications Engineer (m/f) | Baker Hughes | #VELSENNOORD http://t.co/q1YtjxPfDp #Jobs	Fri Apr 18 12:02:19 +0000 2014
Jobs at Baker Hughes	#TweetMyJobs #Energy #Job alert: Drilling Applications Engineer (m/f) | Baker Hughes | #VELSENNOORD http://t.co/rynKrHrEbu #Jobs	Sun May 11 16:07:28 +0000 2014
TMJ-NET Energy Jobs	#Energy #Job in #VELSENNOORD Drilling Applications Engineer Netherlands at Baker Hughes http://t.co/vV7BqfHxPS #Jobs #TweetMyJobs	Thu Jun 12 07:05:09 +0000 2014
TMJ-NET Engin. Jobs	#GeneralScience #Job in #DELFT: Geoscientist Domain Tester at Baker Hughes http://t.co/71Xq7lYFwh #Jobs #TweetMyJobs	Sat Sep 20 13:32:53 +0000 2014
TMJ-NET IT Jobs	Baker Hughes #IT #Job: Geoscientist - Technical Support (#DELFT) http://t.co/oRyPGiotMK #Jobs #TweetMyJobs	Thu Oct 09 07:43:19 +0000 2014
TMJ-NET Energy Jobs	#VELSENNOORD #Energy #Job: Field Specialist - Tubulars at Baker Hughes http://t.co/5CCi0my0wX #Jobs #TweetMyJobs	Fri Jan 03 07:00:35 +0000 2014
TMJ-NET Energy Jobs	#TweetMyJobs #Energy #Job alert: Field Operator - Wireline Systems | Baker Hughes | #DENHELDER http://t.co/xNAUTV0cbc #Jobs	Mon Jan 13 16:00:42 +0000 2014
Jobs at Baker Hughes	Field Operator - Wireline Systems - Baker Hughes: ( #DENHELDER ) http://t.co/EpwBgbposM #Energy #Job #Jobs #TweetMyJobs	Tue Feb 11 16:28:39 +0000 2014
Jobs at Baker Hughes	Electro-mechanical Technician - Wireline Systems - Baker Hughes: ( #DENHELDER ) http://t.co/LAKm8RtQ2w #SkilledTrade #Job #Jobs	Fri Mar 14 18:27:17 +0000 2014
TMJ-NET Energy Jobs	#VELSENNOORD #Energy #Job: Drilling Applications Engineer Netherlands at Baker Hughes http://t.co/vV7BqfHxPS #Jobs #TweetMyJobs	Sun May 18 16:41:26 +0000 2014
TMJ-NET Energy Jobs	Drilling Applications Engineer (m/f) - Baker Hughes: ( #VELSENNOORD ) http://t.co/BtaLXpjbmp #Energy #Job #Jobs #TweetMyJobs	Sat Jun 07 07:05:28 +0000 2014
Jobs at Baker Hughes	#Sales #Job alert: Direct Sales Executive - Wireline - EARC | Baker Hughes | #VELSENNOORD http://t.co/XJ34RPxL3E #Jobs	Mon Jun 23 16:44:56 +0000 2014
TMJ-NET Energy Jobs	#VELSENNOORD #Energy #Job: Drilling Applications Engineer (m/f) at Baker Hughes http://t.co/BtaLXpjbmp #Jobs #TweetMyJobs	Fri Jul 04 12:52:56 +0000 2014
Jobs at Baker Hughes	Baker Hughes: Drilling Applications Engineer Netherlands (#VELSENNOORD) http://t.co/76WFAyOt1E #Energy #Job #Jobs #TweetMyJobs	Fri Jul 11 00:21:17 +0000 2014
Jobs at Baker Hughes	Baker Hughes #Energy #Job: Operations Manager - Pressure Pumping (#EMMEN) http://t.co/0xFra6zKpi #Jobs #TweetMyJobs	Wed Aug 27 05:31:40 +0000 2014
TMJ-NET Energy Jobs	Baker Hughes #Energy #Job: Operations Manager - Pressure Pumping (#EMMEN) http://t.co/NdAzfDqZii #Jobs #TweetMyJobs	Fri Sep 12 07:05:20 +0000 2014
TMJ-NET Energy Jobs	Baker Hughes: Technical Sales Engineer - Artificial Lift Systems (#VELSENNOORD) http://t.co/AoBijsfjif #Energy #Job #Jobs	Mon Sep 29 07:05:34 +0000 2014
Jobs at Baker Hughes	Baker Hughes #Engineering #Job: Field Engineer - Wireline Services (#DENHELDER) http://t.co/rkryF6OnOo #Jobs #TweetMyJobs	Wed Oct 15 20:16:43 +0000 2014
TMJ-NET Energy Jobs	Baker Hughes: Field Operator - Wireline Systems ( #DENHELDER ) http://t.co/xNAUTV0cbc #Energy #Job #Jobs #TweetMyJobs	Mon Jan 13 16:30:36 +0000 2014
TMJ-NET Energy Jobs	Baker Hughes #Energy #Job: Field Operator - Wireline Systems ( #DENHELDER ) http://t.co/xNAUTV0cbc #Jobs #TweetMyJobs	Mon Jan 20 07:00:37 +0000 2014
TMJ-NET Energy Jobs	Baker Hughes #Energy #Job: Drilling Applications Engineer Netherlands ( #VELSENNOORD ) http://t.co/vV7BqfHxPS #Jobs #TweetMyJobs	Thu Apr 24 07:00:51 +0000 2014
Jobs at Baker Hughes	Direct Sales Executive - Drilling Systems - EARC - Baker Hughes: ( #VELSENNOORD ) http://t.co/V1uO8HtcKm #Sales #Job #Jobs	Thu Jun 05 04:05:16 +0000 2014
Jobs at Baker Hughes	#VELSENNOORD #Energy #Job: Drilling Applications Engineer Netherlands at Baker Hughes http://t.co/76WFAyOt1E #Jobs #TweetMyJobs	Sat Jun 21 23:30:53 +0000 2014
TMJ-NET Energy Jobs	Baker Hughes: LWD Engineers (#VELSENNOORD) http://t.co/C1fkzESOud #Energy #Job #Jobs #TweetMyJobs	Sat Aug 02 07:05:32 +0000 2014
TMJ-NET Energy Jobs	Baker Hughes #Energy #Job: Field Specialist - Intelligent Production Systems (#VELSENNOORD) http://t.co/zD2qxA2nJd #Jobs	Tue Oct 14 07:12:16 +0000 2014
TMJ-NET Energy Jobs	Baker Hughes #Energy #Job: Drilling Applications Engineer (m/f) ( #VELSENNOORD ) http://t.co/q1YtjxPfDp #Jobs #TweetMyJobs	Thu Apr 17 07:00:44 +0000 2014
Jobs at Baker Hughes	#VELSENNOORD #Energy #Job: Drilling Applications Engineer (m/f) at Baker Hughes http://t.co/rynKrHrEbu #Jobs #TweetMyJobs	Sun Apr 27 16:26:54 +0000 2014
TMJ-NET Energy Jobs	Drilling Applications Engineer (m/f) - Baker Hughes: ( #VELSENNOORD ) http://t.co/BtaLXpjbmp #Energy #Job #Jobs #TweetMyJobs	Sun May 04 07:00:49 +0000 2014
Jobs at Baker Hughes	Baker Hughes: Drilling Applications Engineer Netherlands ( #VELSENNOORD ) http://t.co/tf8qQOwotQ #Energy #Job #Jobs #TweetMyJobs	Sun May 18 16:47:34 +0000 2014
Jobs at Baker Hughes	#SupplyChain #Job alert: Electro-Mechanical Technician - Wireline Systems | Baker Hughes | #DENHELDER http://t.co/P5Ms75uVy5	Thu Jun 12 23:36:49 +0000 2014
TMJ-NET Energy Jobs	Baker Hughes: Directional Driller (#VELSENNOORD) http://t.co/XjzEoOuRvX #Energy #Job #Jobs #TweetMyJobs	Sun Aug 03 07:05:16 +0000 2014
Jobs at Baker Hughes	Baker Hughes: Directional Driller (#VELSENNOORD) http://t.co/GCyqgS4Kdo #Energy #Job #Jobs #TweetMyJobs	Sun Aug 03 18:53:47 +0000 2014
TMJ-NET Energy Jobs	Field Specialist - Intelligent Production Systems - Baker Hughes: (#VELSENNOORD) http://t.co/zD2qxA2nJd #Energy #Job #Jobs	Sun Sep 14 07:05:24 +0000 2014
Jobs at Baker Hughes	#Energy #Job in #VELSENNOORD: Technical Sales Engineer - Artificial Lift Systems at Baker Hughes http://t.co/g275M7XN7W #Jobs	Sun Sep 28 19:47:41 +0000 2014
Jobs at Baker Hughes	#DELFT #GeneralScience #Job: Geoscientist Domain Tester at Baker Hughes http://t.co/WZtHFUgjV0 #Jobs #TweetMyJobs	Sat Oct 18 20:36:57 +0000 2014
Jobs at Baker Hughes	Electro-mechanical Technician - Wireline Systems - Baker Hughes: ( #DENHELDER ) http://t.co/l10XKCSbnj #SkilledTrade #Job #Jobs	Fri Mar 07 20:27:50 +0000 2014
Jobs at Baker Hughes	Baker Hughes #Sales #Job: Technical Sales Support Manager - Wireline Systems North ( #DENHELDER ) http://t.co/7K30dsESsM #Jobs	Thu Apr 03 15:08:57 +0000 2014
Jobs at Baker Hughes	Baker Hughes #SkilledTrade #Job: Maintenance Engineer - Wireline Systems ( #DENHELDER ) http://t.co/YLdwor3bSd #Jobs #TweetMyJobs	Fri Apr 04 17:48:50 +0000 2014
TMJ-NET Energy Jobs	#Energy #Job in #VELSENNOORD Drilling Applications Engineer Netherlands at Baker Hughes http://t.co/vV7BqfHxPS #Jobs #TweetMyJobs	Fri Jun 06 07:05:16 +0000 2014
TMJ-NET Energy Jobs	Baker Hughes: Drilling Applications Engineer (m/f) (#VELSENNOORD) http://t.co/BtaLXpjbmp #Energy #Job #Jobs #TweetMyJobs	Mon Jul 07 07:05:23 +0000 2014
Jobs at Baker Hughes	#Sales #Job alert: Technical Sales Support Manager - Wireline Systems North | Baker Hughes | #DENHELDER http://t.co/9jySmnzmMA	Wed Jul 16 17:19:53 +0000 2014
Jobs at Baker Hughes	#Energy #Job in #VELSENNOORD: Drilling Applications Engineer Netherlands at Baker Hughes http://t.co/76WFAyOt1E #Jobs	Mon Jul 28 14:50:11 +0000 2014
TMJ-NET Energy Jobs	#VELSENNOORD #Energy #Job: LWD Engineers at Baker Hughes http://t.co/C1fkzESOud #Jobs #TweetMyJobs	Mon Aug 18 07:05:19 +0000 2014
TMJ-NET Engin. Jobs	#DENHELDER #Engineering #Job: Field Engineer - Wireline Services at Baker Hughes http://t.co/wEgRtuM9Uk #Jobs #TweetMyJobs	Fri Sep 12 12:19:38 +0000 2014
TMJ-NET Energy Jobs	#TweetMyJobs #Energy #Job alert: Operations Manager - Pressure Pumping | Baker Hughes | #EMMEN http://t.co/NdAzfDqZii #Jobs	Tue Sep 16 07:05:28 +0000 2014
Jobs at Baker Hughes	Technical Sales Support Manager - Wireline Systems North - Baker Hughes: (#DENHELDER) http://t.co/9jySmnhdys #Sales #Job #Jobs	Fri Sep 26 21:24:58 +0000 2014
TMJ-NET Engin. Jobs	Field Engineer - Wireline Services - Baker Hughes: (#DENHELDER) http://t.co/wEgRtuM9Uk #Engineering #Job #Jobs #TweetMyJobs	Mon Oct 06 08:51:54 +0000 2014
TMJ-NET Energy Jobs	#Energy #Job in #VELSENNOORD Drilling Applications Engineer (m/f) at Baker Hughes http://t.co/BtaLXpjbmp #Jobs #TweetMyJobs	Sun Apr 27 07:00:47 +0000 2014
TMJ-NET Energy Jobs	#Energy #Job alert: Drilling Applications Engineer Netherlands | Baker Hughes | #VELSENNOORD http://t.co/vV7BqfHxPS #Jobs	Wed Jun 18 07:05:22 +0000 2014
Jobs at Baker Hughes	#SupplyChain #Job in #DENHELDER Electro-Mechanical Technician - Wireline Systems at Baker Hughes http://t.co/P5Ms75uVy5 #Jobs	Thu Jun 19 03:48:16 +0000 2014
TMJ-NET Energy Jobs	#TweetMyJobs #Energy #Job alert: Drilling Applications Engineer (m/f) | Baker Hughes | #VELSENNOORD http://t.co/BtaLXpjbmp #Jobs	Mon Jul 14 07:05:10 +0000 2014
Jobs at Baker Hughes	Baker Hughes: Operations Manager - Pressure Pumping (#EMMEN) http://t.co/0xFra6iHni #Energy #Job #Jobs #TweetMyJobs	Mon Jul 28 09:32:05 +0000 2014
TMJ-NET Energy Jobs	Baker Hughes: Directional Driller (#VELSENNOORD) http://t.co/XjzEoOuRvX #Energy #Job #Jobs #TweetMyJobs	Wed Jul 30 07:05:22 +0000 2014
TMJ-NET Energy Jobs	#Energy #Job in #EMMEN: Operations Manager - Pressure Pumping at Baker Hughes http://t.co/NdAzfDqZii #Jobs #TweetMyJobs	Fri Aug 22 07:06:03 +0000 2014
Jobs at Baker Hughes	#VELSENNOORD #Engineering #Job: Drilling Engineer at Baker Hughes http://t.co/LULOW0XRuH #Jobs #TweetMyJobs	Tue Sep 02 16:36:43 +0000 2014
TMJ-NET Energy Jobs	Export Specialist - Baker Hughes: (#VELSENNOORD) http://t.co/pg4QC8355R #Energy #Job #Jobs #TweetMyJobs	Sun Nov 30 07:36:42 +0000 2014
Jobs at Baker Hughes	Baker Hughes #SkilledTrade #Job: Electro-mechanical Technician - Wireline S... (#DENHELDER, Noord-Holland) http://t.co/8XSnCRP929	Sat Dec 20 04:31:04 +0000 2014
TMJ-NET Energy Jobs	#Energy #Job in #VELSENNOORD, Noord-Holland: Export Specialist at Baker Hughes http://t.co/pg4QC8355R #Jobs #TweetMyJobs	Tue Dec 23 07:05:17 +0000 2014
Jobs at Baker Hughes	Baker Hughes: Maintenance Engineer - Wireline Systems ( #DENHELDER ) http://t.co/qXNFKGlOxr #SkilledTrade #Job #Jobs #TweetMyJobs	Sat Feb 15 20:07:31 +0000 2014
Jobs at Baker Hughes	#Sales #Job alert: Technical Sales Support Manager - Wireline Systems North | Baker Hughes | #DENHELDER http://t.co/7K30dsESsM	Thu Mar 27 15:10:32 +0000 2014
Jobs at Baker Hughes	Baker Hughes: Drilling Applications Engineer Netherlands ( #VELSENNOORD ) http://t.co/tf8qQOwotQ #Energy #Job #Jobs #TweetMyJobs	Tue May 06 16:48:28 +0000 2014
Jobs at Baker Hughes	Technical Sales Support Manager - Wireline Systems North - Baker Hughes: ( #DENHELDER ) http://t.co/7K30dsESsM #Sales #Job #Jobs	Thu May 22 15:11:48 +0000 2014
Jobs at Baker Hughes	Electro-Mechanical Technician - Wireline Systems - Baker Hughes: ( #DENHELDER ) http://t.co/H3tKcbpaz3 #SupplyChain #Job #Jobs	Wed May 28 19:49:59 +0000 2014
TMJ-NET Energy Jobs	#TweetMyJobs #Energy #Job alert: Operations Manager - Pressure Pumping | Baker Hughes | #EMMEN http://t.co/NdAzfD9Wgi #Jobs	Fri Aug 08 07:06:28 +0000 2014
TMJ-NET Energy Jobs	#EMMEN #Energy #Job: Operations Manager - Pressure Pumping at Baker Hughes http://t.co/NdAzfDqZii #Jobs #TweetMyJobs	Tue Aug 26 07:07:13 +0000 2014
Jobs at Baker Hughes	Baker Hughes: Field Engineer - Wireline Services (#DENHELDER) http://t.co/rkryF6OnOo #Engineering #Job #Jobs #TweetMyJobs	Sat Aug 30 19:45:24 +0000 2014
TMJ-NET Energy Jobs	#Energy #Job in #VELSENNOORD: Field Specialist - Intelligent Production Systems at Baker Hughes http://t.co/zD2qxA2nJd #Jobs	Wed Sep 10 07:05:27 +0000 2014
TMJ-NET IT Jobs	#IT #Job in #DELFT: Geoscientist - Technical Support at Baker Hughes http://t.co/ezalsEMmN4 #Jobs #TweetMyJobs	Fri Sep 12 10:45:01 +0000 2014
Jobs at Baker Hughes	Baker Hughes #GeneralScience #Job: Geoscientist Domain Tester (#DELFT) http://t.co/WZtHFUgjV0 #Jobs #TweetMyJobs	Tue Nov 11 06:03:26 +0000 2014
TMJ-NET Energy Jobs	#Energy #Job in #VELSENNOORD: Export Specialist at Baker Hughes http://t.co/pg4QC8355R #Jobs #TweetMyJobs	Sat Nov 29 07:36:13 +0000 2014
Jobs at Baker Hughes	Baker Hughes: Drilling Applications Engineer Netherlands ( #VELSENNOORD ) http://t.co/tf8qQOwotQ #Energy #Job #Jobs #TweetMyJobs	Thu Mar 06 16:09:39 +0000 2014
Jobs at Baker Hughes	#LINDSAY , OK #Energy #Job: Field Specialist ALS - Lindsay, OK at Baker Hughes http://t.co/69wFif0Mje #Jobs #TweetMyJobs	Fri Apr 11 19:07:46 +0000 2014
Jobs at Baker Hughes	Drilling Applications Engineer (m/f) - Baker Hughes: ( #VELSENNOORD ) http://t.co/rynKrHrEbu #Energy #Job #Jobs #TweetMyJobs	Sun May 18 16:07:14 +0000 2014
Jobs at Baker Hughes	Drilling Applications Engineer Netherlands - Baker Hughes: ( #VELSENNOORD ) http://t.co/76WFAyOt1E #Energy #Job #Jobs #TweetMyJobs	Wed Jun 04 04:51:45 +0000 2014
TMJ-NET Energy Jobs	#VELSENNOORD #Energy #Job: Field Specialist - Intelligent Production Systems at Baker Hughes http://t.co/zD2qxA2nJd #Jobs	Wed Aug 27 07:05:26 +0000 2014
TMJ-NET Energy Jobs	Baker Hughes #Energy #Job: Field Specialist - Intelligent Production Systems (#VELSENNOORD) http://t.co/zD2qxA2nJd #Jobs	Sat Aug 30 07:05:21 +0000 2014
Jobs at Baker Hughes	Field Engineer - Wireline Services - Baker Hughes: (#DENHELDER) http://t.co/rkryF6OnOo #Engineering #Job #Jobs #TweetMyJobs	Fri Sep 12 03:18:40 +0000 2014
Jobs at Baker Hughes	#DENHELDER #Sales #Job: Technical Sales Support Manager - Wireline Systems North at Baker Hughes http://t.co/9jySmnhdys #Jobs	Sun Sep 14 10:25:17 +0000 2014
Jobs at Baker Hughes	#DELFT #GeneralScience #Job: Geoscientist Domain Tester at Baker Hughes http://t.co/WZtHFUgjV0 #Jobs #TweetMyJobs	Sat Sep 20 23:07:08 +0000 2014
Jobs at Baker Hughes	Baker Hughes #Engineering #Job: Field Engineer - Wireline Services (#DENHELDER) http://t.co/rkryF6OnOo #Jobs #TweetMyJobs	Wed Oct 08 14:10:02 +0000 2014
Jobs at Baker Hughes	Geoscientist Domain Tester - Baker Hughes: (#DELFT) http://t.co/WZtHFUgjV0 #GeneralScience #Job #Jobs #TweetMyJobs	Sun Oct 26 20:50:37 +0000 2014
TMJ-NET Engin. Jobs	#TweetMyJobs #GeneralScience #Job alert: Geoscientist Domain Tester | Baker Hughes | #DELFT http://t.co/71Xq7lYFwh #Jobs	Tue Nov 11 07:20:48 +0000 2014
Jobs at Baker Hughes	#SkilledTrade #Job alert: Maintenance Engineer - Wireline Systems | Baker Hughes | #DENHELDER http://t.co/YLdwor3bSd #Jobs	Fri Mar 07 20:27:51 +0000 2014
Jobs at Baker Hughes	Maintenance Engineer - Wireline Systems - Baker Hughes: ( #DENHELDER ) http://t.co/YLdwor3bSd #SkilledTrade #Job #Jobs	Fri Mar 28 17:47:51 +0000 2014
Jobs at Baker Hughes	#ABERDEEN , Aberdeen City #Energy #Job: Internship Design and Testing of Oil and Gas Wel... at Baker Hughes http://t.co/6yHCZVCnY5	Wed Apr 02 16:28:17 +0000 2014
TMJ-NET Energy Jobs	Baker Hughes #Energy #Job: Drilling Applications Engineer Netherlands ( #VELSENNOORD ) http://t.co/vV7BqfHxPS #Jobs #TweetMyJobs	Thu Apr 17 07:00:45 +0000 2014
Jobs at Baker Hughes	#SkilledTrade #Job in #DENHELDER Maintenance Engineer - Wireline Systems at Baker Hughes http://t.co/YLdwor3bSd #Jobs	Fri May 02 16:28:12 +0000 2014
TMJ-NET Energy Jobs	#Energy #Job alert: Drilling Applications Engineer Netherlands | Baker Hughes | #VELSENNOORD http://t.co/vV7BqfHxPS #Jobs	Mon May 12 16:41:59 +0000 2014
Jobs at Baker Hughes	#TweetMyJobs #Energy #Job alert: Drilling Applications Engineer (m/f) | Baker Hughes | #VELSENNOORD http://t.co/EpLlBW97nk #Jobs	Mon Jun 02 18:37:05 +0000 2014
Jobs at Baker Hughes	Direct Sales Executive - Drilling Systems - EARC - Baker Hughes: ( #VELSENNOORD ) http://t.co/V1uO8HtcKm #Sales #Job #Jobs	Wed Jun 11 02:52:36 +0000 2014
TMJ-NET Energy Jobs	#Energy #Job in #VELSENNOORD Drilling Applications Engineer Netherlands at Baker Hughes http://t.co/vV7BqfHxPS #Jobs #TweetMyJobs	Tue Jun 24 07:05:23 +0000 2014
Jobs at Baker Hughes	Baker Hughes: Electro-Mechanical Technician - Wireline Systems (#DENHELDER) http://t.co/P5Ms75uVy5 #SupplyChain #Job #Jobs	Tue Jul 01 03:29:04 +0000 2014
TMJ-NET Energy Jobs	LWD Engineers - Baker Hughes: (#VELSENNOORD) http://t.co/C1fkzESOud #Energy #Job #Jobs #TweetMyJobs	Wed Aug 06 07:05:20 +0000 2014
Jobs at Baker Hughes	Baker Hughes: Geoscientist - Technical Support (#DELFT) http://t.co/G0kZvoHLuR #IT #Job #Jobs #TweetMyJobs	Sat Sep 06 13:56:24 +0000 2014
Jobs at Baker Hughes	#EMMEN #Energy #Job: Operations Manager - Pressure Pumping at Baker Hughes http://t.co/0xFra6zKpi #Jobs #TweetMyJobs	Mon Sep 08 05:28:00 +0000 2014
Jobs at Baker Hughes	Baker Hughes: Geoscientist Domain Tester (#DELFT) http://t.co/WZtHFUgjV0 #GeneralScience #Job #Jobs #TweetMyJobs	Sun Sep 14 22:11:43 +0000 2014
Jobs at Baker Hughes	Baker Hughes: Field Engineer - Wireline Services (#DENHELDER) http://t.co/rkryF6OnOo #Engineering #Job #Jobs #TweetMyJobs	Thu Sep 18 09:45:52 +0000 2014
Jobs at Baker Hughes	#VELSENNOORD #Energy #Job: Field Specialist - Intelligent Production Systems at Baker Hughes http://t.co/6Pm7rwtd7l #Jobs	Fri Sep 26 15:50:02 +0000 2014
TMJ-NET IT Jobs	#IT #Job in #DELFT: Geoscientist - Technical Support at Baker Hughes http://t.co/oRyPGiotMK #Jobs #TweetMyJobs	Wed Oct 15 08:06:41 +0000 2014
Jobs at Baker Hughes	#GeneralScience #Job in #DELFT: Geoscientist Domain Tester at Baker Hughes http://t.co/WZtHFUgjV0 #Jobs #TweetMyJobs	Mon Nov 03 18:58:27 +0000 2014
TMJ-NET Engin. Jobs	#GeneralScience #Job in #DELFT: Geoscientist Domain Tester at Baker Hughes http://t.co/xYADJjQhuG #Jobs #TweetMyJobs	Wed Dec 10 13:07:08 +0000 2014
Jobs at Baker Hughes	#DENHELDER, Noord-Holland #SkilledTrade #Job: Mechanical Technician - Wireline Systems at Baker Hughes http://t.co/2P9q792x27	Fri Dec 12 11:04:41 +0000 2014
Jobs at Baker Hughes	#Energy #Job in #VELSENNOORD Drilling Applications Engineer Netherlands at Baker Hughes http://t.co/tf8qQOeffI #Jobs #TweetMyJobs	Fri Jan 10 12:47:50 +0000 2014
Jobs at Baker Hughes	Baker Hughes #Energy #Job: Wireline Field Engineers &amp; Field Operators - Continental Europe ( #DENHELDER ) http://t.co/nznM3Vqnut	Fri Jan 10 16:28:26 +0000 2014
Jobs at Baker Hughes	#Energy #Job in #VELSENNOORD Drilling Applications Engineer Netherlands at Baker Hughes http://t.co/tf8qQOwotQ #Jobs #TweetMyJobs	Thu Feb 27 16:09:08 +0000 2014
Jobs at Baker Hughes	Drilling Applications Engineer Netherlands - Baker Hughes: ( #VELSENNOORD ) http://t.co/tf8qQOwotQ #Energy #Job #Jobs #TweetMyJobs	Thu Apr 17 15:09:16 +0000 2014
Jobs at Baker Hughes	Baker Hughes: Drilling Applications Engineer (m/f) ( #VELSENNOORD ) http://t.co/rynKrHrEbu #Energy #Job #Jobs #TweetMyJobs	Sun May 04 16:28:07 +0000 2014
Jobs at Baker Hughes	#Sales #Job alert: Technical Sales Support Manager - Wireline Systems North | Baker Hughes | #DENHELDER http://t.co/9jySmnzmMA	Thu Jul 10 19:10:02 +0000 2014
Jobs at Baker Hughes	#Energy #Job in #EMMEN: Operations Manager - Pressure Pumping at Baker Hughes http://t.co/0xFra6iHni #Jobs #TweetMyJobs	Tue Jul 22 11:45:36 +0000 2014
TMJ-NET Energy Jobs	#Energy #Job in #VELSENNOORD: Directional Driller at Baker Hughes http://t.co/XjzEoOuRvX #Jobs #TweetMyJobs	Tue Aug 19 07:05:15 +0000 2014
Jobs at Baker Hughes	Baker Hughes: Geoscientist - Technical Support (#DELFT) http://t.co/G0kZvoHLuR #IT #Job #Jobs #TweetMyJobs	Sun Aug 31 11:20:30 +0000 2014
Jobs at Baker Hughes	Baker Hughes: Field Specialist - Intelligent Production Systems (#VELSENNOORD) http://t.co/6Pm7rwtd7l #Energy #Job #Jobs	Sun Sep 07 22:42:11 +0000 2014
TMJ-NET Energy Jobs	Field Specialist - Intelligent Production Systems - Baker Hughes: (#VELSENNOORD) http://t.co/zD2qxA2nJd #Energy #Job #Jobs	Tue Sep 23 07:21:36 +0000 2014
Jobs at Baker Hughes	#SkilledTrade #Job alert: Mechanical Technician - Wireline ... | Baker Hughes | #DENHELDER, Noord-Holland http://t.co/2P9q792x27	Sat Dec 27 14:19:02 +0000 2014
TMJ-NET Energy Jobs	Baker Hughes: Field Specialist - Tubulars ( #VELSENNOORD ) http://t.co/5CCi0my0wX #Energy #Job #Jobs #TweetMyJobs	Fri Jan 10 07:00:45 +0000 2014
Jobs at Baker Hughes	Baker Hughes: Field Specialist ALS - Lindsay, OK ( #LINDSAY , OK) http://t.co/69wFif0Mje #Energy #Job #Jobs #TweetMyJobs	Thu Apr 17 18:27:28 +0000 2014
Jobs at Baker Hughes	Baker Hughes: Technical Sales Support Manager - Wireline Systems North ( #DENHELDER ) http://t.co/7K30dsESsM #Sales #Job #Jobs	Fri May 30 15:28:06 +0000 2014
TMJ-NET Energy Jobs	#VELSENNOORD #Energy #Job: Drilling Applications Engineer Netherlands at Baker Hughes http://t.co/vV7BqfHxPS #Jobs #TweetMyJobs	Fri Jun 27 07:05:22 +0000 2014
Jobs at Baker Hughes	#Energy #Job alert: Drilling Applications Engineer Netherlands | Baker Hughes | #VELSENNOORD http://t.co/76WFAyOt1E #Jobs	Wed Jul 16 22:07:43 +0000 2014
TMJ-NET Engin. Jobs	#Engineering #Job in #VELSENNOORD: Drilling Engineer at Baker Hughes http://t.co/iAGFyHUeZE #Jobs #TweetMyJobs	Wed Aug 20 09:35:58 +0000 2014
TMJ-NET Engin. Jobs	Field Engineer - Wireline Services - Baker Hughes: (#DENHELDER) http://t.co/wEgRtuM9Uk #Engineering #Job #Jobs #TweetMyJobs	Wed Sep 24 08:47:46 +0000 2014
TMJ-NET Energy Jobs	Baker Hughes #Energy #Job: Export Specialist (#VELSENNOORD, Noord-Holland) http://t.co/pg4QC8355R #Jobs #TweetMyJobs	Sat Dec 20 07:05:17 +0000 2014
TMJ-NET Energy Jobs	#TweetMyJobs #Energy #Job alert: Drilling Applications Engineer (m/f) | Baker Hughes | #VELSENNOORD http://t.co/BtaLXpjbmp #Jobs	Sun May 11 07:00:51 +0000 2014
Jobs at Baker Hughes	Baker Hughes #Energy #Job: Drilling Applications Engineer (m/f) (#VELSENNOORD) http://t.co/EpLlBW97nk #Jobs #TweetMyJobs	Thu Jun 26 22:51:39 +0000 2014
Jobs at Baker Hughes	Baker Hughes: Electro-Mechanical Technician - Wireline Systems (#DENHELDER) http://t.co/P5Ms75uVy5 #SupplyChain #Job #Jobs	Thu Jul 31 17:49:07 +0000 2014
Jobs at Baker Hughes	#Engineering #Job in #VELSENNOORD: Drilling Engineer at Baker Hughes http://t.co/bSCEl6ywlm #Jobs #TweetMyJobs	Tue Aug 19 18:42:57 +0000 2014
Jobs at Baker Hughes	#Sales #Job in #DENHELDER: Technical Sales Support Manager - Wireline Systems North at Baker Hughes http://t.co/9jySmnhdys #Jobs	Tue Sep 02 10:29:44 +0000 2014
TMJ-NET Engin. Jobs	#Engineering #Job in #DENHELDER: Field Engineer - Wireline Services at Baker Hughes http://t.co/wEgRtuM9Uk #Jobs #TweetMyJobs	Sat Sep 06 10:32:22 +0000 2014
TMJ-NET Energy Jobs	Baker Hughes: Technical Sales Engineer - Artificial Lift Systems (#VELSENNOORD) http://t.co/AoBijsfjif #Energy #Job #Jobs	Sun Oct 05 07:07:58 +0000 2014
TMJ-NET Energy Jobs	Field Service Coordinator - Baker Hughes: (#EINDHOVEN, Noord-Brabant) http://t.co/YfxHmcanld #Energy #Job #Jobs #TweetMyJobs	Sat Dec 13 07:42:51 +0000 2014
TMJ-NET Energy Jobs	#Energy #Job alert: Field Service Coordinator | Baker Hughes | #EINDHOVEN, Noord-Brabant http://t.co/YfxHmcanld #Jobs	Mon Dec 15 07:43:24 +0000 2014
Jobs at Baker Hughes	Baker Hughes #Energy #Job: Export Specialist (#VELSENNOORD, Noord-Holland) http://t.co/gIZg2GlGEC #Jobs #TweetMyJobs	Tue Dec 16 15:05:00 +0000 2014
Jobs at Baker Hughes	#DENHELDER #SkilledTrade #Job: Maintenance Engineer - Wireline Systems at Baker Hughes http://t.co/YLdwor3bSd #Jobs #TweetMyJobs	Fri Feb 28 22:07:50 +0000 2014
Jobs at Baker Hughes	#Energy #Job in #VELSENNOORD Drilling Applications Engineer (m/f) at Baker Hughes http://t.co/EpLlBW97nk #Jobs #TweetMyJobs	Sun Jun 08 15:59:40 +0000 2014
TMJ-NET Energy Jobs	Baker Hughes #Energy #Job: Drilling Applications Engineer (m/f) ( #VELSENNOORD ) http://t.co/BtaLXpjbmp #Jobs #TweetMyJobs	Thu Jun 19 07:05:09 +0000 2014
TMJ-NET Energy Jobs	#TweetMyJobs #Energy #Job alert: Drilling Applications Engineer (m/f) | Baker Hughes | #VELSENNOORD http://t.co/BtaLXpjbmp #Jobs	Wed Jun 25 07:05:28 +0000 2014
Jobs at Baker Hughes	#Energy #Job in #EMMEN: Operations Manager - Pressure Pumping at Baker Hughes http://t.co/0xFra6iHni #Jobs #TweetMyJobs	Wed Jul 16 16:24:08 +0000 2014
TMJ-NET Energy Jobs	Baker Hughes: Drilling Applications Engineer Netherlands (#VELSENNOORD) http://t.co/vV7BqfHxPS #Energy #Job #Jobs #TweetMyJobs	Sun Jul 27 07:05:22 +0000 2014
TMJ-NET Energy Jobs	Directional Driller - Baker Hughes: (#VELSENNOORD) http://t.co/XjzEoOuRvX #Energy #Job #Jobs #TweetMyJobs	Mon Aug 11 07:05:09 +0000 2014
Jobs at Baker Hughes	#Sales #Job alert: Technical Sales Support Manager - Wireline Systems North | Baker Hughes | #DENHELDER http://t.co/9jySmnzmMA	Thu Aug 21 03:43:14 +0000 2014
TMJ-NET Energy Jobs	Baker Hughes: Operations Manager - Pressure Pumping (#EMMEN) http://t.co/NdAzfDqZii #Energy #Job #Jobs #TweetMyJobs	Thu Sep 04 07:05:22 +0000 2014
TMJ-NET Engin. Jobs	Baker Hughes #GeneralScience #Job: Geoscientist Domain Tester (#DELFT) http://t.co/71Xq7lYFwh #Jobs #TweetMyJobs	Tue Sep 09 08:59:03 +0000 2014
Jobs at Baker Hughes	Technical Sales Support Manager - Wireline Systems North - Baker Hughes: (#DENHELDER) http://t.co/9jySmnhdys #Sales #Job #Jobs	Sat Sep 20 12:54:20 +0000 2014
Jobs at Baker Hughes	Baker Hughes: Geoscientist - Technical Support (#DELFT) http://t.co/kfGToX70kg #IT #Job #Jobs #TweetMyJobs	Tue Oct 28 13:33:22 +0000 2014
TMJ-NET Energy Jobs	#Energy #Job in #VELSENNOORD Drilling Applications Engineer Netherlands at Baker Hughes http://t.co/vV7BqfpoBK #Jobs #TweetMyJobs	Fri Jan 10 07:00:40 +0000 2014
TMJ-NET Energy Jobs	Baker Hughes #Energy #Job: Drilling Applications Engineer Netherlands ( #VELSENNOORD ) http://t.co/vV7BqfpoBK #Jobs #TweetMyJobs	Fri Jan 17 07:00:37 +0000 2014
Jobs at Baker Hughes	Baker Hughes #SkilledTrade #Job: Electro-mechanical Technician - Wireline Systems ( #DENHELDER ) http://t.co/LAKm8RbGOo #Jobs	Sun Feb 09 16:27:03 +0000 2014
Jobs at Baker Hughes	#Sales #Job in #VELSENNOORD Direct Sales Executive - Drilling Systems - EARC at Baker Hughes http://t.co/a3h3McMe1E #Jobs	Thu May 22 16:48:19 +0000 2014
Jobs at Baker Hughes	Baker Hughes: LWD Engineers (#VELSENNOORD) http://t.co/OxBhzPoRoH #Energy #Job #Jobs #TweetMyJobs	Mon Jul 28 17:45:20 +0000 2014
Jobs at Baker Hughes	Baker Hughes: LWD Engineers (#VELSENNOORD) http://t.co/OxBhzPoRoH #Energy #Job #Jobs #TweetMyJobs	Sat Aug 16 05:56:50 +0000 2014
Jobs at Baker Hughes	Baker Hughes: Operations Manager - Pressure Pumping (#EMMEN) http://t.co/0xFra6zKpi #Energy #Job #Jobs #TweetMyJobs	Tue Sep 02 10:13:17 +0000 2014
TMJ-NET Energy Jobs	#Energy #Job in #VELSENNOORD: LWD Engineers at Baker Hughes http://t.co/C1fkzF9Rwd #Jobs #TweetMyJobs	Sat Sep 20 07:05:27 +0000 2014
TMJ-NET Engin. Jobs	Geoscientist Domain Tester - Baker Hughes: (#DELFT) http://t.co/xYADJjQhuG #GeneralScience #Job #Jobs #TweetMyJobs	Sun Nov 16 09:24:32 +0000 2014
TMJ-NET Energy Jobs	Export Specialist - Baker Hughes: (#VELSENNOORD) http://t.co/pg4QC8355R #Energy #Job #Jobs #TweetMyJobs	Tue Dec 02 07:38:39 +0000 2014
TMJ-NET Energy Jobs	Export Specialist - Baker Hughes: (#VELSENNOORD) http://t.co/pg4QC8355R #Energy #Job #Jobs #TweetMyJobs	Sun Dec 07 07:40:39 +0000 2014
TMJ-NET Energy Jobs	Export Specialist - Baker Hughes: (#VELSENNOORD) http://t.co/pg4QC8355R #Energy #Job #Jobs #TweetMyJobs	Thu Dec 11 07:41:59 +0000 2014
TMJ-NET Energy Jobs	#Energy #Job alert: Field Service Coordinator | Baker Hughes | #EINDHOVEN, Noord-Brabant http://t.co/YfxHmcanld #Jobs	Sun Dec 14 07:43:00 +0000 2014
Jobs at Baker Hughes	#Energy #Job in #DENHELDER Field Operator - Wireline Systems at Baker Hughes http://t.co/Dkxan05XQc #Jobs #TweetMyJobs	Mon Jan 27 12:08:33 +0000 2014
Jobs at Baker Hughes	#Energy #Job alert: Field Operations Manager - Fishing Services - Wil... | Baker Hughes | #WILLISTON , ND http://t.co/jpIWILyvNT	Fri Mar 21 20:27:24 +0000 2014
Jobs at Baker Hughes	Technical Sales Support Manager - Wireline Systems North - Baker Hughes: ( #DENHELDER ) http://t.co/7K30dsESsM #Sales #Job #Jobs	Thu Apr 10 15:09:10 +0000 2014
Jobs at Baker Hughes	Baker Hughes #Sales #Job: Technical Sales Support Manager - Wireline Systems North ( #DENHELDER ) http://t.co/7K30dsESsM #Jobs	Thu Apr 17 15:47:47 +0000 2014
Jobs at Baker Hughes	Technical Sales Support Manager - Wireline Systems North - Baker Hughes: ( #DENHELDER ) http://t.co/7K30dsESsM #Sales #Job #Jobs	Thu May 08 15:12:49 +0000 2014
Jobs at Baker Hughes	Baker Hughes: Drilling Applications Engineer (m/f) ( #VELSENNOORD ) http://t.co/rynKrHrEbu #Energy #Job #Jobs #TweetMyJobs	Sun May 25 16:07:21 +0000 2014
TMJ-NET Energy Jobs	Operations Manager - Pressure Pumping - Baker Hughes: (#EMMEN) http://t.co/NdAzfD9Wgi #Energy #Job #Jobs #TweetMyJobs	Fri Jul 25 07:05:28 +0000 2014
TMJ-NET Energy Jobs	#Energy #Job alert: Technical Sales Engineer - Artificial Lift Systems | Baker Hughes | #VELSENNOORD http://t.co/AoBijsfjif	Wed Oct 01 07:06:01 +0000 2014
Jobs at Baker Hughes	#DENHELDER #SkilledTrade #Job: Electro-mechanical Technician - Wireline Systems at Baker Hughes http://t.co/LAKm8RbGOo #Jobs	Sat Feb 15 20:07:30 +0000 2014
Jobs at Baker Hughes	#VELSENNOORD #Energy #Job: Drilling Applications Engineer Netherlands at Baker Hughes http://t.co/tf8qQOwotQ #Jobs #TweetMyJobs	Thu Apr 03 15:08:55 +0000 2014
Jobs at Baker Hughes	Firmware Design Engineer - Drilling Services - Hou... - Baker Hughes: ( #HOUSTON , TX) http://t.co/EoCaTnWxyV #GeneralScience #Job	Tue Apr 29 17:47:24 +0000 2014
TMJ-NET Energy Jobs	#Energy #Job in #VELSENNOORD Drilling Applications Engineer Netherlands at Baker Hughes http://t.co/vV7BqfHxPS #Jobs #TweetMyJobs	Tue Jun 03 07:05:29 +0000 2014
TMJ-NET Energy Jobs	Baker Hughes #Energy #Job: LWD Engineers (#VELSENNOORD) http://t.co/C1fkzESOud #Jobs #TweetMyJobs	Wed Jul 23 07:06:51 +0000 2014
TMJ-NET Engin. Jobs	#TweetMyJobs #Engineering #Job alert: Drilling Engineer | Baker Hughes | #VELSENNOORD http://t.co/iAGFyHC5Lw #Jobs	Wed Sep 03 07:06:02 +0000 2014
Jobs at Baker Hughes	#Energy #Job in #VELSENNOORD: Technical Sales Engineer - Artificial Lift Systems at Baker Hughes http://t.co/g275M7XN7W #Jobs	Thu Sep 04 11:12:20 +0000 2014
TMJ-NET Energy Jobs	Baker Hughes: Operations Manager - Pressure Pumping (#EMMEN) http://t.co/NdAzfDqZii #Energy #Job #Jobs #TweetMyJobs	Mon Sep 08 07:05:14 +0000 2014
Jobs at Baker Hughes	#Energy #Job alert: Drilling Applications Engineer Netherlands | Baker Hughes | #VELSENNOORD http://t.co/tf8qQOeffI #Jobs	Fri Jan 31 12:27:55 +0000 2014
Jobs at Baker Hughes	#Energy #Job alert: Drilling Applications Engineer Netherlands | Baker Hughes | #VELSENNOORD http://t.co/tf8qQOwotQ #Jobs	Thu Mar 20 15:11:33 +0000 2014
Jobs at Baker Hughes	#VELSENNOORD #Energy #Job: Drilling Applications Engineer Netherlands at Baker Hughes http://t.co/tf8qQOwotQ #Jobs #TweetMyJobs	Thu Apr 24 15:10:31 +0000 2014
Jobs at Baker Hughes	Baker Hughes: Drilling Applications Engineer Netherlands ( #VELSENNOORD ) http://t.co/tf8qQOwotQ #Energy #Job #Jobs #TweetMyJobs	Sat May 24 16:27:22 +0000 2014
Jobs at Baker Hughes	Baker Hughes #SupplyChain #Job: Electro-Mechanical Technician - Wireline Systems ( #DENHELDER ) http://t.co/P5Ms75uVy5 #Jobs	Sat May 31 18:19:38 +0000 2014
Jobs at Baker Hughes	#Energy #Job in #VELSENNOORD: Drilling Applications Engineer Netherlands at Baker Hughes http://t.co/76WFAyOt1E #Jobs	Sat Jul 05 00:04:18 +0000 2014
TMJ-NET Engin. Jobs	Baker Hughes: Field Engineer - Wireline Services (#DENHELDER) http://t.co/wEgRtuM9Uk #Engineering #Job #Jobs #TweetMyJobs	Thu Oct 16 09:01:50 +0000 2014
TMJ-NET Energy Jobs	Baker Hughes: Export Specialist (#VELSENNOORD) http://t.co/pg4QC8355R #Energy #Job #Jobs #TweetMyJobs	Mon Dec 01 07:38:08 +0000 2014
Jobs at Baker Hughes	#Energy #Job in #VELSENNOORD: Export Specialist at Baker Hughes http://t.co/gIZg2GlGEC #Jobs #TweetMyJobs	Sat Dec 06 17:22:35 +0000 2014
Jobs at Baker Hughes	Baker Hughes: Field Service Coordinator (#EINDHOVEN, Noord-Brabant) http://t.co/8wnOCw4W5v #Energy #Job #Jobs #TweetMyJobs	Fri Dec 12 19:35:48 +0000 2014
TMJ-NET Energy Jobs	Baker Hughes #Energy #Job: Field Specialist - Intelligent Production Systems (#VELSENNOORD, Noord-Holland) http://t.co/Oj3w9huaQH	Wed Dec 31 07:05:09 +0000 2014
Jobs at Baker Hughes	Baker Hughes: Electro-mechanical Technician - Wireline Systems ( #DENHELDER ) http://t.co/LAKm8RtQ2w #SkilledTrade #Job #Jobs	Fri Apr 04 17:48:49 +0000 2014
TMJ-NET Energy Jobs	Baker Hughes #Energy #Job: Drilling Applications Engineer (m/f) ( #VELSENNOORD ) http://t.co/BtaLXpjbmp #Jobs #TweetMyJobs	Sun Jun 22 07:05:21 +0000 2014
TMJ-NET Energy Jobs	Drilling Applications Engineer Netherlands - Baker Hughes: (#VELSENNOORD) http://t.co/vV7BqfHxPS #Energy #Job #Jobs #TweetMyJobs	Mon Jun 30 07:05:36 +0000 2014
Jobs at Baker Hughes	Baker Hughes: Drilling Applications Engineer (m/f) (#VELSENNOORD) http://t.co/EpLlBW97nk #Energy #Job #Jobs #TweetMyJobs	Sun Jul 27 03:07:16 +0000 2014
Jobs at Baker Hughes	Baker Hughes #Engineering #Job: Field Engineer - Wireline Services (#DENHELDER) http://t.co/rkryF6OnOo #Jobs #TweetMyJobs	Wed Oct 01 00:00:52 +0000 2014
Jobs at Baker Hughes	#DELFT #IT #Job: Geoscientist - Technical Support at Baker Hughes http://t.co/kfGToX70kg #Jobs #TweetMyJobs	Mon Oct 20 01:57:46 +0000 2014
Jobs at Baker Hughes	Drilling Applications Engineer Netherlands - Baker Hughes: ( #VELSENNOORD ) http://t.co/tf8qQOeffI #Energy #Job #Jobs #TweetMyJobs	Fri Jan 17 12:47:26 +0000 2014
Jobs at Baker Hughes	Direct Sales Executive - Wireline - EARC - Baker Hughes: ( #VELSENNOORD ) http://t.co/ZqD7tWHx4n #Sales #Job #Jobs #TweetMyJobs	Thu May 15 17:28:35 +0000 2014
Jobs at Baker Hughes	#Sales #Job alert: Direct Sales Executive - Wireline - EARC | Baker Hughes | #VELSENNOORD http://t.co/XJ34RPxL3E #Jobs	Wed Jun 11 14:31:32 +0000 2014
Jobs at Baker Hughes	Baker Hughes #Sales #Job: Technical Sales Support Manager - Wireline Systems North ( #DENHELDER ) http://t.co/9jySmnzmMA #Jobs	Sun Jun 15 12:57:55 +0000 2014
TMJ-NET Energy Jobs	#Energy #Job in #VELSENNOORD: Drilling Applications Engineer (m/f) at Baker Hughes http://t.co/BtaLXpjbmp #Jobs #TweetMyJobs	Sat Jun 28 07:05:26 +0000 2014
Jobs at Baker Hughes	Baker Hughes: Directional Driller (#VELSENNOORD) http://t.co/GCyqgS4Kdo #Energy #Job #Jobs #TweetMyJobs	Sat Aug 16 09:44:26 +0000 2014
Jobs at Baker Hughes	#VELSENNOORD #Energy #Job: Field Specialist - Intelligent Production Systems at Baker Hughes http://t.co/6Pm7rwtd7l #Jobs	Tue Aug 26 22:00:40 +0000 2014
TMJ-NET Energy Jobs	Baker Hughes #Energy #Job: Technical Sales Engineer - Artificial Lift Systems (#VELSENNOORD) http://t.co/AoBijsfjif #Jobs	Fri Sep 05 07:05:22 +0000 2014
TMJ-NET Engin. Jobs	#Engineering #Job in #DENHELDER: Field Engineer - Wireline Services at Baker Hughes http://t.co/wEgRtuM9Uk #Jobs #TweetMyJobs	Tue Sep 30 12:15:08 +0000 2014
TMJ-NET Energy Jobs	#Energy #Job alert: Field Specialist - Intelligent Production Systems | Baker Hughes | #VELSENNOORD http://t.co/zD2qxA2nJd #Jobs	Thu Oct 02 07:06:33 +0000 2014
Jobs at Baker Hughes	Baker Hughes: Geoscientist Domain Tester (#DELFT) http://t.co/A31L4bSLI7 #GeneralScience #Job #Jobs #TweetMyJobs	Tue Nov 18 21:26:36 +0000 2014
Jobs at Baker Hughes	#TweetMyJobs #GeneralScience #Job alert: Geoscientist Domain Tester | Baker Hughes | #DELFT http://t.co/A31L4bSLI7 #Jobs	Wed Nov 26 11:12:59 +0000 2014
TMJ-NET Energy Jobs	#Energy #Job alert: Drilling Applications Engineer Netherlands | Baker Hughes | #VELSENNOORD http://t.co/vV7BqfpoBK #Jobs	Fri Jan 24 07:00:38 +0000 2014
Jobs at Baker Hughes	#SkilledTrade #Job in #DENHELDER Maintenance Engineer - Wireline Systems at Baker Hughes http://t.co/YLdwor3bSd #Jobs	Fri Apr 11 17:27:29 +0000 2014
Jobs at Baker Hughes	#SkilledTrade #Job alert: Maintenance Engineer - Wireline Systems | Baker Hughes | #DENHELDER http://t.co/YLdwor3bSd #Jobs	Fri Apr 25 17:08:19 +0000 2014
Jobs at Baker Hughes	#VELSENNOORD #Energy #Job: Drilling Applications Engineer (m/f) at Baker Hughes http://t.co/EpLlBW97nk #Jobs #TweetMyJobs	Sat Jun 14 15:33:51 +0000 2014
Jobs at Baker Hughes	Baker Hughes #Energy #Job: Directional Driller (#VELSENNOORD) http://t.co/GCyqgS4Kdo #Jobs #TweetMyJobs	Sat Aug 09 15:43:36 +0000 2014
Jobs at Baker Hughes	#IT #Job in #DELFT: Geoscientist - Technical Support at Baker Hughes http://t.co/G0kZvoHLuR #Jobs #TweetMyJobs	Mon Aug 25 00:46:46 +0000 2014
Jobs at Baker Hughes	#DELFT #GeneralScience #Job: Geoscientist Domain Tester at Baker Hughes http://t.co/WZtHFUgjV0 #Jobs #TweetMyJobs	Mon Sep 08 21:56:43 +0000 2014
Jobs at Baker Hughes	#TweetMyJobs #Engineering #Job alert: Field Engineer - Wireline Services | Baker Hughes | #DENHELDER http://t.co/rkryF6OnOo #Jobs	Wed Sep 24 10:24:46 +0000 2014
Jobs at Baker Hughes	#TweetMyJobs #GeneralScience #Job alert: Geoscientist Domain Tester | Baker Hughes | #DELFT http://t.co/WZtHFUgjV0 #Jobs	Sat Oct 04 02:05:48 +0000 2014
TMJ-NET Engin. Jobs	Field Engineer - Wireline Services - Baker Hughes: (#DENHELDER) http://t.co/wEgRtuM9Uk #Engineering #Job #Jobs #TweetMyJobs	Sat Oct 11 16:56:42 +0000 2014
