TMJ-BEL Mgmt. Jobs	#Brussels #BusinessMgmt #Job: Young Graduates in Technology Consulting (graduation year 2015) at Accenture http://t.co/dsmI3Rs8oO	Sun Aug 31 08:31:34 +0000 2014
TMJ-NET Engin. Jobs	#Engineering #Job in #Amsterdam , North Holland: Senior Consulting Engineer - Security at Emerson http://t.co/y7vTMSrnKK #Jobs	Tue Jun 10 16:34:35 +0000 2014
TMJ-BEL Mgmt. Jobs	Accenture #BusinessMgmt #Job: Young graduate in Business Consulting (graduation 2014) ( #Brussels ) http://t.co/DyQeRySuLx #Jobs	Tue Mar 18 07:01:04 +0000 2014
TheJobTweets_NL_eCom	BDM Air + Sea - Headford Consulting Ltd -  Eindhoven: Job Title: BDM Air/Sea Location: Eindhoven S... http://t.co/40rLwv1XV7 #jobs #werk	Wed Mar 05 09:28:34 +0000 2014
TMJ-BEL Mgmt. Jobs	Accenture #BusinessMgmt #Job: Young graduate in Business Consulting (graduation 2014) (#Brussels) http://t.co/DyQeRySuLx #Jobs	Sun Jul 13 08:35:57 +0000 2014
TheJobTweets_NL_eCom	BDM Air + Sea - Headford Consulting Ltd -  Eindhoven: Job Title: BDM Air/Sea Location: Eindhoven S... http://t.co/hdgyEj9M3d #jobs #werk	Tue Feb 25 15:56:43 +0000 2014
Accenture in BeLux	#BusinessMgmt #Job in #Brussels: Young Graduates in Technology Consulting (graduation year... at Accenture http://t.co/6O8E1VJKrH	Wed Sep 17 12:41:53 +0000 2014
TMJ-BEL Mgmt. Jobs	#BusinessMgmt #Job in #Brussels: Young Graduates in Technology Consulting (graduation year... at Accenture http://t.co/dsmI3RKhCW	Tue Jul 01 11:44:43 +0000 2014
TMJ-BEL Mgmt. Jobs	Accenture #BusinessMgmt #Job: Young Graduates in Technology Consulting (graduation year 2015) (#Brussels) http://t.co/dsmI3RKhCW	Tue Aug 19 07:05:20 +0000 2014
TMJ-BEL Mgmt. Jobs	Accenture #BusinessMgmt #Job: Young graduate in Business Consulting (graduation 2015) (#Brussels) http://t.co/DyQeRyAlxp #Jobs	Fri Aug 22 11:29:52 +0000 2014
TMJ-BEL Mgmt. Jobs	Accenture #BusinessMgmt #Job: Young graduate in Business Consulting (graduation 2015) (#Brussels) http://t.co/DyQeRyAlxp #Jobs	Wed Sep 03 15:52:54 +0000 2014
Accenture in BeLux	Young Graduates in Technology Consulting (graduation year 2015) - Accenture: (#Brussels) http://t.co/6O8E1VJKrH #BusinessMgmt #Job	Fri Sep 05 13:33:58 +0000 2014
TheJobTweets_NL_eCom	BDM Air + Sea - Headford Consulting Ltd -  Eindhoven: Job Title: BDM Air/Sea Location: Eindhoven S... http://t.co/bdE1ITZI1Z #jobs #werk	Sun Feb 02 12:56:37 +0000 2014
TMJ-BEL Mgmt. Jobs	Young graduate in Business Consulting (graduation 2014) - Accenture: ( #Brussels ) http://t.co/DyQeRySuLx #BusinessMgmt #Job #Jobs	Tue Mar 11 07:00:59 +0000 2014
TMJ-BEL Mgmt. Jobs	#Brussels #BusinessMgmt #Job: Young graduate in Business Consulting (graduation 2014) at Accenture http://t.co/DyQeRySuLx #Jobs	Thu Jul 24 11:59:06 +0000 2014
TMJ-BEL Mgmt. Jobs	#BusinessMgmt #Job alert: Young graduate in Business Consulting (graduation 2014) | Accenture | #Brussels http://t.co/DyQeRySuLx	Tue Feb 25 07:00:52 +0000 2014
TMJ-BEL Mgmt. Jobs	Accenture #BusinessMgmt #Job: Young Graduates in Technology Consulting (graduation year 2015) (#Brussels) http://t.co/dsmI3Rs8oO	Sun Aug 24 15:54:27 +0000 2014
TMJ-BEL Mgmt. Jobs	#Brussels #BusinessMgmt #Job: Young graduate in Business Consulting (graduation 2015) at Accenture http://t.co/DyQeRyAlxp #Jobs	Tue Sep 09 14:30:54 +0000 2014
TMJ-BEL Mgmt. Jobs	#BusinessMgmt #Job in #Brussels Young graduate in Business Consulting (graduation 2014) at Accenture http://t.co/DyQeRySuLx #Jobs	Tue Mar 04 07:00:58 +0000 2014
Accenture in BeLux	#BusinessMgmt #Job in #Brussels: Young graduate in Business Consulting (graduation 2015) at Accenture http://t.co/Oru2bGb9js #Jobs	Sun Sep 07 08:09:16 +0000 2014
TMJ-NET Engin. Jobs	#Engineering #Job in #Amsterdam , North Holland: Senior Consulting Engineer - Security at Emerson http://t.co/y7vTMSrnKK #Jobs	Sat May 24 07:00:46 +0000 2014
TMJ-BEL Mgmt. Jobs	Accenture #BusinessMgmt #Job: Young Graduates in Technology Consulting (graduation year 2014) (#Brussels) http://t.co/dsmI3RKhCW	Sun Jul 27 07:27:58 +0000 2014
TMJ-BEL Mgmt. Jobs	Young graduate in Business Consulting (graduation ... - Accenture Belgium: ( #Brussels ) http://t.co/DyQeRySuLx #BusinessMgmt #Job	Tue Apr 29 07:01:05 +0000 2014
TMJ-BEL Mgmt. Jobs	#BusinessMgmt #Job in #Brussels Young graduate in Business Consulting (graduation 2014) at Accenture http://t.co/DyQeRyAlxp #Jobs	Tue Feb 18 14:40:39 +0000 2014
TheJobTweets_NL_eCom	BDM Air + Sea - Headford Consulting Ltd -  Eindhoven: Job Title: BDM Air/Sea Location: Eindhoven S... http://t.co/Hc4AWooFNq #jobs #werk	Sat Apr 05 08:55:31 +0000 2014
TMJ-BEL Mgmt. Jobs	Accenture Belgium: Young graduate in Business Consulting (graduation 2014) ( #Brussels ) http://t.co/DyQeRySuLx #BusinessMgmt #Job	Tue May 06 07:01:03 +0000 2014
TMJ-BEL Mgmt. Jobs	#BusinessMgmt #Job in #Brussels: Young Graduates in Technology Consulting (graduation year... at Accenture http://t.co/dsmI3RKhCW	Fri Jul 04 11:43:12 +0000 2014
TMJ-BEL Mgmt. Jobs	Accenture Belgium #BusinessMgmt #Job: Young graduate in Business Consulting (graduation 2... ( #Brussels ) http://t.co/DyQeRySuLx	Tue May 27 07:00:51 +0000 2014
TMJ-BEL Mgmt. Jobs	#Brussels #BusinessMgmt #Job: Young graduate in Business Consulting (graduation 2014) at Accenture http://t.co/DyQeRySuLx #Jobs	Tue Jul 29 16:51:47 +0000 2014
TMJ-BEL Mgmt. Jobs	Accenture #BusinessMgmt #Job: Young graduate in Business Consulting (graduation 2014) (#Brussels) http://t.co/DyQeRySuLx #Jobs	Mon Aug 04 15:07:51 +0000 2014
TMJ-BEL Mgmt. Jobs	Accenture Belgium: Young graduate in Business Consulting (graduation 2014) ( #Brussels ) http://t.co/DyQeRySuLx #BusinessMgmt #Job	Tue May 20 07:01:03 +0000 2014
Accenture in BeLux	Accenture #BusinessMgmt #Job: Young graduate in Business Consulting (graduation 2015) (#Brussels) http://t.co/Oru2bGb9js #Jobs	Mon Sep 01 08:23:26 +0000 2014
TMJ-BEL Mgmt. Jobs	#BusinessMgmt #Job in #Brussels: Young Graduates in Technology Consulting (graduation year... at Accenture http://t.co/dsmI3RKhCW	Thu Jul 10 08:36:02 +0000 2014
TMJ-BEL Mgmt. Jobs	Young graduate in Business Consulting (graduation 2015) - Accenture: (#Brussels) http://t.co/DyQeRyAlxp #BusinessMgmt #Job #Jobs	Thu Aug 28 15:59:46 +0000 2014
TMJ-BEL Mgmt. Jobs	Accenture: Young Graduates in Technology Consulting (graduation year 2014) (#Brussels) http://t.co/dsmI3RKhCW #BusinessMgmt #Job	Wed Aug 13 10:11:10 +0000 2014
TMJ-BEL Mgmt. Jobs	Young graduate in Business Consulting (graduation ... - Accenture Belgium: ( #Brussels ) http://t.co/DyQeRySuLx #BusinessMgmt #Job	Tue Apr 22 07:00:57 +0000 2014
TMJ-BEL Mgmt. Jobs	#BusinessMgmt #Job alert: Young graduate in Business Consulting (gradu... | Accenture Belgium | #Brussels http://t.co/DyQeRySuLx	Sat Jun 28 11:32:58 +0000 2014
TMJ-BEL Mgmt. Jobs	#Brussels #BusinessMgmt #Job: Young Graduates in Technology Consulting (graduation year 2014) at Accenture http://t.co/dsmI3RKhCW	Wed Jul 16 07:05:15 +0000 2014
Accenture in BeLux	Young Graduates in Technology Consulting (graduation year 2015) - Accenture: (#Brussels) http://t.co/6O8E1VJKrH #BusinessMgmt #Job	Sat Aug 30 14:42:05 +0000 2014
TMJ-NET Engin. Jobs	Emerson: Senior Consulting Engineer - Security ( #Amsterdam , North Holland) http://t.co/y7vTMSrnKK #Engineering #Job #Jobs	Fri May 30 14:09:55 +0000 2014
TMJ-BEL Mgmt. Jobs	Young Graduates in Technology Consulting (graduation year 2015) - Accenture: (#Brussels) http://t.co/dsmI3Rs8oO #BusinessMgmt #Job	Sat Sep 06 09:53:38 +0000 2014
TMJ-BEL Mgmt. Jobs	Accenture #BusinessMgmt #Job: Young Graduates in Technology Consulting (graduation year 2014) (#Brussels) http://t.co/dsmI3RKhCW	Mon Jul 21 13:15:59 +0000 2014
TMJ-BEL Mgmt. Jobs	Young graduate in Business Consulting (graduation 2014) - Accenture: ( #Brussels ) http://t.co/DyQeRySuLx #BusinessMgmt #Job #Jobs	Tue Apr 01 07:01:15 +0000 2014
TMJ-BEL Mgmt. Jobs	#Brussels #BusinessMgmt #Job: Young Graduates in Technology Consulting (graduation year 2014) at Accenture http://t.co/dsmI3RKhCW	Thu Aug 07 11:44:02 +0000 2014
TMJ-BEL Mgmt. Jobs	#Brussels #BusinessMgmt #Job: Young graduate in Business Consulting (graduation 2014) at Accenture http://t.co/DyQeRySuLx #Jobs	Tue Mar 25 07:01:15 +0000 2014
TMJ-BEL Mgmt. Jobs	Young graduate in Business Consulting (graduation 2014) - Accenture: ( #Brussels ) http://t.co/DyQeRySuLx #BusinessMgmt #Job #Jobs	Tue Apr 15 07:01:01 +0000 2014
TMJ-BEL Mgmt. Jobs	#BusinessMgmt #Job in #Brussels Young graduate in Business Consulting (graduation ... at Accenture Belgium http://t.co/DyQeRySuLx	Tue May 13 07:01:07 +0000 2014
TMJ-BEL Mgmt. Jobs	Accenture: Young graduate in Business Consulting (graduation 2014) (#Brussels) http://t.co/DyQeRySuLx #BusinessMgmt #Job #Jobs	Sat Jul 19 07:14:57 +0000 2014
TMJ-BEL Mgmt. Jobs	#BusinessMgmt #Job in #Brussels: Young Graduates in Technology Consulting (graduation year... at Accenture http://t.co/dsmI3RKhCW	Fri Aug 01 13:36:34 +0000 2014
TMJ-BEL Mgmt. Jobs	Accenture Belgium: Young graduate in Business Consulting (graduation 2014) ( #Brussels ) http://t.co/DyQeRySuLx #BusinessMgmt #Job	Thu Jun 05 14:10:45 +0000 2014
TMJ-NET Engin. Jobs	#Amsterdam , North Holland #Engineering #Job: Senior Consulting Engineer - Security at Emerson http://t.co/y7vTMSrnKK #Jobs	Thu Jun 05 16:33:36 +0000 2014
TMJ-BEL Mgmt. Jobs	Accenture: Young graduate in Business Consulting (graduation 2014) ( #Brussels ) http://t.co/DyQeRySuLx #BusinessMgmt #Job #Jobs	Tue Apr 08 07:01:04 +0000 2014
TMJ-BEL Mgmt. Jobs	Accenture: Young graduate in Business Consulting (graduation 2014) (#Brussels) http://t.co/DyQeRySuLx #BusinessMgmt #Job #Jobs	Sun Aug 10 16:46:18 +0000 2014
TMJ-BEL Mgmt. Jobs	#Brussels #BusinessMgmt #Job: Young graduate in Business Consulting (graduation 2015) at Accenture http://t.co/DyQeRySuLx #Jobs	Sat Aug 16 13:06:55 +0000 2014
TMJ-BEL Mgmt. Jobs	#BusinessMgmt #Job in #Brussels: Young Graduates in Technology Consulting (graduation year... at Accenture http://t.co/dsmI3Rs8oO	Wed Sep 17 13:09:11 +0000 2014
