TMJ-NET HRTA Jobs	Expedia Europe #Hospitality #Job: Corporate Travel Consultant (#Amsterdam) http://t.co/uDyhGCb4ch #lifeatexpedia #Jobs	Wed Dec 10 07:58:09 +0000 2014
TMJ-NET HRTA Jobs	Corporate Travel Consultant - Expedia Europe: (#Amsterdam) http://t.co/uDyhGCb4ch #Hospitality #lifeatexpedia #Job #Jobs	Fri Dec 12 07:58:56 +0000 2014
TMJ-NET HRTA Jobs	#Amsterdam #Hospitality #Job: Corporate Travel Consultant at Expedia Europe http://t.co/uDyhGCb4ch #lifeatexpedia #Jobs	Tue Dec 16 08:00:22 +0000 2014
TMJ-NET HRTA Jobs	Expedia Europe: Market Associate Regional Netherlands (#Amsterdam) http://t.co/IHLbxT3Bl4 #Hospitality #lifeatexpedia #Job #Jobs	Fri Nov 21 07:50:12 +0000 2014
TMJ-NET HRTA Jobs	#Amsterdam #Hospitality #Job: Corporate Travel Consultant at Expedia Europe http://t.co/uDyhGCb4ch #lifeatexpedia #Jobs	Wed Nov 26 07:52:07 +0000 2014
TMJ-NET HRTA Jobs	Expedia Europe #Hospitality #Job: Market Associate Regional Netherlands (#Amsterdam) http://t.co/IHLbxT3Bl4 #lifeatexpedia #Jobs	Mon Dec 01 07:54:24 +0000 2014
TMJ-NET HRTA Jobs	#Amsterdam #Hospitality #Job: Market Associate Regional Netherlands at Expedia Europe http://t.co/IHLbxT3Bl4 #lifeatexpedia #Jobs	Wed Dec 03 07:55:25 +0000 2014
TMJ-NET HRTA Jobs	#Amsterdam #Hospitality #Job: Corporate Travel Consultant at Expedia Europe http://t.co/uDyhGCb4ch #lifeatexpedia #Jobs	Mon Dec 08 07:57:27 +0000 2014
TMJ-NET HRTA Jobs	Expedia Europe #Hospitality #Job: Corporate Travel Consultant (#Amsterdam) http://t.co/uDyhGCb4ch #lifeatexpedia #Jobs	Sun Dec 14 07:59:42 +0000 2014
TMJ-NET HRTA Jobs	Google #Hospitality #Job: Industry Manager, Travel ( #Amsterdam ) http://t.co/A7NjQn9nBd #Jobs #TweetMyJobs	Fri May 30 07:05:30 +0000 2014
TMJ-NET HRTA Jobs	Market Associate Regional Netherlands - Expedia Europe: (#Amsterdam) http://t.co/IHLbxT3Bl4 #Hospitality #lifeatexpedia #Job #Jobs	Sun Dec 07 07:57:18 +0000 2014
TMJ-NET HRTA Jobs	Expedia Europe: Corporate Travel Consultant (#Amsterdam) http://t.co/uDyhGCb4ch #Hospitality #lifeatexpedia #Job #Jobs	Sun Nov 30 07:53:19 +0000 2014
TMJ-NET HRTA Jobs	#Amsterdam #Hospitality #Job: Corporate Travel Consultant at Expedia Europe http://t.co/BlQ2ESp7Ge #lifeatexpedia #Jobs	Mon Nov 24 07:51:35 +0000 2014
TMJ-NET HRTA Jobs	Expedia Europe #Hospitality #Job: Market Associate Regional Netherlands (#Amsterdam) http://t.co/IHLbxT3Bl4 #lifeatexpedia #Jobs	Thu Nov 20 07:49:51 +0000 2014
TMJ-NET HRTA Jobs	#Amsterdam #Hospitality #Job: Corporate Travel Consultant at Expedia Europe http://t.co/uDyhGCb4ch #lifeatexpedia #Jobs	Mon Dec 15 07:59:53 +0000 2014
TMJ-NET HRTA Jobs	#Amsterdam #Hospitality #Job: Industry Manager, Travel at Google http://t.co/A7NjQnqqDd #Jobs #TweetMyJobs	Thu Feb 20 10:30:40 +0000 2014
TMJ-NET HRTA Jobs	Corporate Travel Consultant - Expedia Europe: (#Amsterdam) http://t.co/uDyhGCb4ch #Hospitality #lifeatexpedia #Job #Jobs	Tue Dec 02 07:54:56 +0000 2014
TMJ-NET HRTA Jobs	Google: Industry Manager, Travel ( #Amsterdam ) http://t.co/kpPlLJNJ0o #Hospitality #Job #Jobs #TweetMyJobs	Wed Apr 16 07:00:45 +0000 2014
TMJ-NET HRTA Jobs	Market Associate Regional Netherlands - Expedia Europe: (#Amsterdam) http://t.co/IHLbxT3Bl4 #Hospitality #lifeatexpedia #Job #Jobs	Sun Nov 23 07:51:03 +0000 2014
TMJ-NET HRTA Jobs	#Amsterdam #Hospitality #Job: Market Associate Regional Netherlands at Expedia Europe http://t.co/IHLbxT3Bl4 #lifeatexpedia #Jobs	Tue Dec 09 07:58:01 +0000 2014
TMJ-NET HRTA Jobs	#Amsterdam #Hospitality #Job: Market Associate Regional Netherlands at Expedia Europe http://t.co/IHLbxT3Bl4 #lifeatexpedia #Jobs	Tue Nov 25 07:51:48 +0000 2014
TMJ-NET HRTA Jobs	Expedia Europe: Corporate Travel Consultant (#Amsterdam) http://t.co/uDyhGCb4ch #Hospitality #lifeatexpedia #Job #Jobs	Sat Nov 22 07:50:55 +0000 2014
TMJ-NET HRTA Jobs	#Amsterdam #Hospitality #Job: Corporate Travel Consultant at Expedia Europe http://t.co/uDyhGCb4ch #lifeatexpedia #Jobs	Thu Dec 04 07:55:49 +0000 2014
TMJ-NET HRTA Jobs	Market Associate Regional Netherlands - Expedia Europe: (#Amsterdam) http://t.co/IHLbxT3Bl4 #Hospitality #lifeatexpedia #Job #Jobs	Fri Dec 05 07:56:23 +0000 2014
TMJ-NET HRTA Jobs	Expedia Europe: Market Associate Regional Netherlands (#Amsterdam) http://t.co/IHLbxT3Bl4 #Hospitality #lifeatexpedia #Job #Jobs	Thu Dec 11 07:58:34 +0000 2014
TMJ-NET HRTA Jobs	Market Associate Regional Netherlands - Expedia Europe: (#Amsterdam) http://t.co/IHLbxT3Bl4 #Hospitality #lifeatexpedia #Job #Jobs	Thu Nov 27 07:52:24 +0000 2014
TMJ-NET HRTA Jobs	#Amsterdam #Hospitality #Job: Corporate Travel Consultant at Expedia Europe http://t.co/uDyhGCb4ch #lifeatexpedia #Jobs	Fri Nov 28 07:52:35 +0000 2014
TMJ-NET HRTA Jobs	#Amsterdam #Hospitality #Job: Industry Manager, Travel at Google http://t.co/A7NjQn9nBd #Jobs #TweetMyJobs	Wed Apr 23 09:30:46 +0000 2014
TMJ-NET HRTA Jobs	#Hospitality #Job in #Amsterdam: Corporate Travel Consultant at Expedia Europe http://t.co/uDyhGCb4ch #lifeatexpedia #Jobs	Sat Dec 06 07:56:50 +0000 2014
TMJ-NET HRTA Jobs	Expedia Europe #Hospitality #Job: Market Associate Regional Netherlands (#Amsterdam) http://t.co/IHLbxT3Bl4 #lifeatexpedia #Jobs	Sat Nov 29 07:52:47 +0000 2014
TMJ-NET HRTA Jobs	#Hospitality #Job in #Amsterdam: Corporate Travel Consultant at Expedia Europe http://t.co/uDyhGCb4ch #lifeatexpedia #Jobs	Sat Dec 13 07:59:07 +0000 2014
