TMJ-BEL IT-DB Jobs	Life Insurance Consultant/Analyst - Accenture: ( #Brussels ) http://t.co/9HnI4M1hqS #Database #Job #Jobs #TweetMyJobs	Fri Feb 14 07:01:04 +0000 2014
TMJ-BEL IT-DB Jobs	Accenture #Database #Job: Life Insurance Consultant/Analyst ( #Brussels ) http://t.co/9HnI4LKeoS #Jobs #TweetMyJobs	Fri Mar 28 07:02:43 +0000 2014
TMJ-BEL IT-DB Jobs	#Brussels #Database #Job: Life Insurance Consultant/Analyst at Accenture Belgium http://t.co/9HnI4LKeoS #Jobs #TweetMyJobs	Fri Apr 18 07:01:03 +0000 2014
TMJ-BEL IT-DB Jobs	Accenture Belgium: Insurance Analyst ( #Brussels ) http://t.co/9HnI4LKeoS #Database #Job #Jobs #TweetMyJobs	Thu Jun 05 07:05:24 +0000 2014
TMJ-BEL IT-DB Jobs	#Brussels #Database #Job: Insurance Analyst at Accenture Belgium http://t.co/9HnI4LKeoS #Jobs #TweetMyJobs	Sun Jun 15 07:05:41 +0000 2014
TMJ-BEL IT-DB Jobs	Life Insurance Consultant/Analyst - Accenture: ( #Brussels ) http://t.co/9HnI4M1hqS #Database #Job #Jobs #TweetMyJobs	Wed Jan 15 07:00:45 +0000 2014
TMJ-BEL IT-DB Jobs	#TweetMyJobs #Database #Job alert: Life Insurance Consultant/Analyst | Accenture | #Brussels http://t.co/9HnI4M1hqS #Jobs	Thu Feb 06 08:21:36 +0000 2014
Accenture in BeLux	#Insurance #Job in #Brussels: Insurance Analyst at Accenture http://t.co/NYG9Am4aQY #Jobs #TweetMyJobs	Sat Oct 04 17:44:37 +0000 2014
Accenture in BeLux	Accenture: Insurance Analyst (#Brussels) http://t.co/YBRExSQLZJ #Insurance #Job #Jobs #TweetMyJobs	Thu Nov 20 18:03:12 +0000 2014
TMJ-BEL IT-DB Jobs	#Database #Job alert: Life Insurance Consultant/Analyst | Accenture Belgium | #Brussels http://t.co/9HnI4LKeoS #Jobs	Fri May 02 07:01:09 +0000 2014
Accenture in BeLux	Insurance Analyst - Accenture: (#Brussels) http://t.co/YBRExSQLZJ #Insurance #Job #Jobs #TweetMyJobs	Fri Nov 14 18:44:57 +0000 2014
TMJ-BEL IT-DB Jobs	Accenture: Life Insurance Consultant/Analyst ( #Brussels ) http://t.co/9HnI4M1hqS #Database #Job #Jobs #TweetMyJobs	Wed Feb 05 09:11:09 +0000 2014
TMJ-BEL IT-DB Jobs	Life Insurance Consultant/Analyst - Accenture: ( #Brussels ) http://t.co/9HnI4LKeoS #Database #Job #Jobs #TweetMyJobs	Fri Mar 21 07:02:07 +0000 2014
Accenture in BeLux	Accenture: Insurance Analyst (#Brussels) http://t.co/YBRExSQLZJ #Insurance #Job #Jobs #TweetMyJobs	Wed Dec 17 14:19:27 +0000 2014
TMJ-BEL IT-DB Jobs	Accenture #Database #Job: Life Insurance Consultant/Analyst ( #Brussels ) http://t.co/9HnI4M1hqS #Jobs #TweetMyJobs	Fri Feb 07 07:00:59 +0000 2014
TMJ-BEL IT-DB Jobs	#Database #Job in #Brussels Life Insurance Consultant/Analyst at Accenture http://t.co/9HnI4LKeoS #Jobs #TweetMyJobs	Fri Feb 28 07:01:03 +0000 2014
Accenture in BeLux	#TweetMyJobs #Insurance #Job alert: Insurance Analyst | Accenture | #Brussels http://t.co/NYG9Am4aQY #Jobs	Sat Aug 30 11:35:14 +0000 2014
Accenture in BeLux	#Brussels #Insurance #Job: Insurance Analyst at Accenture http://t.co/NYG9Am4aQY #Jobs #TweetMyJobs	Wed Oct 22 11:07:57 +0000 2014
Accenture in BeLux	Accenture: Insurance Analyst (#Brussels) http://t.co/YBRExSQLZJ #Insurance #Job #Jobs #TweetMyJobs	Thu Nov 27 10:15:46 +0000 2014
TMJ-BEL IT-DB Jobs	Accenture Belgium #Database #Job: Life Insurance Consultant/Analyst ( #Brussels ) http://t.co/9HnI4LKeoS #Jobs #TweetMyJobs	Fri May 16 07:01:08 +0000 2014
TMJ-BEL IT-DB Jobs	#Database #Job in #Brussels Insurance Analyst at Accenture Belgium http://t.co/9HnI4LKeoS #Jobs #TweetMyJobs	Tue Jun 10 07:05:15 +0000 2014
Accenture in BeLux	#Brussels #Insurance #Job: Insurance Analyst at Accenture http://t.co/NYG9Am4aQY #Jobs #TweetMyJobs	Sun Sep 28 17:24:54 +0000 2014
TMJ-BEL IT-DB Jobs	Accenture #Database #Job: Life Insurance Consultant/Analyst ( #Brussels ) http://t.co/9HnI4M1hqS #Jobs #TweetMyJobs	Thu Feb 06 08:11:46 +0000 2014
JobsDirectUSA.com	#insurance #jobs Allstate Insurance Officer Manager- Insurance Experience Required - Allstate Insurance -  Hem...  http://t.co/X8ucmYjwIe	Tue Mar 04 16:57:31 +0000 2014
TMJ-BEL IT-DB Jobs	#Brussels #Database #Job: Insurance Analyst at Accenture Belgium http://t.co/9HnI4LKeoS #Jobs #TweetMyJobs	Fri Jun 20 07:05:35 +0000 2014
Akkermans & Partners	â€œWin een ticket voor de Belgian Insurance Conference door "Ik ga naar #kluwerbic @insurance_nl" te tweeten." Dank u @insurance_nl ðŸ˜ƒ	Thu Nov 06 19:32:11 +0000 2014
Accenture in BeLux	Accenture: Insurance Analyst (#Brussels) http://t.co/YBRExSQLZJ #Insurance #Job #Jobs #TweetMyJobs	Mon Dec 29 10:18:41 +0000 2014
TMJ-BEL IT-DB Jobs	#Database #Job in #Brussels Life Insurance Consultant/Analyst at Accenture http://t.co/9HnI4M1hqS #Jobs #TweetMyJobs	Wed Feb 05 09:01:07 +0000 2014
Accenture in BeLux	Insurance Analyst - Accenture: (#Brussels) http://t.co/NYG9Am4aQY #Insurance #Job #Jobs #TweetMyJobs	Fri Sep 05 10:17:58 +0000 2014
TMJ-BEL IT-DB Jobs	Accenture: Life Insurance Consultant/Analyst ( #Brussels ) http://t.co/9HnI4LKeoS #Database #Job #Jobs #TweetMyJobs	Fri Mar 07 07:01:09 +0000 2014
TMJ-BEL IT-DB Jobs	#Database #Job in #Brussels Life Insurance Consultant/Analyst at Accenture http://t.co/9HnI4LKeoS #Jobs #TweetMyJobs	Fri Apr 11 07:01:01 +0000 2014
Accenture in BeLux	#Insurance #Job in #Brussels: Insurance Analyst at Accenture http://t.co/NYG9Am4aQY #Jobs #TweetMyJobs	Thu Oct 16 14:11:12 +0000 2014
Accenture in BeLux	Accenture #Insurance #Job: Insurance Analyst (#Brussels) http://t.co/NYG9Am4aQY #Jobs #TweetMyJobs	Fri Oct 10 17:35:41 +0000 2014
TMJ-BEL IT-DB Jobs	#Database #Job alert: Life Insurance Consultant/Analyst | Accenture Belgium | #Brussels http://t.co/9HnI4LKeoS #Jobs	Fri May 09 07:01:09 +0000 2014
Accenture in BeLux	#Insurance #Job in #Brussels: Insurance Analyst at Accenture http://t.co/YBRExSQLZJ #Jobs #TweetMyJobs	Tue Dec 23 12:16:22 +0000 2014
TMJ-BEL IT-DB Jobs	#Brussels #Database #Job: Life Insurance Consultant/Analyst at Accenture http://t.co/9HnI4M1hqS #Jobs #TweetMyJobs	Wed Jan 29 07:00:56 +0000 2014
TMJ-BEL IT-DB Jobs	Accenture: Life Insurance Consultant/Analyst ( #Brussels ) http://t.co/9HnI4LKeoS #Database #Job #Jobs #TweetMyJobs	Fri Apr 04 07:01:04 +0000 2014
TMJ-BEL IT-DB Jobs	#Brussels #Database #Job: Life Insurance Consultant/Analyst at Accenture Belgium http://t.co/9HnI4LKeoS #Jobs #TweetMyJobs	Fri Apr 25 07:01:12 +0000 2014
Accenture in BeLux	#Brussels #Insurance #Job: Insurance Analyst at Accenture http://t.co/NYG9Am4aQY #Jobs #TweetMyJobs	Tue Oct 28 08:22:12 +0000 2014
Accenture in BeLux	Accenture: Insurance Analyst (#Brussels) http://t.co/YBRExSQLZJ #Insurance #Job #Jobs #TweetMyJobs	Tue Dec 09 14:21:56 +0000 2014
Akkermans & Partners	@insurance_nl ABVV voorstel was ondoordacht, maar wakkert wel opnieuw de problematiek aan... Dooft alleen altijd veel te snel weer uit ook!	Wed Jan 15 18:19:51 +0000 2014
TMJ-BEL IT-DB Jobs	Accenture Belgium #Database #Job: Life Insurance Consultant/Analyst ( #Brussels ) http://t.co/9HnI4LKeoS #Jobs #TweetMyJobs	Fri May 23 07:01:06 +0000 2014
Accenture in BeLux	Accenture: Insurance Analyst (#Brussels) http://t.co/YBRExSQLZJ #Insurance #Job #Jobs #TweetMyJobs	Wed Dec 03 16:25:29 +0000 2014
TMJ-BEL IT-DB Jobs	Accenture #Database #Job: Life Insurance Consultant/Analyst ( #Brussels ) http://t.co/9HnI4M1hqS #Jobs #TweetMyJobs	Wed Feb 05 09:21:10 +0000 2014
TMJ-BEL IT-DB Jobs	Accenture: Life Insurance Consultant/Analyst ( #Brussels ) http://t.co/9HnI4LKeoS #Database #Job #Jobs #TweetMyJobs	Fri Feb 21 07:01:07 +0000 2014
Accenture in BeLux	#TweetMyJobs #Insurance #Job alert: Insurance Analyst | Accenture | #Brussels http://t.co/NYG9Am4aQY #Jobs	Sun Nov 09 08:05:14 +0000 2014
TMJ-BEL IT-DB Jobs	#TweetMyJobs #Database #Job alert: Life Insurance Consultant/Analyst | Accenture | #Brussels http://t.co/9HnI4M1hqS #Jobs	Wed Feb 05 08:51:24 +0000 2014
Accenture in BeLux	#Brussels #Insurance #Job: Insurance Analyst at Accenture http://t.co/NYG9Am4aQY #Jobs #TweetMyJobs	Wed Sep 17 08:12:48 +0000 2014
Accenture in BeLux	#Insurance #Job in #Brussels: Insurance Analyst at Accenture http://t.co/NYG9Am4aQY #Jobs #TweetMyJobs	Tue Sep 23 07:14:53 +0000 2014
Accenture in BeLux	#TweetMyJobs #Insurance #Job alert: Insurance Analyst | Accenture | #Brussels http://t.co/NYG9Am4aQY #Jobs	Thu Sep 11 09:29:21 +0000 2014
TMJ-BEL IT-DB Jobs	Accenture: Life Insurance Consultant/Analyst ( #Brussels ) http://t.co/9HnI4M1hqS #Database #Job #Jobs #TweetMyJobs	Thu Feb 06 08:01:45 +0000 2014
TMJ-BEL IT-DB Jobs	Life Insurance Consultant/Analyst - Accenture: ( #Brussels ) http://t.co/9HnI4M1hqS #Database #Job #Jobs #TweetMyJobs	Wed Jan 22 07:00:55 +0000 2014
TMJ-BEL IT-DB Jobs	Life Insurance Consultant/Analyst - Accenture: ( #Brussels ) http://t.co/9HnI4M1hqS #Database #Job #Jobs #TweetMyJobs	Thu Feb 06 07:51:19 +0000 2014
TMJ-BEL IT-DB Jobs	#TweetMyJobs #Database #Job alert: Life Insurance Consultant/Analyst | Accenture | #Brussels http://t.co/9HnI4LKeoS #Jobs	Fri Mar 14 07:01:07 +0000 2014
Accenture in BeLux	Accenture #Insurance #Job: Insurance Analyst (#Brussels) http://t.co/NYG9Am4aQY #Jobs #TweetMyJobs	Mon Nov 03 08:08:25 +0000 2014
