P&G Jobs	Procter &amp; Gamble: Manufacturing Process Engineer - Mechelen P... ( #Mechelen , Antwerp) http://t.co/qi7PXEMda1 #Manufacturing #Job	Tue Feb 04 07:47:33 +0000 2014
P&G Jobs	Procter &amp; Gamble #Manufacturing #Job: Technieker Elektrisch &amp; Instrumentatie ( #Mechelen , Antwerp) http://t.co/x83MJpZeL4 #Jobs	Fri Mar 14 15:27:53 +0000 2014
P&G Jobs	#Mechelen , Antwerp #Manufacturing #Job: Technieker Elektrisch &amp; Instrum... at Procter &amp; Gamble http://t.co/x83MJpZeL4 #VeteranJob	Sat May 31 15:46:36 +0000 2014
TMJ-NET IT Jobs	#ProjectMgmt #Job in #Amsterdam: (senior) Consultant Manufacturing Execution S... at Accenture Netherlands http://t.co/y19R6psLYy	Thu Jun 26 16:56:32 +0000 2014
TMJ-NET IT Jobs	(senior) Consultant Manufacturing Execution Systems (MES) - Accenture: (#Amsterdam) http://t.co/y19R6paCKq #Manufacturing #Job	Tue Sep 02 14:25:27 +0000 2014
P&G Jobs	#Manufacturing #Job alert: Technical Operator - Mec... | Procter &amp; Gamble | #Mechelen, Antwerp http://t.co/GfLfrwPpcA #VeteranJob	Sun Dec 14 23:14:56 +0000 2014
P&G Jobs	#Mechelen , Antwerp #Manufacturing #Job: Manufacturing Process Engineer - Mechelen ... at Procter &amp; Gamble http://t.co/RZGfiCH72K	Tue Mar 04 17:47:41 +0000 2014
P&G Jobs	#Manufacturing #Job in #Mechelen , Antwerp: Technieker Elektrisch &amp; Inst... at Procter &amp; Gamble http://t.co/x83MJpZeL4 #VeteranJob	Sat Apr 26 15:28:29 +0000 2014
P&G Jobs	#Mechelen, Antwerp #Manufacturing #Job: Technieker Elektrisch &amp; Instrume... at Procter &amp; Gamble http://t.co/fvGzT2axcv #VeteranJob	Mon Jul 14 03:09:01 +0000 2014
P&G Jobs	#Manufacturing #Job in #Mechelen, Antwerp: Technical Operator - Mechelen at Procter &amp; Gamble http://t.co/GfLfrvYBOo #VeteranJob	Thu Nov 06 14:55:16 +0000 2014
P&G Jobs	#Mechelen , Antwerp #Manufacturing #Job: Productie Operator Mechelen at Procter &amp; Gamble http://t.co/rDvXTtu2Pt #Jobs #TweetMyJobs	Mon Jan 13 07:27:26 +0000 2014
TMJ-NET IT PM Jobs	(senior) Consultant Manufacturing Execution Sy... - Accenture Netherlands: ( #Amsterdam ) http://t.co/kOszmPLVE8 #ProjectMgmt #Job	Fri Jun 20 08:18:03 +0000 2014
TMJ-NET IT PM Jobs	(senior) Consultant Manufacturing Execution Systems (MES) - Accenture: (#Amsterdam) http://t.co/kOszmPLVE8 #Manufacturing #Job	Thu Aug 07 09:19:30 +0000 2014
TMJ-NET IT Jobs	Accenture #Manufacturing #Job: (senior) Consultant Manufacturing Execution Systems (MES) (#Amsterdam) http://t.co/y19R6paCKq	Sun Sep 14 14:42:25 +0000 2014
P&G Jobs	#Manufacturing #Job alert: Technieker Elektrisch &amp; Instrument... | Procter &amp; Gamble | #Mechelen , Antwerp http://t.co/x83MJpH5wW	Fri Feb 07 16:28:32 +0000 2014
P&G Jobs	#Manufacturing #Job in #Mechelen , Antwerp: Technieker Elektrisch &amp; Instrumentatie at Procter &amp; Gamble http://t.co/x83MJpH5wW	Fri Feb 14 16:27:56 +0000 2014
P&G Jobs	Procter &amp; Gamble: Manufacturing Process Engineer - Mechelen P... ( #Mechelen , Antwerp) http://t.co/hyrdNVE4Mg #Manufacturing #Job	Tue Mar 25 18:07:21 +0000 2014
TMJ-NET IT PM Jobs	#ProjectMgmt #Job in #Amsterdam (senior) Consultant Manufacturing Execution Systems (MES) at Accenture http://t.co/kOszmPLVE8	Fri Mar 28 07:10:54 +0000 2014
P&G Jobs	#Manufacturing #Job alert: Technieker Elektrisch &amp;... | Procter &amp; Gamble | #Mechelen , Antwerp http://t.co/x83MJpZeL4 #VeteranJob	Sat May 17 15:29:27 +0000 2014
TMJ-NET IT Jobs	Accenture Netherlands #IT #Job: (senior) Consultant Manufacturing Execution Systems (MES) ( #Amsterdam ) http://t.co/y19R6psLYy	Sat Jun 07 14:02:58 +0000 2014
P&G Jobs	#Manufacturing #Job alert: Technical Operator - Mec... | Procter &amp; Gamble | #Mechelen, Antwerp http://t.co/GfLfrvYBOo #VeteranJob	Fri Oct 24 22:27:02 +0000 2014
P&G Jobs	Procter &amp; Gamble #Manufacturing #Job: Technical Operator - Mechelen (#Mechelen, Antwerp) http://t.co/GfLfrvYBOo #VeteranJob #Jobs	Thu Nov 06 14:55:23 +0000 2014
P&G Jobs	#Mechelen , Antwerp #Manufacturing #Job: Manufacturing Process Engineer - Mechelen ... at Procter &amp; Gamble http://t.co/qi7PXEMda1	Tue Jan 07 08:27:44 +0000 2014
JobsDirectUSA.com	#manufacturing Manufacturing Engineering Co-op - Nova Biomedical Corporation -  Billerica, MA  http://t.co/ZmvdsYk6ku	Mon Feb 24 17:20:08 +0000 2014
TMJ-NET IT Jobs	Accenture #Manufacturing #Job: (senior) Consultant Manufacturing Execution Systems (MES) (#Amsterdam) http://t.co/y19R6psLYy	Wed Jul 02 16:31:53 +0000 2014
P&G Jobs	Procter &amp; Gamble #Manufacturing #Job: Technical Operator - Mechelen (#Mechelen, Antwerp) http://t.co/GfLfrvYBOo #VeteranJob #Jobs	Wed Nov 12 22:58:50 +0000 2014
P&G Jobs	Procter &amp; Gamble: Technieker Elektrisch &amp; Instrume... ( #Mechelen , Antwerp) http://t.co/x83MJpZeL4 #Manufacturing #VeteranJob #Job	Sat May 10 16:48:31 +0000 2014
TMJ-NET IT PM Jobs	Accenture Netherlands #ProjectMgmt #Job: (senior) Consultant Manufacturing Execution Syste... (#Amsterdam) http://t.co/kOszmPLVE8	Wed Jun 25 13:35:21 +0000 2014
JobsDirectUSA.com	#engineering #jobs Manufacturing Engineering Co-op - Nova Biomedical Corporation -  Billerica, MA  http://t.co/3HskvzA3i6	Mon Feb 24 17:16:16 +0000 2014
TMJ-NET IT Jobs	#Manufacturing #Job alert: (senior) Consultant Manufacturing Execution System... | Accenture | #Amsterdam http://t.co/y19R6psLYy	Mon Jul 21 16:54:45 +0000 2014
P&G Jobs	Procter &amp; Gamble: Technieker Elektrisch &amp; Instrument... (#Mechelen, Antwerp) http://t.co/fvGzT2axcv #Manufacturing #VeteranJob #Job	Sat Jul 26 16:50:28 +0000 2014
TMJ-NET IT Jobs	Accenture: (senior) Consultant Manufacturing Execution Systems (MES) (#Amsterdam) http://t.co/y19R6psLYy #Manufacturing #Job #Jobs	Fri Aug 15 10:00:55 +0000 2014
TMJ-NET IT Jobs	Accenture #Manufacturing #Job: (senior) Consultant Manufacturing Execution Systems (MES) (#Amsterdam) http://t.co/y19R6paCKq	Sat Sep 27 08:29:23 +0000 2014
TMJ-NET IT PM Jobs	#ProjectMgmt #Job alert: (senior) Consultant Manufacturing Execution Systems ... | Accenture | #Amsterdam http://t.co/kOszmPLVE8	Fri Mar 14 07:10:48 +0000 2014
P&G Jobs	Procter &amp; Gamble: Technical Operator - Mechelen (#Mechelen, Antwerp) http://t.co/GfLfrvYBOo #Manufacturing #VeteranJob #Job #Jobs	Fri Oct 31 08:35:30 +0000 2014
P&G Jobs	#Manufacturing #Job in #Mechelen , Antwerp: Productie Operator Mechelen at Procter &amp; Gamble http://t.co/rDvXTtu2Pt #Jobs	Mon Jan 27 07:27:28 +0000 2014
P&G Jobs	#Mechelen , Antwerp #Manufacturing #Job: Productie Operator Mechelen at Procter &amp; Gamble http://t.co/rDvXTtu2Pt #Jobs #TweetMyJobs	Mon Feb 10 16:27:18 +0000 2014
P&G Jobs	#Manufacturing #Job alert: Productie Operator Mechelen | Procter &amp; Gamble | #Mechelen , Antwerp http://t.co/rDvXTtu2Pt #Jobs	Mon Feb 17 16:26:50 +0000 2014
TMJ-NET IT PM Jobs	#Manufacturing #Job in #Amsterdam: (senior) Consultant Manufacturing Execution Systems (MES) at Accenture http://t.co/kOszmPLVE8	Tue Aug 12 16:57:13 +0000 2014
P&G Jobs	#Mechelen , Antwerp #Manufacturing #Job: Technieker Elektrisch &amp; Instrumentatie at Procter &amp; Gamble http://t.co/x83MJpZeL4 #Jobs	Fri Mar 28 15:29:53 +0000 2014
P&G Jobs	Technical Operator - Mechelen - Procter &amp; Gamble: (#Mechelen, Antwerp) http://t.co/GfLfrvYBOo #Manufacturing #VeteranJob #Job #Jobs	Tue Sep 16 10:19:29 +0000 2014
P&G Jobs	#Manufacturing #Job alert: Technieker Elektrisch &amp; Instrument... | Procter &amp; Gamble | #Mechelen , Antwerp http://t.co/x83MJpZeL4	Fri Feb 28 16:27:49 +0000 2014
TMJ-NET IT PM Jobs	Accenture Netherlands #ProjectMgmt #Job: (senior) Consultant Manufacturing Execution Sys... ( #Amsterdam ) http://t.co/kOszmPLVE8	Sun Jun 08 11:19:22 +0000 2014
P&G Jobs	Procter &amp; Gamble #Manufacturing #Job: Technical Operator - Mechelen (#Mechelen, Antwerp) http://t.co/56U9vxnxQa #VeteranJob #Jobs	Thu Aug 21 23:12:43 +0000 2014
TMJ-NET IT PM Jobs	(senior) Consultant Manufacturing Execution Systems (MES) - Accenture: (#Amsterdam) http://t.co/EaJFTsfT2U #Manufacturing #Job	Sun Oct 05 16:18:55 +0000 2014
P&G Jobs	#Manufacturing #Job alert: Technical Operator - Mec... | Procter &amp; Gamble | #Mechelen, Antwerp http://t.co/GfLfrvYBOo #VeteranJob	Sat Oct 18 10:19:42 +0000 2014
P&G Jobs	Manufacturing Process Engineer - Mechelen... - Procter &amp; Gamble: ( #Mechelen , Antwerp) http://t.co/RZGfiCH72K #Manufacturing #Job	Tue Mar 11 16:47:52 +0000 2014
JobsDirectUSA.com	#manufacturing Manufacturing-Assembly College Co-Op Program - Kohler Co. -  Hattiesburg, MS  http://t.co/ZmvdsYk6ku	Wed Mar 19 09:59:38 +0000 2014
TMJ-NET IT PM Jobs	#ProjectMgmt #Job alert: (senior) Consultant Manufacturing Execution Systems ... | Accenture | #Amsterdam http://t.co/kOszmPLVE8	Fri Feb 28 07:30:41 +0000 2014
TMJ-NET IT PM Jobs	(senior) Consultant Manufacturing Execution Sy... - Accenture Netherlands: ( #Amsterdam ) http://t.co/kOszmPLVE8 #ProjectMgmt #Job	Fri Apr 18 07:10:47 +0000 2014
P&G Jobs	#Manufacturing #Job in #Mechelen, Antwerp: Technical Operator - Mechelen at Procter &amp; Gamble http://t.co/GfLfrwgL2w #VeteranJob	Sun Jul 27 02:46:25 +0000 2014
TMJ-NET IT Jobs	Accenture: (senior) Consultant Manufacturing Execution Systems (MES) (#Amsterdam) http://t.co/y19R6psLYy #Manufacturing #Job #Jobs	Thu Aug 21 10:28:02 +0000 2014
P&G Jobs	#Manufacturing #Job alert: Technical Operator - Mec... | Procter &amp; Gamble | #Mechelen, Antwerp http://t.co/GfLfrwPpcA #VeteranJob	Sun Dec 21 04:51:47 +0000 2014
P&G Jobs	#Mechelen , Antwerp #Manufacturing #Job: Technieker Elektrisch &amp; Instrumentatie at Procter &amp; Gamble http://t.co/x83MJpZeL4 #Jobs	Fri Mar 21 15:28:34 +0000 2014
TMJ-NET IT PM Jobs	Accenture: (senior) Consultant Manufacturing Execution Systems (MES) ( #Amsterdam ) http://t.co/kOszmPLVE8 #ProjectMgmt #Job #Jobs	Fri Apr 11 07:10:48 +0000 2014
P&G Jobs	Procter &amp; Gamble #Manufacturing #Job: Technieker Elektrisch &amp; Instrum... ( #Mechelen , Antwerp) http://t.co/fvGzT2axcv #VeteranJob	Tue Jun 10 17:36:22 +0000 2014
P&G Jobs	Procter &amp; Gamble: Technical Operator - Mechelen (#Mechelen, Antwerp) http://t.co/GfLfrvYBOo #Manufacturing #VeteranJob #Job #Jobs	Sun Oct 05 17:31:02 +0000 2014
P&G Jobs	#Manufacturing #Job in #Mechelen, Antwerp: Technical Operator - Mechelen at Procter &amp; Gamble http://t.co/GfLfrwPpcA #VeteranJob	Mon Dec 08 17:56:49 +0000 2014
P&G Jobs	Procter &amp; Gamble: Productie Operator Mechelen ( #Mechelen , Antwerp) http://t.co/rDvXTtu2Pt #Manufacturing #Job #Jobs #TweetMyJobs	Mon Jan 06 07:27:22 +0000 2014
TMJ-NET IT PM Jobs	Accenture #ProjectMgmt #Job: (senior) Consultant Manufacturing Execution Systems (MES) ( #Amsterdam ) http://t.co/kOszmPLVE8	Fri Apr 04 07:10:51 +0000 2014
P&G Jobs	#Mechelen, Antwerp #Manufacturing #Job: Technical Operator - Mechelen at Procter &amp; Gamble http://t.co/GfLfrwPpcA #VeteranJob #Jobs	Sat Dec 27 10:10:27 +0000 2014
P&G Jobs	Procter &amp; Gamble: Manufacturing Process Engineer - Mechelen P... ( #Mechelen , Antwerp) http://t.co/qi7PXEMda1 #Manufacturing #Job	Tue Jan 14 08:27:43 +0000 2014
TMJ-NET IT PM Jobs	#Manufacturing #Job alert: (senior) Consultant Manufacturing Execution System... | Accenture | #Amsterdam http://t.co/kOszmPLVE8	Tue Jul 08 12:01:15 +0000 2014
TMJ-NET IT PM Jobs	#Manufacturing #Job alert: (senior) Consultant Manufacturing Execution System... | Accenture | #Amsterdam http://t.co/kOszmPLVE8	Mon Jul 14 10:46:46 +0000 2014
P&G Jobs	#Manufacturing #Job alert: Technical Operator - Mec... | Procter &amp; Gamble | #Mechelen, Antwerp http://t.co/GfLfrvYBOo #VeteranJob	Thu Aug 28 11:18:38 +0000 2014
P&G Jobs	Procter &amp; Gamble: Productie Operator Mechelen ( #Mechelen , Antwerp) http://t.co/rDvXTtu2Pt #Manufacturing #Job #Jobs #TweetMyJobs	Mon Feb 03 07:27:35 +0000 2014
TMJ-NET IT PM Jobs	#Amsterdam #Manufacturing #Job: (senior) Consultant Manufacturing Execution Systems (MES) at Accenture http://t.co/EaJFTsfT2U	Tue Sep 30 07:05:26 +0000 2014
TMJ-NET IT PM Jobs	#ProjectMgmt #Job in #Amsterdam (senior) Consultant Manufacturing Execution Systems (MES) at Accenture http://t.co/kOszmPLVE8	Fri Mar 21 07:10:51 +0000 2014
P&G Jobs	#Manufacturing #Job in #Mechelen , Antwerp: Technieker Elektrisch &amp; Instrumentatie at Procter &amp; Gamble http://t.co/x83MJpH5wW	Wed Jan 08 07:07:46 +0000 2014
P&G Jobs	Procter &amp; Gamble: Productie Operator Mechelen ( #Mechelen , Antwerp) http://t.co/rDvXTtu2Pt #Manufacturing #Job #Jobs #TweetMyJobs	Mon Jan 20 07:27:29 +0000 2014
P&G Jobs	Manufacturing Process Engineer... - Procter &amp; Gamble: ( #Mechelen , Antwerp) http://t.co/RZGfiCH72K #Manufacturing #VeteranJob #Job	Tue Apr 01 21:07:50 +0000 2014
P&G Jobs	#Mechelen , Antwerp #Manufacturing #Job: Technieker Elektrisch &amp; Instrum... at Procter &amp; Gamble http://t.co/x83MJpZeL4 #VeteranJob	Sat May 03 15:29:17 +0000 2014
TMJ-NET IT PM Jobs	(senior) Consultant Manufacturing Execution Sy... - Accenture Netherlands: ( #Amsterdam ) http://t.co/kOszmPLVE8 #ProjectMgmt #Job	Fri May 23 07:10:53 +0000 2014
P&G Jobs	Procter &amp; Gamble #Manufacturing #Job: Technical Operator - Mechelen (#Mechelen, Antwerp) http://t.co/GfLfrwgL2w #VeteranJob #Jobs	Mon Jul 14 13:22:48 +0000 2014
P&G Jobs	Procter &amp; Gamble: Technical Operator - Mechelen (#Mechelen, Antwerp) http://t.co/GfLfrwPpcA #Manufacturing #VeteranJob #Job #Jobs	Tue Dec 02 11:06:03 +0000 2014
P&G Jobs	Procter &amp; Gamble #Manufacturing #Job: Technieker Elektrisch &amp; Instrum... ( #Mechelen , Antwerp) http://t.co/x83MJpZeL4 #VeteranJob	Sat Apr 12 15:28:54 +0000 2014
TMJ-NET IT Jobs	(senior) Consultant Manufacturing Execution Sy... - Accenture Netherlands: ( #Amsterdam ) http://t.co/y19R6psLYy #ProjectMgmt #Job	Fri Jun 20 12:38:26 +0000 2014
P&G Jobs	#Mechelen, Antwerp #Manufacturing #Job: Technical Operator - Mechelen at Procter &amp; Gamble http://t.co/GfLfrwgL2w #VeteranJob #Jobs	Sat Aug 09 02:50:35 +0000 2014
P&G Jobs	#Manufacturing #Job alert: Technical Operator - Mec... | Procter &amp; Gamble | #Mechelen, Antwerp http://t.co/GfLfrvYBOo #VeteranJob	Sun Oct 12 01:01:13 +0000 2014
TMJ-NET IT PM Jobs	#ProjectMgmt #Job in #Amsterdam (senior) Consultant Manufacturing Execution Sy... at Accenture Netherlands http://t.co/kOszmPLVE8	Fri Apr 25 07:10:52 +0000 2014
P&G Jobs	Technieker Elektrisch &amp; Instrume... - Procter &amp; Gamble: (#Mechelen, Antwerp) http://t.co/fvGzT2axcv #Manufacturing #VeteranJob #Job	Fri Aug 08 15:32:30 +0000 2014
TMJ-NET IT Jobs	Accenture: (senior) Consultant Manufacturing Execution Systems (MES) (#Amsterdam) http://t.co/y19R6paCKq #Manufacturing #Job #Jobs	Tue Oct 21 14:08:34 +0000 2014
P&G Jobs	Technieker Elektrisch &amp; Instru... - Procter &amp; Gamble: ( #Mechelen , Antwerp) http://t.co/x83MJpZeL4 #Manufacturing #VeteranJob #Job	Fri Apr 04 15:28:23 +0000 2014
TMJ-NET IT PM Jobs	Accenture Netherlands #ProjectMgmt #Job: (senior) Consultant Manufacturing Execution Sys... ( #Amsterdam ) http://t.co/kOszmPLVE8	Fri May 09 07:10:50 +0000 2014
P&G Jobs	Procter &amp; Gamble: Technieker Elektrisch &amp; Instrume... ( #Mechelen , Antwerp) http://t.co/fvGzT2axcv #Manufacturing #VeteranJob #Job	Tue Jun 17 00:43:06 +0000 2014
P&G Jobs	Technieker Elektrisch &amp; Instrume... - Procter &amp; Gamble: (#Mechelen, Antwerp) http://t.co/fvGzT2axcv #Manufacturing #VeteranJob #Job	Sun Jun 29 14:26:50 +0000 2014
TMJ-NET IT PM Jobs	(senior) Consultant Manufacturing Execution Systems (MES) - Accenture: (#Amsterdam) http://t.co/kOszmPLVE8 #Manufacturing #Job	Sat Jul 26 07:05:39 +0000 2014
TMJ-NET IT PM Jobs	Accenture: (senior) Consultant Manufacturing Execution Systems (MES) (#Amsterdam) http://t.co/EaJFTsfT2U #Manufacturing #Job #Jobs	Wed Oct 29 10:01:42 +0000 2014
P&G Jobs	#Manufacturing #Job in #Mechelen , Antwerp: Technieker Elektrisch &amp; Inst... at Procter &amp; Gamble http://t.co/fvGzT2axcv #VeteranJob	Mon Jun 23 06:26:03 +0000 2014
P&G Jobs	#Manufacturing #Job alert: Technical Operator - Mec... | Procter &amp; Gamble | #Mechelen, Antwerp http://t.co/GfLfrvYBOo #VeteranJob	Wed Sep 03 19:41:30 +0000 2014
TMJ-NET IT PM Jobs	#Manufacturing #Job in #Amsterdam: (senior) Consultant Manufacturing Execution Systems (MES) at Accenture http://t.co/EaJFTsfT2U	Sat Sep 06 13:14:27 +0000 2014
TMJ-NET IT Jobs	Accenture #Manufacturing #Job: (senior) Consultant Manufacturing Execution Systems (MES) (#Amsterdam) http://t.co/y19R6paCKq	Sat Sep 20 15:04:05 +0000 2014
TMJ-NET IT Jobs	#Amsterdam #Manufacturing #Job: (senior) Consultant Manufacturing Execution Systems (MES) at Accenture http://t.co/y19R6paCKq	Wed Oct 15 13:52:10 +0000 2014
TMJ-NET IT PM Jobs	#Amsterdam #ProjectMgmt #Job: (senior) Consultant Manufacturing Execution Systems (MES) at Accenture http://t.co/kOszmPLVE8 #Jobs	Fri Mar 07 07:30:42 +0000 2014
P&G Jobs	#Mechelen , Antwerp #Manufacturing #Job: Technieker Elektrisch &amp; Instrum... at Procter &amp; Gamble http://t.co/x83MJpZeL4 #VeteranJob	Fri Apr 18 17:08:38 +0000 2014
TMJ-NET IT PM Jobs	Accenture #Manufacturing #Job: (senior) Consultant Manufacturing Execution Systems (MES) (#Amsterdam) http://t.co/kOszmPLVE8	Fri Aug 01 08:19:43 +0000 2014
TMJ-NET IT PM Jobs	#Manufacturing #Job alert: (senior) Consultant Manufacturing Execution System... | Accenture | #Amsterdam http://t.co/EaJFTsfT2U	Mon Aug 25 09:36:41 +0000 2014
TMJ-NET IT Jobs	Accenture: (senior) Consultant Manufacturing Execution Systems (MES) (#Amsterdam) http://t.co/y19R6paCKq #Manufacturing #Job #Jobs	Thu Oct 09 13:26:04 +0000 2014
TMJ-NET IT PM Jobs	#Amsterdam #Manufacturing #Job: (senior) Consultant Manufacturing Execution Systems (MES) at Accenture http://t.co/EaJFTsfT2U	Wed Sep 17 16:56:36 +0000 2014
TMJ-NET IT Jobs	#Amsterdam #Manufacturing #Job: (senior) Consultant Manufacturing Execution Systems (MES) at Accenture http://t.co/y19R6paCKq	Mon Oct 27 14:57:15 +0000 2014
P&G Jobs	Manufacturing Process Engineer - Mechelen... - Procter &amp; Gamble: ( #Mechelen , Antwerp) http://t.co/qi7PXEMda1 #Manufacturing #Job	Tue Feb 18 17:46:50 +0000 2014
TMJ-NET IT PM Jobs	Accenture Netherlands: (senior) Consultant Manufacturing Execution Syst... ( #Amsterdam ) http://t.co/kOszmPLVE8 #ProjectMgmt #Job	Fri May 02 07:10:53 +0000 2014
P&G Jobs	#Mechelen, Antwerp #Manufacturing #Job: Technical Operator - Mechelen at Procter &amp; Gamble http://t.co/GfLfrvYBOo #VeteranJob #Jobs	Mon Sep 22 15:50:29 +0000 2014
TMJ-NET IT PM Jobs	#Manufacturing #Job alert: (senior) Consultant Manufacturing Execution System... | Accenture | #Amsterdam http://t.co/EaJFTsfT2U	Tue Sep 23 14:15:35 +0000 2014
TMJ-NET IT Jobs	#Manufacturing #Job in #Amsterdam: (senior) Consultant Manufacturing Execution Systems (MES) at Accenture http://t.co/y19R6psLYy	Tue Jul 15 16:53:31 +0000 2014
TMJ-NET IT Jobs	#Amsterdam #Manufacturing #Job: (senior) Consultant Manufacturing Execution Systems (MES) at Accenture http://t.co/y19R6psLYy	Sun Aug 03 07:47:53 +0000 2014
TMJ-NET IT Jobs	#Manufacturing #Job alert: (senior) Consultant Manufacturing Execution System... | Accenture | #Amsterdam http://t.co/y19R6psLYy	Sat Aug 09 09:25:27 +0000 2014
P&G Jobs	Procter &amp; Gamble #Manufacturing #Job: Technical Operator - Mechelen (#Mechelen, Antwerp) http://t.co/GfLfrvYBOo #VeteranJob #Jobs	Mon Sep 29 04:04:17 +0000 2014
TMJ-NET IT Jobs	#Amsterdam #Manufacturing #Job: (senior) Consultant Manufacturing Execution Systems (MES) at Accenture http://t.co/y19R6paCKq	Wed Aug 27 11:04:51 +0000 2014
TMJ-NET IT PM Jobs	#Manufacturing #Job alert: (senior) Consultant Manufacturing Execution System... | Accenture | #Amsterdam http://t.co/EaJFTsfT2U	Fri Sep 12 08:21:01 +0000 2014
TMJ-NET IT PM Jobs	#Amsterdam #Manufacturing #Job: (senior) Consultant Manufacturing Execution Systems (MES) at Accenture http://t.co/EaJFTsfT2U	Sat Oct 11 14:26:01 +0000 2014
P&G Jobs	Manufacturing Process Engineer - Mechelen... - Procter &amp; Gamble: ( #Mechelen , Antwerp) http://t.co/RZGfiCH72K #Manufacturing #Job	Tue Feb 25 17:47:35 +0000 2014
JobsDirectUSA.com	#manufacturing Manufacturing Engineering Co-op - Nova Biomedical Corporation -  Billerica, MA  http://t.co/ZmvdsYk6ku	Thu Apr 10 07:41:21 +0000 2014
P&G Jobs	#Manufacturing #Job alert: Manufacturing Process Engineer - M... | Procter &amp; Gamble | #Mechelen , Antwerp http://t.co/qi7PXEMda1	Tue Feb 11 18:07:24 +0000 2014
P&G Jobs	Technical Operator - Mechelen - Procter &amp; Gamble: (#Mechelen, Antwerp) http://t.co/GfLfrwgL2w #Manufacturing #VeteranJob #Job #Jobs	Fri Aug 15 13:30:50 +0000 2014
P&G Jobs	#Manufacturing #Job alert: Technieker Elektrisch &amp; Instrument... | Procter &amp; Gamble | #Mechelen , Antwerp http://t.co/x83MJpH5wW	Wed Jan 22 07:07:43 +0000 2014
P&G Jobs	Procter &amp; Gamble: Technieker Elektrisch &amp; Instrumentatie ( #Mechelen , Antwerp) http://t.co/x83MJpZeL4 #Manufacturing #Job #Jobs	Fri Feb 21 16:27:54 +0000 2014
TMJ-NET IT PM Jobs	#ProjectMgmt #Job in #Amsterdam (senior) Consultant Manufacturing Execution Sy... at Accenture Netherlands http://t.co/kOszmPLVE8	Fri May 16 07:11:00 +0000 2014
TMJ-NET IT Jobs	(senior) Consultant Manufacturing Execution Systems (MES) - Accenture: (#Amsterdam) http://t.co/y19R6psLYy #Manufacturing #Job	Mon Jul 28 07:05:32 +0000 2014
P&G Jobs	#Manufacturing #Job alert: Technical Operator - Mec... | Procter &amp; Gamble | #Mechelen, Antwerp http://t.co/GfLfrvYBOo #VeteranJob	Wed Sep 10 03:05:00 +0000 2014
TMJ-NET IT PM Jobs	(senior) Consultant Manufacturing Execution Systems (MES) - Accenture: (#Amsterdam) http://t.co/EaJFTsfT2U #Manufacturing #Job	Sun Aug 31 14:28:54 +0000 2014
TMJ-NET IT Jobs	#Manufacturing #Job alert: (senior) Consultant Manufacturing Execution System... | Accenture | #Amsterdam http://t.co/y19R6paCKq	Mon Sep 08 15:19:12 +0000 2014
TMJ-NET IT PM Jobs	#Manufacturing #Job alert: (senior) Consultant Manufacturing Execution System... | Accenture | #Amsterdam http://t.co/EaJFTsfT2U	Fri Oct 17 12:58:05 +0000 2014
P&G Jobs	#Manufacturing #Job alert: Technieker Elektrisch &amp; Instrument... | Procter &amp; Gamble | #Mechelen , Antwerp http://t.co/x83MJpH5wW	Wed Jan 01 07:07:20 +0000 2014
P&G Jobs	Procter &amp; Gamble #Manufacturing #Job: Technieker Elektrisch &amp; Instrum... ( #Mechelen , Antwerp) http://t.co/x83MJpZeL4 #VeteranJob	Sat May 24 15:29:34 +0000 2014
TMJ-NET IT Jobs	#Amsterdam #Manufacturing #Job: (senior) Consultant Manufacturing Execution Systems (MES) at Accenture http://t.co/y19R6paCKq	Fri Oct 03 12:47:06 +0000 2014
P&G Jobs	Procter &amp; Gamble #Manufacturing #Job: Technical Operator - Mechelen (#Mechelen, Antwerp) http://t.co/GfLfrwPpcA #VeteranJob #Jobs	Wed Nov 19 05:33:50 +0000 2014
P&G Jobs	Procter &amp; Gamble: Manufacturing Process Engineer - Mechelen P... ( #Mechelen , Antwerp) http://t.co/qi7PXEMda1 #Manufacturing #Job	Tue Jan 28 08:27:36 +0000 2014
P&G Jobs	#Manufacturing #Job in #Mechelen , Antwerp: Manufacturing Process Engineer - Mechel... at Procter &amp; Gamble http://t.co/RZGfiCH72K	Tue Mar 18 16:47:13 +0000 2014
TMJ-NET IT PM Jobs	#Amsterdam #ProjectMgmt #Job: (senior) Consultant Manufacturing Execution Syst... at Accenture Netherlands http://t.co/kOszmPLVE8	Sat Jun 14 13:07:44 +0000 2014
P&G Jobs	Procter &amp; Gamble: Technical Operator - Mechelen (#Mechelen, Antwerp) http://t.co/GfLfrwgL2w #Manufacturing #VeteranJob #Job #Jobs	Sat Aug 02 12:33:44 +0000 2014
P&G Jobs	#Manufacturing #Job alert: Technical Operator - Mec... | Procter &amp; Gamble | #Mechelen, Antwerp http://t.co/GfLfrwPpcA #VeteranJob	Tue Nov 25 12:01:18 +0000 2014
TMJ-NET IT PM Jobs	Accenture #Manufacturing #Job: (senior) Consultant Manufacturing Execution Systems (MES) (#Amsterdam) http://t.co/EaJFTsfT2U	Thu Oct 23 11:54:37 +0000 2014
Accenture in BeLux	1st Line Helpdesk Operator - Accenture: (#Brussels) http://t.co/WOMknK8Rxw #Manufacturing #Job #Jobs #TweetMyJobs	Tue Dec 30 13:37:43 +0000 2014
P&G Jobs	#Manufacturing #Job alert: Technieker Elektrisch &amp; Instrument... | Procter &amp; Gamble | #Mechelen , Antwerp http://t.co/x83MJpH5wW	Wed Jan 15 07:07:55 +0000 2014
P&G Jobs	Technieker Elektrisch &amp; Instrumentatie - Procter &amp; Gamble: ( #Mechelen , Antwerp) http://t.co/x83MJpH5wW #Manufacturing #Job #Jobs	Wed Jan 29 07:07:37 +0000 2014
P&G Jobs	Procter &amp; Gamble #Manufacturing #Job: Technieker Elektrisch &amp; Instrumentatie ( #Mechelen , Antwerp) http://t.co/x83MJpZeL4 #Jobs	Fri Mar 07 16:27:42 +0000 2014
P&G Jobs	Procter &amp; Gamble: Technieker Elektrisch &amp; Instrument... (#Mechelen, Antwerp) http://t.co/fvGzT2axcv #Manufacturing #VeteranJob #Job	Sat Aug 02 03:25:42 +0000 2014
