TheJobTweets_NL_eCom	Stage: marktonderzoek online marketing (SEO) Duitsland - AdsVentures Internet Media -  Utrecht: Li... http://t.co/DB9mg6jKBq #jobs #werk	Fri Jan 17 11:22:44 +0000 2014
P&G Jobs	#Marketing #Job in #Rotterdam, South Holland: HBO Brand Management inter... at Procter &amp; Gamble http://t.co/uqJnY9Y614 #VeteranJob	Sat Oct 04 17:03:43 +0000 2014
TMJ-BEL Mgmt. Jobs	Digital &amp; Marketing Analytics Consultant - Accenture: (#Brussels) http://t.co/XeikoO42Uz #BusinessMgmt #Job #Jobs #TweetMyJobs	Thu Nov 20 14:37:03 +0000 2014
P&G Jobs	Procter &amp; Gamble #Marketing #Job: MKT - Marketing Assistant Brand Manager Co-op - US ( #Cincinnati , OH) http://t.co/EGWbrOfPOG	Sat Mar 01 21:08:01 +0000 2014
TheJobTweets_NL_eCom	Online Marketing Consultant SEA - Shop2market -  Hilversum: online SEA marketeer? Heb jij de ambit... http://t.co/M5MQvs2lTR #jobs #werk	Mon Mar 03 12:47:09 +0000 2014
TMJ-BEL Mgmt. Jobs	Accenture: Digital &amp; Marketing Analytics Consultant (#Brussels) http://t.co/XeikoO42Uz #BusinessMgmt #Job #Jobs #TweetMyJobs	Fri Dec 12 11:21:45 +0000 2014
P&G Jobs	#Marketing #Job in #Rotterdam, South Holland: HBO Brand Management inter... at Procter &amp; Gamble http://t.co/10uP1rtswg #VeteranJob	Sat Dec 13 21:34:44 +0000 2014
TMJ-NET IT Jobs	#IT #Job alert: Afstudeerstage - Oracle CX Eloqua Marketing Cloud | Accenture Netherlands | #Almere http://t.co/Uc6Q2mJnwC #Jobs	Thu Apr 24 07:10:46 +0000 2014
Brussels DataScience	Join our meetup tonight &amp; forward this invite to a #marketing pro - please RT. http://t.co/oiEBhXKhxB	Thu Oct 16 05:12:02 +0000 2014
TheJobTweets_NL_eCom	Online Marketing Consultant SEA - Shop2market -  Hilversum: online SEA marketeer? Heb jij de ambit... http://t.co/ifrKzUYVSI #jobs #werk	Thu Jan 09 21:28:40 +0000 2014
P&G Jobs	MKT - Marketing Assistant Brand Manager Co-op - US - Procter &amp; Gamble: ( #Cincinnati , OH) http://t.co/EGWbrNXGAy #Marketing #Job	Mon Feb 03 18:27:27 +0000 2014
TMJ-NET IT Jobs	#IT #Job alert: Afstudeerstage - Oracle CX Eloqua Marketing Cloud | Accenture Netherlands | #Almere http://t.co/SuGdcqzBY2 #Jobs	Tue Jul 01 08:08:23 +0000 2014
P&G Jobs	#Rotterdam, South Holland #Marketing #Job: HBO Brand Management internsh... at Procter &amp; Gamble http://t.co/uqJnY9Y614 #VeteranJob	Fri Oct 17 10:19:27 +0000 2014
TMJ-BEL Mgmt. Jobs	#BusinessMgmt #Job alert: Digital &amp; Marketing Analytics Consultant | Accenture | #Brussels http://t.co/XeikoO42Uz #Jobs	Mon Dec 29 10:43:59 +0000 2014
TheJobTweets_NL_eCom	Online Marketing Consultant SEA - Shop2market -  Hilversum: online SEA marketeer? Heb jij de ambit... http://t.co/plpQJtldWa #jobs #werk	Wed Feb 12 10:41:27 +0000 2014
TheJobTweets_NL_eCom	Senior SEO Marketeer - TravelBird -  Amsterdam: en heb je kennis van SEO marketing? Heb jij het...... http://t.co/RWQFaxPNnp #jobs #werk	Tue Mar 25 17:55:26 +0000 2014
TMJ-NET IT Jobs	#Almere #IT #Job: Afstudeerstage - Oracle CX Eloqua Marketing Cloud at Accenture Netherlands http://t.co/SuGdcqzBY2 #Jobs	Thu May 15 07:20:44 +0000 2014
TMJ-NET IT Jobs	#IT #Job in #Almere Afstudeerstage - Oracle CX Eloqua Marketing Cloud at Accenture Netherlands http://t.co/SuGdcqzBY2 #Jobs	Thu May 22 07:10:54 +0000 2014
P&G Jobs	Procter &amp; Gamble #Marketing #Job: HBO Brand Management internshi... (#Rotterdam, South Holland) http://t.co/ZQy26lRT3W #VeteranJob	Wed Aug 20 23:05:43 +0000 2014
TMJ-NET Cleric. Jobs	#Clerical #Job in #Amsterdam Administrative Assistant to SVP Marketing Director-Europe ... at Brown-Forman http://t.co/tsZd4KqVQJ	Tue Feb 04 07:00:39 +0000 2014
TheJobTweets_NL_eCom	SEO Marketeer - Travelbird -  Amsterdam: en heb je kennis van SEO marketing? Heb jij het... SEO ma... http://t.co/QjMDf11If0 #jobs #werk	Thu Mar 20 12:03:03 +0000 2014
Brussels DataScience	Thank you Frank vanden Berghe for sharing your experience with us about #datascience #marketing http://t.co/bqxweWwKlL	Fri Oct 17 07:06:12 +0000 2014
P&G Jobs	#Marketing #Job in #Rotterdam, South Holland: HBO Brand Management inter... at Procter &amp; Gamble http://t.co/uqJnY9Y614 #VeteranJob	Tue Nov 11 19:02:37 +0000 2014
TheJobTweets_NL_eCom	Online Marketing Consultant SEA - Shop2market -  Hilversum: online SEA marketeer? Heb jij de ambit... http://t.co/YOG6ifxSCt #jobs #werk	Tue Feb 18 17:21:25 +0000 2014
P&G Jobs	Procter &amp; Gamble #Marketing #Job: HBO Brand Management internshi... (#Rotterdam, South Holland) http://t.co/uqJnY9Y614 #VeteranJob	Wed Aug 27 07:51:08 +0000 2014
Brussels DataScience	You are invited at the VUB for #datascience &amp; #marketing lectures http://t.co/iq7nlyfKBc - please retweet - #leanb2b http://t.co/W3TRRi3s2v	Tue Oct 14 06:14:19 +0000 2014
P&G Jobs	#Cincinnati , OH #Marketing #Job: MKT - Marketing Assistant Brand Manager Co-op - US at Procter &amp; Gamble http://t.co/EGWbrNXGAy	Mon Feb 10 18:47:40 +0000 2014
TheJobTweets_NL_eCom	Ervaren SEO Consultants - Searchresult -  Den Bosch: doen we met behulp van zoekmachine marketing ... http://t.co/871K3bs9d8 #jobs #werk	Tue Apr 08 10:11:06 +0000 2014
TMJ-NET IT Jobs	Accenture Netherlands #IT #Job: Afstudeerstage - Oracle CX Eloqua Marketing Cloud ( #Almere ) http://t.co/SuGdcqzBY2 #Jobs	Thu May 08 07:10:55 +0000 2014
Brussels DataScience	#leanB2B Join us on Thur @VUB for a #marketing &amp; #datascience event. Best networking opportunity ! http://t.co/iq7nlyfKBc ~ please retweet	Mon Oct 13 05:05:10 +0000 2014
P&G Jobs	#Marketing #Job in #Rotterdam, South Holland: HBO Brand Management inter... at Procter &amp; Gamble http://t.co/GVbCKJWQqo #VeteranJob	Sun Nov 30 22:35:54 +0000 2014
TMJ-NET Cleric. Jobs	Administrative Assistant to SVP Marketing Director-Europe ... - Brown-Forman: ( #Amsterdam ) http://t.co/tsZd4KqVQJ #Clerical #Job	Tue Jan 07 07:00:40 +0000 2014
P&G Jobs	Procter &amp; Gamble: MKT - Marketing Assistant Brand Manager Co-op - US ( #Cincinnati , OH) http://t.co/EGWbrOfPOG #Marketing #Job	Wed Mar 19 20:08:01 +0000 2014
TMJ-NET IT Jobs	#Almere #IT #Job: Afstudeerstage - Oracle CX Eloqua Marketing Cloud at Accenture Netherlands http://t.co/SuGdcqzBY2 #Jobs	Thu Jun 05 14:31:56 +0000 2014
TMJ-NET IT Jobs	Accenture Netherlands #IT #Job: Afstudeerstage - Oracle CX Eloqua Marketing Cloud ( #Almere ) http://t.co/SuGdcqzBY2 #Jobs	Wed Jun 11 16:25:53 +0000 2014
TheJobTweets_NL_eCom	Online Marketing Consultant SEA - Shop2market -  Hilversum: online SEA marketeer? Heb jij de ambit... http://t.co/N5K4616d6m #jobs #werk	Mon Feb 24 11:06:22 +0000 2014
Brussels DataScience	#byo Join us on Thursday @  VUB for a #marketing &amp; #datascience event. Best networking opportunity ! http://t.co/iq7nlyfKBc ~ please retweet	Mon Oct 13 05:02:23 +0000 2014
Accenture in BeLux	Accenture: Digital &amp; Marketing Analytics Consultant (#Brussels) http://t.co/Uo5OCif6oe #BusinessMgmt #Job #Jobs #TweetMyJobs	Wed Dec 03 18:30:04 +0000 2014
Accenture in BeLux	#BusinessMgmt #Job in #Brussels: Digital &amp; Marketing Analytics Consultant at Accenture http://t.co/Uo5OCif6oe #Jobs #TweetMyJobs	Mon Dec 15 13:14:53 +0000 2014
TheJobTweets_NL_eCom	Junior SEO Webdeveloper - Grizzly New Marketing -  Breda: Als Junior Webdeveloper SEO ben je veran... http://t.co/udOsqNhZqr #jobs #werk	Fri Feb 07 18:35:02 +0000 2014
TMJ-NET Cleric. Jobs	#Clerical #Job alert: Administrative Assistant to SVP Marketing Director-E... | Brown-Forman | #Amsterdam http://t.co/tsZd4KqVQJ	Tue Feb 18 07:00:45 +0000 2014
VMware Jobs	Field Marketing Intern - VMware: ( #Utrecht ) http://t.co/axfWIx70rf #Marketing #Job #Jobs #TweetMyJobs	Sun Jun 22 00:53:04 +0000 2014
P&G Jobs	Procter &amp; Gamble: HBO Brand Management internship... (#Rotterdam, South Holland) http://t.co/uqJnY9Y614 #Marketing #VeteranJob #Job	Thu Oct 30 07:48:51 +0000 2014
TheJobTweets_NL_eCom	SEA Specialist - Solvari BV -  Nieuwegein: SEA specialist ter versterking van ons online marketing... http://t.co/GfL0scMzo4 #jobs #werk	Wed Mar 05 12:38:59 +0000 2014
Accenture in BeLux	Accenture: Digital &amp; Marketing Analytics Consultant (#Brussels) http://t.co/Uo5OCif6oe #BusinessMgmt #Job #Jobs #TweetMyJobs	Thu Nov 27 12:26:33 +0000 2014
TheJobTweets_NL_eCom	eCommerce Stagiair(e) Online Marketing &amp; Productbeheer - Amersfoort - eFocus -  Amersfoort: ShopSt... http://t.co/ROWY7MKAoy #jobs #werk	Thu Jan 16 09:13:30 +0000 2014
TMJ-NET Cleric. Jobs	Administrative Assistant to SVP Marketing Director-Europe ... - Brown-Forman: ( #Amsterdam ) http://t.co/tsZd4KJ54R #Clerical #Job	Tue Mar 04 07:00:45 +0000 2014
TheJobTweets_NL_eCom	Marketing Activation Manager Sports Style eCommerce (Western Europe) - adidas -  Amsterdam: Nether... http://t.co/YrEIoUHhat #jobs #werk	Fri Apr 04 01:45:42 +0000 2014
VMware Jobs	#TweetMyJobs #Marketing #Job alert: Field Marketing Intern | VMware | #Utrecht http://t.co/xcFMTEfMNr #Jobs	Wed Apr 16 15:28:18 +0000 2014
VMware Jobs	#TweetMyJobs #Marketing #Job alert: Field Marketing Intern | VMware | #Utrecht http://t.co/axfWIx70rf #Jobs	Mon Jul 07 17:02:04 +0000 2014
P&G Jobs	Procter &amp; Gamble: HBO Brand Management internship... (#Rotterdam, South Holland) http://t.co/10uP1rtswg #Marketing #VeteranJob #Job	Sun Dec 07 14:38:28 +0000 2014
P&G Jobs	#Rotterdam , South Holland #Marketing #Job: HBO Marketing stage Salon Professional ... at Procter &amp; Gamble http://t.co/6dlNRFy7Io	Mon Jan 13 08:27:30 +0000 2014
Accenture in BeLux	Digital &amp; Marketing Analytics Consultant - Accenture: (#Brussels) http://t.co/Uo5OCif6oe #BusinessMgmt #Job #Jobs #TweetMyJobs	Sat Nov 15 09:28:43 +0000 2014
P&G Jobs	#Marketing #Job in #Rotterdam, South Holland: HBO Brand Management inter... at Procter &amp; Gamble http://t.co/10uP1rtswg #VeteranJob	Mon Nov 24 10:28:17 +0000 2014
TheJobTweets_NL_eCom	Marketing Manager eCommerce EMEA, Amsterdam - Traffic Builders People -  Almere: Build and communi... http://t.co/dC1PbOLcjT #jobs #werk	Tue Jan 21 22:31:25 +0000 2014
TMJ-NET IT Jobs	Accenture Netherlands: Afstudeerstage - Oracle CX Eloqua Marketing Cloud ( #Almere ) http://t.co/SuGdcqzBY2 #IT #Job #Jobs	Thu May 01 07:10:49 +0000 2014
P&G Jobs	Procter &amp; Gamble #Marketing #Job: MKT - Marketing Assistant Brand Manager Co-op - US ( #Cincinnati , OH) http://t.co/EGWbrOfPOG	Sun Feb 23 21:27:51 +0000 2014
TheJobTweets_NL_eCom	Online Marketing Consultant SEA - Shop2market -  Hilversum: online SEA marketeer? Heb jij de ambit... http://t.co/YMNOQh0QZ0 #jobs #werk	Tue Apr 15 21:01:56 +0000 2014
TMJ-NET IT Jobs	Accenture Netherlands #IT #Job: Afstudeerstage - Oracle CX Eloqua Marketing Cloud ( #Almere ) http://t.co/SuGdcqzBY2 #Jobs	Thu Apr 17 16:30:54 +0000 2014
TMJ-NET IT Jobs	#IT #Job alert: Afstudeerstage - Oracle CX Eloqua Marketing Cloud | Accenture Netherlands | #Almere http://t.co/SuGdcqzBY2 #Jobs	Wed Jun 25 08:39:14 +0000 2014
P&G Jobs	Procter &amp; Gamble #Marketing #Job: HBO Brand Management internshi... (#Rotterdam, South Holland) http://t.co/uqJnY9Y614 #VeteranJob	Wed Nov 05 13:10:29 +0000 2014
P&G Jobs	#Rotterdam , South Holland #Marketing #Job: HBO Marketing stage Salon Professional ... at Procter &amp; Gamble http://t.co/6dlNRFy7Io	Mon Jan 06 08:27:28 +0000 2014
TheJobTweets_NL_eCom	SEO Account Manager - Grizzly New Marketing -  Breda: op ons kantoor in Breda, zodat je onze diens... http://t.co/Eu71jz1ZRk #jobs #werk	Wed Feb 19 12:37:37 +0000 2014
VMware Jobs	#Marketing #Job in #Utrecht Marketing Manager - Enterprise at VMware http://t.co/RWlPr6TNh8 #Jobs #TweetMyJobs	Wed Apr 09 15:06:48 +0000 2014
TheJobTweets_NL_eCom	Junior SEO Webdeveloper - Grizzly New Marketing -  Breda: SEO Webdeveloper bij Grizzly New Marketi... http://t.co/BeFFaOumRx #jobs #werk	Tue Apr 29 17:21:17 +0000 2014
P&G Jobs	Procter &amp; Gamble #Marketing #Job: HBO Brand Management internshi... (#Rotterdam, South Holland) http://t.co/ZQy26lRT3W #VeteranJob	Fri Aug 08 04:06:39 +0000 2014
P&G Jobs	#Marketing #Job in #Rotterdam, South Holland: HBO Brand Management inter... at Procter &amp; Gamble http://t.co/uqJnY9Y614 #VeteranJob	Tue Sep 02 19:40:39 +0000 2014
Brussels DataScience	#learb2b Join us on Thursday @  VUB for a #marketing &amp; #datascience event. Best networking opportunity of this week ! http://t.co/iq7nlyfKBc	Mon Oct 13 04:38:34 +0000 2014
TMJ-BEL Mgmt. Jobs	#Brussels #BusinessMgmt #Job: Digital &amp; Marketing Analytics Consultant at Accenture http://t.co/pJV5EOaWAW #Jobs #TweetMyJobs	Tue Oct 28 10:28:52 +0000 2014
VMware Jobs	#Marketing #Job in #Utrecht Marketing Manager - Enterprise at VMware http://t.co/RWlPr6TNh8 #Jobs #TweetMyJobs	Wed Apr 23 15:07:42 +0000 2014
Brussels DataScience	@bnox Clo sorry, I thought that #datascience and digital marketing had lots in common.	Sun Jun 29 09:19:46 +0000 2014
P&G Jobs	Procter &amp; Gamble: HBO Brand Management internship... (#Rotterdam, South Holland) http://t.co/uqJnY9Y614 #Marketing #VeteranJob #Job	Mon Sep 15 09:36:43 +0000 2014
TMJ-NET Cleric. Jobs	#Clerical #Job alert: Administrative Assistant to SVP Marketing Director-E... | Brown-Forman | #Amsterdam http://t.co/tsZd4KqVQJ	Tue Feb 11 07:00:43 +0000 2014
P&G Jobs	Procter &amp; Gamble #Marketing #Job: HBO Brand Management internshi... (#Rotterdam, South Holland) http://t.co/uqJnY9Y614 #VeteranJob	Sat Oct 11 00:51:04 +0000 2014
VMware Jobs	#Utrecht #Marketing #Job: Field Marketing Intern at VMware http://t.co/axfWIx70rf #Jobs #TweetMyJobs	Tue Jul 15 23:38:17 +0000 2014
Brussels DataScience	Woot woot already 115 participants #datascience #Marketing environment. Join us tomorrow at 18:30 a…http://t.co/EmHqS05Aqy	Wed Oct 15 12:41:26 +0000 2014
TheJobTweets_NL_eCom	Stage: online marketing SEO - Zisoo -  Rijsenhout: Teksten opstellen voor websites en social media... http://t.co/XwniFeKvrS #jobs #werk	Wed Mar 26 19:22:25 +0000 2014
TMJ-BEL Mgmt. Jobs	Accenture #BusinessMgmt #Job: Digital &amp; Marketing Analytics Consultant (#Brussels) http://t.co/XeikoO42Uz #Jobs #TweetMyJobs	Mon Dec 01 16:00:06 +0000 2014
TMJ-BEL Mgmt. Jobs	#Brussels #BusinessMgmt #Job: Digital &amp; Marketing Analytics Consultant at Accenture http://t.co/XeikoO42Uz #Jobs #TweetMyJobs	Wed Nov 26 09:03:51 +0000 2014
VMware Jobs	VMware: Marketing Manager - Enterprise ( #Utrecht ) http://t.co/RWlPr6TNh8 #Marketing #Job #Jobs #TweetMyJobs	Wed Apr 16 15:07:35 +0000 2014
VMware Jobs	Field Marketing Intern - VMware: (#Utrecht) http://t.co/axfWIx70rf #Marketing #Job #Jobs #TweetMyJobs	Wed Jul 23 18:27:26 +0000 2014
Accenture in BeLux	#Brussels #BusinessMgmt #Job: Digital &amp; Marketing Analytics Consultant at Accenture http://t.co/Uo5OCif6oe #Jobs #TweetMyJobs	Sat Dec 27 11:12:16 +0000 2014
TMJ-BEL Mgmt. Jobs	Accenture: Digital &amp; Marketing Analytics Consultant (#Brussels) http://t.co/XeikoO42Uz #BusinessMgmt #Job #Jobs #TweetMyJobs	Tue Dec 23 14:10:16 +0000 2014
TheJobTweets_NL_eCom	SEO Specialist - EASY Internet Marketing -  Den Bosch: Binnen het klantenteam ben je als SEO speci... http://t.co/Q2PzaaaZ23 #jobs #werk	Wed Mar 12 08:03:03 +0000 2014
TMJ-BEL Mgmt. Jobs	Accenture: Digital &amp; Marketing Analytics Consultant (#Brussels) http://t.co/XeikoO42Uz #BusinessMgmt #Job #Jobs #TweetMyJobs	Sat Nov 15 11:10:08 +0000 2014
VMware Jobs	#Utrecht #Marketing #Job: Field Marketing Intern at VMware http://t.co/xcFMTEfMNr #Jobs #TweetMyJobs	Wed Apr 09 15:47:36 +0000 2014
P&G Jobs	HBO Brand Management internsh... - Procter &amp; Gamble: (#Rotterdam, South Holland) http://t.co/ZQy26lRT3W #Marketing #VeteranJob #Job	Fri Aug 01 15:45:49 +0000 2014
P&G Jobs	HBO Brand Management internsh... - Procter &amp; Gamble: (#Rotterdam, South Holland) http://t.co/uqJnY9Y614 #Marketing #VeteranJob #Job	Sun Sep 28 02:51:26 +0000 2014
Brussels DataScience	Explosive #datacience #marketing meetup last night,120 experts joined to share, learn and have fun, thanks #leanB2B  http://t.co/cccs6M02u2	Fri Oct 17 06:55:57 +0000 2014
VMware Jobs	Field Marketing Intern - VMware: (#Utrecht) http://t.co/axfWIx70rf #Marketing #Job #Jobs #TweetMyJobs	Wed Jul 23 18:27:26 +0000 2014
P&G Jobs	#Marketing #Job alert: HBO Brand Management ... | Procter &amp; Gamble | #Rotterdam, South Holland http://t.co/uqJnY9Y614 #VeteranJob	Tue Sep 09 01:47:48 +0000 2014
TMJ-BEL Mgmt. Jobs	#BusinessMgmt #Job in #Brussels: Digital &amp; Marketing Analytics Consultant at Accenture http://t.co/XeikoO42Uz #Jobs #TweetMyJobs	Thu Dec 18 07:05:20 +0000 2014
TheJobTweets_NL_eCom	Online Marketing Consultant SEA - Shop2market -  Hilversum: online SEA marketeer? Heb jij de ambit... http://t.co/fafqgVsFJg #jobs #werk	Mon Mar 10 11:11:37 +0000 2014
TheJobTweets_NL_eCom	eCommerce Stagiair(e) Online Marketing &amp; Productbeheer - Amersfoort - eFocus -  Amersfoort: ShopSt... http://t.co/7Pc8DCbDq8 #jobs #werk	Wed Mar 19 15:30:40 +0000 2014
VMware Jobs	#Marketing #Job in #Utrecht Marketing Manager - Enterprise at VMware http://t.co/RWlPr6TNh8 #Jobs #TweetMyJobs	Wed Mar 26 15:07:04 +0000 2014
TheJobTweets_NL_eCom	Online marketing en SEO stage - Bridge Marketing -  Amsterdam: met onze SEO en online marketing we... http://t.co/k3SINzEzJG #jobs #werk	Thu Apr 03 15:08:38 +0000 2014
TheJobTweets_NL_eCom	Online Marketing Consultant SEA - Shop2market -  Hilversum: online SEA marketeer? Heb jij de ambit... http://t.co/R1aUvdWhq6 #jobs #werk	Thu Apr 03 18:37:09 +0000 2014
TheJobTweets_NL_eCom	eCommerce Stagiair(e) Online Marketing &amp; Productbeheer - Amersfoort - eFocus -  Amersfoort: ShopSt... http://t.co/6zRtcCCxUB #jobs #werk	Sat Apr 19 10:48:06 +0000 2014
P&G Jobs	#Rotterdam, South Holland #Marketing #Job: HBO Brand Management internsh... at Procter &amp; Gamble http://t.co/ZQy26lRT3W #VeteranJob	Thu Aug 14 13:27:27 +0000 2014
P&G Jobs	HBO Brand Management internsh... - Procter &amp; Gamble: (#Rotterdam, South Holland) http://t.co/GVbCKJ632c #Marketing #VeteranJob #Job	Sun Sep 21 15:37:31 +0000 2014
TMJ-BEL Mgmt. Jobs	Accenture: Digital &amp; Marketing Analytics Consultant (#Brussels) http://t.co/pJV5EOaWAW #BusinessMgmt #Job #Jobs #TweetMyJobs	Mon Nov 03 11:07:01 +0000 2014
TheJobTweets_NL_eCom	Marketing Executive / Web Developer - ReachLocal -  Amsterdam: all latest trends and best practice... http://t.co/J1mtHGOn6H #jobs #werk	Thu Jan 02 20:01:00 +0000 2014
P&G Jobs	Procter &amp; Gamble #Marketing #Job: MKT - Marketing Assistant Brand Manager Co-op - US ( #Cincinnati , OH) http://t.co/EGWbrNXGAy	Mon Feb 17 19:07:40 +0000 2014
Accenture in BeLux	Accenture #BusinessMgmt #Job: Digital &amp; Marketing Analytics Consultant (#Brussels) http://t.co/LDI1sPNi1d #Jobs #TweetMyJobs	Tue Oct 28 10:52:15 +0000 2014
Accenture in BeLux	Accenture #BusinessMgmt #Job: Digital &amp; Marketing Analytics Consultant (#Brussels) http://t.co/Uo5OCif6oe #Jobs #TweetMyJobs	Sun Dec 21 11:12:14 +0000 2014
TMJ-NET Cleric. Jobs	Administrative Assistant to SVP Marketing Director-Europe ... - Brown-Forman: ( #Amsterdam ) http://t.co/tsZd4KqVQJ #Clerical #Job	Tue Jan 28 07:00:39 +0000 2014
TheJobTweets_NL_eCom	Business Intelligence Analyst (eCommerce/Marketing) - Easytobook -  Amsterdam Binnenstad en Oostel... http://t.co/mCgvDXieqS #jobs #werk	Tue Mar 11 12:52:34 +0000 2014
Brussels DataScience	#betech Join us on Thursday @  VUB for a #marketing &amp; #datascience event. Best networking opportunity of this week ! http://t.co/iq7nlyfKBc	Sun Oct 12 20:45:16 +0000 2014
Accenture in BeLux	Accenture #BusinessMgmt #Job: Digital &amp; Marketing Analytics Consultant (#Brussels) http://t.co/Uo5OCif6oe #Jobs #TweetMyJobs	Fri Nov 21 09:11:53 +0000 2014
TMJ-NET Cleric. Jobs	#Clerical #Job alert: Administrative Assistant to SVP Marketing Director-E... | Brown-Forman | #Amsterdam http://t.co/tsZd4KqVQJ	Tue Jan 14 07:00:38 +0000 2014
Brussels DataScience	Explosive #datacience &amp; #marketing meetup last night,120 experts joined to share, learn and have fun, thanks #BeTech http://t.co/cccs6M02u2	Fri Oct 17 06:53:09 +0000 2014
JobsDirectUSA.com	#it #jobs Information Technology Co-op in Marketing - Imprivata -  Lexington, MA  http://t.co/EFjJx98UXA	Mon Jan 27 22:04:54 +0000 2014
TMJ-NET IT Jobs	Accenture Netherlands: Afstudeerstage - Oracle CX Eloqua Marketing Cloud ( #Almere ) http://t.co/SuGdcqzBY2 #IT #Job #Jobs	Fri May 30 12:08:38 +0000 2014
P&G Jobs	#Rotterdam, South Holland #Marketing #Job: HBO Brand Management internsh... at Procter &amp; Gamble http://t.co/GVbCKJ632c #VeteranJob	Thu Oct 23 21:19:21 +0000 2014
TMJ-BEL Mgmt. Jobs	Accenture #BusinessMgmt #Job: Digital &amp; Marketing Analytics Consultant (#Brussels) http://t.co/pJV5EOaWAW #Jobs #TweetMyJobs	Sun Nov 09 11:07:05 +0000 2014
TheJobTweets_NL_eCom	Senior SEA Marketeer - Travelbird -  Amsterdam: SEA marketing strategie te ontwikkelen! Daarom zoe... http://t.co/4d8acSTOKb #jobs #werk	Thu Mar 20 18:54:14 +0000 2014
VMware Jobs	Field Marketing Intern - VMware: (#Utrecht) http://t.co/axfWIx70rf #Marketing #Job #Jobs #TweetMyJobs	Sun Jun 29 21:46:13 +0000 2014
TMJ-BEL Mgmt. Jobs	Accenture #BusinessMgmt #Job: Digital &amp; Marketing Analytics Consultant (#Brussels) http://t.co/XeikoO42Uz #Jobs #TweetMyJobs	Sun Dec 07 12:33:57 +0000 2014
VMware Jobs	VMware: Field Marketing Intern ( #Utrecht ) http://t.co/xcFMTEfMNr #Marketing #Job #Jobs #TweetMyJobs	Wed Apr 02 15:27:26 +0000 2014
TheJobTweets_NL_eCom	Intern eCommerce Retention Marketing - adidas -  Amsterdam: marketing team for the eCommerce depar... http://t.co/u86WDwSD3O #jobs #werk	Thu Apr 03 01:03:52 +0000 2014
P&G Jobs	MKT - Marketing Assistant Brand Manager Co-op - US - Procter &amp; Gamble: ( #Cincinnati , OH) http://t.co/EGWbrOfPOG #Marketing #Job	Tue Mar 25 20:08:06 +0000 2014
Brussels DataScience	Email marketing is not dead with @tamaragielen in Ghent #BeTech http://t.co/bmmwYgOCYn	Wed May 21 19:02:55 +0000 2014
TMJ-NET IT Jobs	Accenture Netherlands #IT #Job: Afstudeerstage - Oracle CX Eloqua Marketing Cloud ( #Almere ) http://t.co/SuGdcqzBY2 #Jobs	Wed Jun 18 13:43:25 +0000 2014
TMJ-NET Cleric. Jobs	Brown-Forman: Administrative Assistant to SVP Marketing Director-Europe &amp; ... ( #Amsterdam ) http://t.co/tsZd4KJ54R #Clerical #Job	Fri Mar 07 07:00:39 +0000 2014
VMware Jobs	Marketing Manager - Enterprise - VMware: ( #Utrecht ) http://t.co/RWlPr6TNh8 #Marketing #Job #Jobs #TweetMyJobs	Wed Apr 02 15:06:56 +0000 2014
P&G Jobs	Procter &amp; Gamble: HBO Brand Management internship... (#Rotterdam, South Holland) http://t.co/10uP1rtswg #Marketing #VeteranJob #Job	Sat Dec 20 05:22:13 +0000 2014
VMware Jobs	VMware: Field Marketing Intern ( #Utrecht ) http://t.co/xcFMTEfMNr #Marketing #Job #Jobs #TweetMyJobs	Wed Apr 23 15:27:09 +0000 2014
Accenture in BeLux	#Brussels #BusinessMgmt #Job: Digital &amp; Marketing Analytics Consultant at Accenture http://t.co/LDI1sPNi1d #Jobs #TweetMyJobs	Mon Nov 03 10:35:36 +0000 2014
Accenture in BeLux	#BusinessMgmt #Job in #Brussels: Digital &amp; Marketing Analytics Consultant at Accenture http://t.co/Uo5OCif6oe #Jobs #TweetMyJobs	Tue Dec 09 16:28:34 +0000 2014
The Job Tweets ES	Agente comercial especializado en marketing y publicidad - Marca Global -  Gijón, Asturias: etc)... http://t.co/rWxN5wzYFk #jobs #empleo	Mon Mar 03 07:44:53 +0000 2014
P&G Jobs	#Marketing #Job in #Rotterdam, South Holland: HBO Brand Management inter... at Procter &amp; Gamble http://t.co/10uP1rtswg #VeteranJob	Fri Dec 26 12:34:14 +0000 2014
